transaction_id,customer_id,date,age,category,quantity,unit_price,discount,cost,marketing_spend,customer_satisfaction,region,delivery_time,inventory,returned,tenure_months,purchase_frequency,total_purchases,average_order_value,sales,profit,churn,segment
TX-10001,CUST-1654,2025-10-10,41,Electronics,1,1677.39,0.0,1187.19,935.63,4.0,East,3,166,0,32,4,41,1734.44,1677.39,462.67,0,High Value Customer
TX-10002,CUST-1142,2025-10-05,36,Fitness,3,263.92,0.0,121.23,1179.55,3.8,North,1,258,0,37,3,38,812.56,791.76,405.88,0,Regular Customer
TX-10003,CUST-1032,2025-08-29,37,Electronics,1,1001.56,0.0,603.81,5624.48,4.6,South,5,49,0,24,5,40,1023.44,1001.56,290.88,0,High Value Customer
TX-10004,CUST-1616,2025-08-27,34,Home & Kitchen,2,195.96,5.0,114.7,4778.33,5.0,South,4,227,0,20,4,31,410.1,372.32,53.25,0,Regular Customer
TX-10005,CUST-1718,2026-05-20,18,Grocery,2,27.01,15.0,18.98,6426.32,3.0,South,4,55,0,22,4,33,105.87,45.92,-106.44,1,At-Risk Customer
TX-10006,CUST-1284,2025-08-17,18,Furniture,4,739.31,15.0,426.28,5912.97,4.6,West,2,297,0,9,2,8,2535.54,2513.65,710.84,0,Regular Customer
TX-10007,CUST-1159,2025-12-02,20,Clothing,1,139.43,5.0,74.11,6166.63,4.9,North,2,80,0,13,3,15,206.01,132.46,-43.15,0,Regular Customer
TX-10008,CUST-1099,2026-02-13,51,Clothing,1,226.62,0.0,93.73,3703.31,4.2,East,3,373,0,23,4,34,303.19,226.62,63.84,0,Regular Customer
TX-10009,CUST-1747,2026-04-06,38,Home & Kitchen,5,325.27,25.0,153.76,2388.37,2.5,North,1,127,0,19,4,22,1277.82,1219.76,410.64,1,At-Risk Customer
TX-10010,CUST-1387,2025-09-23,39,Home & Kitchen,2,218.07,0.0,111.34,3272.41,5.0,East,4,339,0,12,5,23,497.89,436.14,146.37,0,Regular Customer
TX-10011,CUST-1633,2026-02-15,31,Home & Kitchen,3,122.5,5.0,66.42,1221.32,4.8,South,3,53,0,27,3,30,401.61,349.12,118.05,0,Regular Customer
TX-10012,CUST-1046,2026-07-18,24,Furniture,2,333.7,5.0,232.4,7971.9,4.7,East,3,174,0,26,8,67,701.15,634.03,36.15,0,High Value Customer
TX-10013,CUST-1238,2025-10-04,45,Grocery,15,32.92,5.0,28.61,2790.23,5.0,East,1,183,0,10,1,7,499.84,469.11,-6.39,0,Regular Customer
TX-10014,CUST-1373,2025-11-05,50,Clothing,2,187.21,10.0,77.06,5272.49,3.5,East,4,244,0,2,7,7,391.3,336.98,85.77,1,At-Risk Customer
TX-10015,CUST-1273,2026-08-08,35,Fitness,2,196.55,25.0,123.18,2980.63,4.3,North,6,202,0,38,5,63,338.51,294.83,-23.24,0,Loyal Customer
TX-10016,CUST-1175,2026-05-14,23,Fitness,1,182.33,15.0,92.82,1524.66,5.0,South,4,184,0,41,11,130,180.62,154.98,21.29,0,Loyal Customer
TX-10017,CUST-1388,2025-12-30,30,Fitness,1,300.73,10.0,167.97,728.75,4.2,South,2,278,0,15,3,16,315.34,270.66,82.76,0,Regular Customer
TX-10018,CUST-1786,2025-09-11,27,Furniture,2,289.38,0.0,200.8,3491.16,4.4,North,5,360,0,14,3,17,602.25,578.76,102.29,0,Regular Customer
TX-10019,CUST-1410,2025-12-29,34,Electronics,1,717.59,25.0,442.68,5287.03,4.8,South,6,83,0,22,5,36,563.84,538.19,-10.79,0,High Value Customer
TX-10020,CUST-1580,2026-01-22,43,Furniture,2,513.62,0.0,304.54,7618.59,4.6,West,3,408,0,26,5,44,1103.9,1027.24,290.38,0,High Value Customer
TX-10021,CUST-1658,2026-04-05,39,Furniture,2,991.0,0.0,629.71,6584.03,4.8,East,4,79,0,33,3,30,2004.34,1982.0,605.82,0,Regular Customer
TX-10022,CUST-1762,2026-05-28,19,Home & Kitchen,2,305.4,5.0,145.7,2455.21,5.0,East,6,128,0,19,6,35,659.69,580.26,225.03,0,Loyal Customer
TX-10023,CUST-1438,2026-06-08,18,Grocery,15,63.23,20.0,48.14,3717.46,3.1,East,4,375,0,29,4,36,802.11,758.76,-37.1,1,At-Risk Customer
TX-10024,CUST-1141,2026-05-01,33,Grocery,6,76.25,10.0,66.42,3863.34,3.6,North,1,393,0,5,7,13,485.01,411.75,-49.22,1,At-Risk Customer
TX-10025,CUST-1112,2025-10-31,26,Fitness,2,120.08,0.0,72.32,1130.8,3.8,South,2,448,0,22,4,26,312.98,240.16,69.56,0,Regular Customer
TX-10026,CUST-1432,2026-06-15,39,Electronics,2,1404.18,5.0,931.03,3334.91,4.0,West,1,33,0,29,2,20,2695.07,2667.94,751.36,0,Regular Customer
TX-10027,CUST-1479,2026-05-11,39,Clothing,8,192.86,5.0,90.0,2642.84,3.4,North,2,148,0,25,4,33,1545.31,1465.74,697.09,1,At-Risk Customer
TX-10028,CUST-1117,2026-07-29,37,Home & Kitchen,2,437.11,10.0,220.57,3909.06,3.5,East,5,158,0,41,4,54,844.01,786.8,264.52,1,At-Risk Customer
TX-10029,CUST-1348,2025-10-10,26,Clothing,2,129.33,0.0,54.41,7807.96,3.6,West,1,226,0,24,3,26,335.65,258.66,28.22,1,At-Risk Customer
TX-10030,CUST-1003,2025-12-26,44,Home & Kitchen,3,205.66,0.0,120.63,697.75,5.0,South,5,238,0,14,6,33,661.87,616.98,222.12,0,Regular Customer
TX-10031,CUST-1108,2026-06-30,34,Clothing,8,219.56,30.0,112.54,4665.74,4.1,South,2,92,0,27,2,19,1263.25,1229.54,250.23,0,Regular Customer
TX-10032,CUST-1780,2025-11-04,47,Home & Kitchen,2,180.43,10.0,76.27,6292.39,5.0,North,5,68,0,20,5,33,381.99,324.77,55.35,0,Loyal Customer
TX-10033,CUST-1500,2025-08-23,25,Electronics,1,515.92,10.0,310.9,3441.83,4.6,East,4,322,0,18,7,37,513.85,464.33,83.8,0,High Value Customer
TX-10034,CUST-1314,2025-12-14,32,Electronics,1,2161.06,10.0,1488.26,2301.09,2.8,South,4,374,0,8,7,18,1981.67,1944.95,404.18,1,At-Risk Customer
TX-10035,CUST-1080,2025-09-26,34,Fitness,1,155.55,10.0,81.33,794.84,3.3,West,4,253,0,34,3,33,208.37,140.0,28.74,1,At-Risk Customer
TX-10036,CUST-1778,2026-05-13,27,Furniture,1,369.82,10.0,212.31,3266.85,4.6,South,5,28,0,17,2,16,383.54,332.84,49.03,0,Regular Customer
TX-10037,CUST-1562,2025-11-06,25,Clothing,1,125.67,5.0,57.37,3329.63,4.2,West,2,314,0,7,3,15,169.29,119.39,3.07,0,Regular Customer
TX-10038,CUST-1552,2026-08-02,36,Furniture,1,766.18,0.0,497.32,2628.32,3.4,East,5,240,0,4,4,9,795.35,766.18,206.94,1,At-Risk Customer
TX-10039,CUST-1687,2026-07-12,28,Clothing,1,66.98,20.0,27.26,1101.75,3.7,West,1,50,0,28,4,38,89.06,53.58,5.3,0,Regular Customer
TX-10040,CUST-1462,2025-10-14,41,Furniture,2,1125.84,5.0,688.29,6271.2,3.3,South,2,289,1,7,5,14,2178.33,2139.1,-44.0,1,At-Risk Customer
TX-10041,CUST-1021,2026-06-11,18,Home & Kitchen,2,220.79,0.0,112.54,5634.29,5.0,South,7,433,0,12,7,27,517.17,441.58,100.49,0,Regular Customer
TX-10042,CUST-1007,2025-09-19,42,Fitness,2,460.28,0.0,280.73,2267.69,4.5,North,4,103,0,22,6,44,966.88,920.56,307.08,0,High Value Customer
TX-10043,CUST-1032,2026-01-30,18,Electronics,1,1013.39,0.0,705.05,4571.37,4.9,South,1,193,0,10,4,18,1067.78,1013.39,235.27,0,Regular Customer
TX-10044,CUST-1497,2025-12-01,46,Home & Kitchen,2,90.11,5.0,39.73,6159.76,4.7,South,3,317,0,8,4,13,234.54,171.21,-14.15,0,Regular Customer
TX-10045,CUST-1584,2026-06-05,45,Grocery,4,57.05,5.0,45.51,1861.98,5.0,South,3,214,0,30,4,36,273.48,216.79,-6.68,0,Regular Customer
TX-10046,CUST-1416,2025-11-19,37,Electronics,2,1608.47,0.0,1232.17,4822.16,4.7,North,1,43,0,42,3,41,3296.03,3216.94,675.77,0,High Value Customer
TX-10047,CUST-1362,2026-03-18,63,Grocery,4,34.93,15.0,24.8,534.74,4.5,West,1,39,0,1,6,4,153.66,118.76,7.04,0,Regular Customer
TX-10048,CUST-1055,2026-07-24,22,Fitness,2,58.97,5.0,30.21,2150.73,4.3,North,3,351,1,2,3,9,162.17,112.04,-48.5,1,At-Risk Customer
TX-10049,CUST-1745,2026-02-03,28,Electronics,3,1712.42,0.0,1092.15,1930.16,4.2,South,3,438,0,13,6,25,5166.57,5137.26,1818.36,0,Regular Customer
TX-10050,CUST-1549,2026-03-31,39,Furniture,1,1143.42,10.0,657.08,3565.51,3.9,West,4,335,0,35,3,38,1055.32,1029.08,300.52,0,Regular Customer
TX-10051,CUST-1473,2025-12-19,30,Electronics,1,1522.85,0.0,979.0,5917.0,4.5,West,3,179,0,23,3,26,1587.0,1522.85,441.59,0,Regular Customer
TX-10052,CUST-1563,2025-10-03,39,Electronics,2,1622.69,5.0,1239.59,6688.3,4.8,North,3,34,0,18,6,38,3109.97,3083.11,490.11,0,High Value Customer
TX-10053,CUST-1771,2025-12-13,39,Furniture,1,644.62,10.0,345.79,6062.65,4.1,West,2,215,0,39,4,51,641.15,580.16,134.43,0,High Value Customer
TX-10054,CUST-1218,2026-03-07,37,Electronics,1,1839.36,5.0,1268.53,4230.99,5.0,South,2,356,0,23,6,40,1792.52,1747.39,406.4,0,High Value Customer
TX-10055,CUST-1399,2025-12-27,40,Grocery,6,8.52,0.0,6.22,5023.64,2.2,East,2,310,0,3,7,14,84.02,51.12,-70.55,1,At-Risk Customer
TX-10056,CUST-1748,2026-05-25,29,Fitness,1,317.97,15.0,181.04,1299.49,4.2,West,3,231,0,15,3,14,338.24,270.27,56.24,0,Regular Customer
TX-10057,CUST-1303,2025-12-03,24,Electronics,1,1400.95,20.0,931.6,1526.14,4.8,North,3,317,0,27,6,54,1155.74,1120.76,152.77,0,High Value Customer
TX-10058,CUST-1058,2025-09-08,19,Home & Kitchen,1,444.82,15.0,261.92,7439.36,4.1,West,3,264,0,4,3,11,456.36,378.1,-8.91,0,Regular Customer
TX-10059,CUST-1543,2025-11-02,35,Electronics,1,1930.98,15.0,1452.13,777.56,4.6,North,1,202,0,26,7,58,1680.46,1641.33,173.04,0,High Value Customer
TX-10060,CUST-1070,2026-06-14,45,Electronics,1,1450.93,20.0,931.4,659.52,4.3,South,3,430,0,32,2,19,1204.86,1160.74,205.95,0,Regular Customer
TX-10061,CUST-1583,2025-12-18,61,Home & Kitchen,2,396.94,5.0,236.9,3660.18,3.8,North,2,17,0,29,5,46,833.45,754.19,216.48,0,Loyal Customer
TX-10062,CUST-1429,2026-07-16,18,Home & Kitchen,3,315.45,15.0,139.95,1170.58,3.1,East,4,316,0,17,5,30,860.86,804.4,348.99,1,At-Risk Customer
TX-10063,CUST-1209,2026-07-22,18,Fitness,1,138.86,15.0,68.61,3125.94,4.2,East,5,76,0,13,5,22,172.84,118.03,-19.97,0,Regular Customer
TX-10064,CUST-1405,2025-10-20,29,Fitness,2,537.7,15.0,344.74,5414.31,3.8,East,2,138,0,21,4,29,993.58,914.09,134.4,0,Regular Customer
TX-10065,CUST-1769,2025-09-20,45,Electronics,2,1364.07,20.0,981.01,6004.32,4.1,West,5,106,0,20,9,60,2204.27,2182.51,107.93,0,High Value Customer
TX-10066,CUST-1576,2025-10-04,34,Electronics,1,903.48,15.0,663.0,6741.01,4.2,South,3,238,0,20,3,19,826.0,767.96,-9.66,0,Regular Customer
TX-10067,CUST-1135,2026-02-08,52,Electronics,2,458.61,25.0,337.99,3064.04,4.3,South,4,292,0,22,3,19,754.17,687.91,-52.03,0,Regular Customer
TX-10068,CUST-1161,2026-03-26,33,Home & Kitchen,3,54.33,30.0,22.54,5570.39,5.0,East,6,395,0,11,3,12,149.24,114.09,-64.08,0,Regular Customer
TX-10069,CUST-1669,2026-05-11,43,Electronics,2,449.28,15.0,338.65,2737.81,4.1,East,4,98,0,26,4,34,838.35,763.78,27.41,0,Regular Customer
TX-10070,CUST-1106,2025-10-21,32,Clothing,3,95.19,15.0,39.42,2002.69,5.0,North,4,288,0,28,10,85,317.44,242.73,76.43,0,Loyal Customer
TX-10071,CUST-1760,2026-05-24,54,Furniture,1,409.92,0.0,250.74,5386.4,5.0,East,4,86,0,1,2,2,470.75,409.92,60.38,0,Regular Customer
TX-10072,CUST-1215,2026-02-05,39,Furniture,2,907.98,25.0,573.3,7308.64,4.0,East,4,55,0,30,4,38,1402.73,1361.97,87.74,0,High Value Customer
TX-10073,CUST-1257,2025-09-09,36,Electronics,3,1970.94,5.0,1211.84,2915.71,3.5,West,4,120,0,26,2,17,5690.95,5617.18,1919.92,1,At-Risk Customer
TX-10074,CUST-1045,2025-08-15,54,Clothing,6,162.91,25.0,66.76,5189.78,5.0,South,4,397,0,35,4,43,755.54,733.1,236.69,0,High Value Customer
TX-10075,CUST-1268,2025-11-04,33,Fitness,2,445.9,5.0,253.56,5118.07,3.1,West,2,187,0,1,6,9,925.7,847.21,254.32,1,At-Risk Customer
TX-10076,CUST-1437,2026-05-28,23,Electronics,1,1576.45,5.0,966.36,3969.67,4.6,North,4,38,0,27,4,31,1548.47,1497.63,453.72,0,Regular Customer
TX-10077,CUST-1707,2025-10-29,31,Home & Kitchen,2,196.12,15.0,102.23,5412.57,4.2,North,1,32,0,1,5,3,364.26,333.4,43.26,0,Regular Customer
TX-10078,CUST-1596,2026-05-23,35,Furniture,1,409.59,10.0,276.13,3194.25,5.0,West,1,393,0,23,3,20,435.04,368.63,40.09,0,Regular Customer
TX-10079,CUST-1315,2026-02-16,18,Electronics,2,393.32,5.0,248.01,6716.63,3.9,East,1,185,0,14,5,25,814.22,747.31,146.04,0,Regular Customer
TX-10080,CUST-1255,2026-07-21,30,Electronics,2,1935.22,0.0,1355.55,7900.2,5.0,East,3,296,0,14,1,10,3901.24,3870.44,1027.34,0,Regular Customer
TX-10081,CUST-1416,2026-06-27,54,Fitness,2,262.53,0.0,143.34,2923.48,4.7,South,3,198,0,24,4,31,587.34,525.06,181.03,0,Regular Customer
TX-10082,CUST-1242,2025-11-05,42,Furniture,2,1168.41,5.0,606.15,7011.07,3.3,West,4,325,1,8,2,6,2277.05,2219.98,-53.0,1,At-Risk Customer
TX-10083,CUST-1754,2026-01-31,38,Grocery,6,7.28,10.0,6.32,2117.56,4.9,South,1,83,0,39,4,45,83.73,39.31,-34.87,0,Regular Customer
TX-10084,CUST-1718,2025-10-08,39,Grocery,10,47.53,5.0,39.59,2952.75,4.4,North,5,96,0,26,6,45,493.52,451.53,-11.16,0,High Value Customer
TX-10085,CUST-1227,2025-11-24,53,Grocery,4,34.14,5.0,26.66,2204.52,3.4,East,3,124,0,11,8,30,173.66,129.73,-23.48,1,At-Risk Customer
TX-10086,CUST-1233,2025-12-06,47,Electronics,3,1435.41,15.0,1058.87,7666.43,5.0,South,3,217,0,24,3,24,3695.7,3660.3,355.19,0,Regular Customer
TX-10087,CUST-1285,2025-09-18,25,Clothing,2,205.68,10.0,94.17,5871.13,3.2,East,2,359,0,1,4,9,437.83,370.22,84.82,1,At-Risk Customer
TX-10088,CUST-1409,2026-07-27,26,Home & Kitchen,2,372.61,0.0,176.88,519.38,4.0,East,3,234,0,47,3,48,811.42,745.22,370.17,0,High Value Customer
TX-10089,CUST-1118,2025-12-25,18,Furniture,3,467.16,10.0,301.97,6571.47,4.4,East,2,256,1,25,3,26,1287.07,1261.33,-44.0,1,At-Risk Customer
TX-10090,CUST-1610,2026-03-24,36,Clothing,1,161.6,5.0,74.23,4958.57,4.0,East,3,305,0,19,5,35,181.22,153.52,-8.59,0,Loyal Customer
TX-10091,CUST-1523,2025-10-12,39,Grocery,2,48.38,0.0,36.25,7206.43,3.7,South,2,393,0,7,5,15,133.03,96.76,-92.84,1,At-Risk Customer
TX-10092,CUST-1725,2026-03-25,54,Electronics,1,700.12,0.0,477.65,3338.57,4.8,South,1,164,0,12,4,22,769.43,700.12,167.89,0,Regular Customer
TX-10093,CUST-1071,2026-07-20,35,Clothing,8,111.07,0.0,41.54,6028.85,4.4,East,2,300,0,29,4,39,918.12,888.56,456.81,0,High Value Customer
TX-10094,CUST-1127,2026-01-14,28,Home & Kitchen,1,189.98,10.0,89.15,6689.65,3.2,East,3,325,0,18,5,26,197.96,170.98,-32.01,1,At-Risk Customer
TX-10095,CUST-1334,2026-03-08,31,Fitness,2,531.67,15.0,331.56,2785.09,5.0,East,3,80,0,10,5,20,942.66,903.84,185.44,0,Regular Customer
TX-10096,CUST-1196,2026-03-17,24,Fitness,1,543.03,25.0,334.43,6689.01,4.3,West,2,419,0,24,1,10,432.07,407.27,-36.49,0,Regular Customer
TX-10097,CUST-1178,2026-06-25,31,Home & Kitchen,3,279.6,5.0,164.21,6885.86,4.3,East,1,301,0,35,3,32,820.33,796.86,196.44,0,Regular Customer
TX-10098,CUST-1000,2026-01-16,29,Clothing,1,52.31,10.0,21.48,967.19,3.8,South,3,287,0,20,2,15,98.7,47.08,-2.41,1,At-Risk Customer
TX-10099,CUST-1593,2026-06-20,24,Fitness,1,536.5,5.0,289.69,3605.97,3.9,East,4,100,0,29,3,30,545.26,509.67,147.9,0,Regular Customer
TX-10100,CUST-1452,2026-07-25,29,Furniture,1,712.08,0.0,386.69,7819.05,4.4,West,2,202,0,19,3,20,783.96,712.08,199.1,0,Regular Customer
TX-10101,CUST-1753,2025-11-08,44,Fitness,2,493.98,5.0,282.96,7671.67,3.1,North,4,144,0,21,3,26,986.25,938.56,239.57,1,At-Risk Customer
TX-10102,CUST-1679,2026-07-04,51,Home & Kitchen,2,405.95,0.0,214.07,4388.06,5.0,East,4,101,0,11,2,7,836.23,811.9,299.94,0,Regular Customer
TX-10103,CUST-1769,2025-12-12,21,Fitness,2,235.83,0.0,142.66,1805.82,3.3,East,3,366,0,11,2,7,509.39,471.66,145.75,1,At-Risk Customer
TX-10104,CUST-1203,2025-10-28,42,Electronics,1,994.78,10.0,633.7,6309.75,5.0,North,4,204,0,45,4,56,970.52,895.3,148.96,0,High Value Customer
TX-10105,CUST-1486,2026-06-22,61,Electronics,1,555.44,10.0,337.64,1212.59,4.4,West,4,128,0,1,3,1,558.64,499.9,126.07,0,Regular Customer
TX-10106,CUST-1644,2026-06-04,45,Furniture,3,1054.44,5.0,705.74,6162.81,3.6,West,5,374,0,18,2,16,3070.35,3005.15,772.99,1,At-Risk Customer
TX-10107,CUST-1249,2025-10-28,39,Fitness,2,447.65,0.0,211.11,7738.47,2.7,North,1,58,0,19,6,39,949.93,895.3,352.5,1,At-Risk Customer
TX-10108,CUST-1788,2025-10-07,34,Grocery,10,17.06,15.0,13.66,7110.88,4.9,South,2,334,0,12,5,26,187.53,145.01,-107.25,0,Regular Customer
TX-10109,CUST-1712,2026-05-06,54,Grocery,10,68.6,0.0,58.39,6121.59,5.0,North,4,414,0,33,4,41,749.32,686.0,-7.72,0,High Value Customer
TX-10110,CUST-1124,2026-04-04,38,Furniture,2,561.1,0.0,326.85,5146.92,4.8,West,5,34,0,13,4,21,1184.38,1122.2,368.8,0,Regular Customer
TX-10111,CUST-1572,2026-06-14,35,Clothing,1,159.86,5.0,75.2,5273.68,3.6,West,4,90,0,10,5,21,216.0,151.87,-20.44,1,At-Risk Customer
TX-10112,CUST-1736,2026-04-29,28,Grocery,10,9.69,15.0,8.18,2745.83,3.1,West,4,162,0,7,4,17,159.38,82.36,-58.62,1,At-Risk Customer
TX-10113,CUST-1761,2026-04-14,39,Grocery,6,78.47,10.0,57.26,4898.59,3.0,East,4,65,0,22,5,32,469.85,423.74,-11.3,1,At-Risk Customer
TX-10114,CUST-1652,2026-01-02,37,Home & Kitchen,3,295.09,20.0,120.98,6351.6,4.4,West,2,71,0,15,4,23,743.92,708.22,241.0,0,Regular Customer
TX-10115,CUST-1281,2026-03-27,39,Electronics,3,736.62,5.0,478.03,6325.33,3.9,East,3,198,0,11,3,11,2144.03,2099.37,556.9,0,Regular Customer
TX-10116,CUST-1343,2026-01-24,44,Home & Kitchen,5,39.17,10.0,20.87,7526.17,3.9,North,3,398,0,12,5,18,224.1,176.27,-54.48,0,Regular Customer
TX-10117,CUST-1236,2026-02-26,36,Fitness,1,235.72,0.0,111.45,2382.25,4.4,South,3,95,0,33,6,62,306.54,235.72,75.04,0,Loyal Customer
TX-10118,CUST-1065,2026-03-14,23,Grocery,2,54.81,20.0,40.5,3951.22,3.9,East,2,438,0,32,5,50,117.58,87.7,-61.57,0,Loyal Customer
TX-10119,CUST-1425,2025-09-14,48,Furniture,3,695.36,20.0,376.17,7029.34,3.5,West,3,72,0,1,4,2,1712.31,1668.86,421.41,1,At-Risk Customer
TX-10120,CUST-1788,2026-06-09,30,Fitness,1,292.95,5.0,155.11,1967.07,5.0,North,5,99,0,11,5,21,345.9,278.3,71.19,0,Regular Customer
TX-10121,CUST-1783,2026-06-04,45,Grocery,15,72.96,0.0,54.71,2015.12,3.8,West,2,274,1,25,7,55,1154.48,1094.4,-44.0,1,At-Risk Customer
TX-10122,CUST-1360,2026-01-13,24,Grocery,2,71.14,0.0,55.27,4698.17,4.4,West,6,432,0,22,4,31,194.73,142.28,-65.73,0,Regular Customer
TX-10123,CUST-1752,2026-05-20,24,Home & Kitchen,2,227.89,5.0,128.6,4206.59,5.0,South,2,291,0,31,1,9,467.38,432.99,103.69,0,Regular Customer
TX-10124,CUST-1279,2026-03-25,31,Grocery,6,38.78,10.0,32.37,3142.81,3.4,North,3,285,0,34,1,11,248.92,209.41,-45.45,1,At-Risk Customer
TX-10125,CUST-1684,2026-07-27,30,Grocery,4,18.12,15.0,15.48,2594.57,4.3,South,5,423,0,32,2,27,99.84,61.61,-61.73,0,Regular Customer
TX-10126,CUST-1130,2026-06-28,41,Home & Kitchen,2,395.91,10.0,219.02,2452.15,4.2,North,3,421,0,27,3,28,765.44,712.64,224.32,0,Regular Customer
TX-10127,CUST-1606,2026-05-29,38,Fitness,1,102.0,15.0,54.52,7385.57,4.0,North,4,97,0,14,11,49,139.14,86.7,-96.6,0,Regular Customer
TX-10128,CUST-1438,2025-10-22,33,Grocery,4,5.93,10.0,4.65,2729.28,3.8,South,5,210,1,9,4,18,52.47,21.35,-57.5,1,At-Risk Customer
TX-10129,CUST-1388,2026-01-28,34,Furniture,2,984.31,30.0,498.98,6917.72,4.0,West,2,290,0,20,4,25,1447.79,1378.03,267.31,0,Regular Customer
TX-10130,CUST-1779,2026-02-24,38,Clothing,2,141.43,5.0,61.68,6304.1,4.9,West,4,107,0,22,6,41,311.79,268.72,32.8,0,Loyal Customer
TX-10131,CUST-1083,2026-04-11,59,Electronics,2,2103.54,10.0,1489.55,5255.78,4.0,North,3,415,0,17,3,15,3833.4,3786.37,714.94,0,Regular Customer
TX-10132,CUST-1358,2025-12-06,61,Fitness,1,303.06,10.0,163.5,4527.56,3.7,North,3,367,0,23,6,44,309.83,272.75,27.84,1,At-Risk Customer
TX-10133,CUST-1667,2025-09-03,37,Electronics,1,1965.73,10.0,1382.81,836.4,5.0,South,4,59,0,18,6,37,1846.4,1769.16,355.8,0,High Value Customer
TX-10134,CUST-1020,2026-06-28,43,Furniture,3,152.21,0.0,97.95,7036.98,4.4,South,4,175,0,5,3,8,530.65,456.63,39.23,0,Regular Customer
TX-10135,CUST-1685,2025-10-11,18,Home & Kitchen,2,344.94,10.0,166.45,7160.29,3.4,South,3,65,0,50,6,93,690.09,620.89,167.09,1,At-Risk Customer
TX-10136,CUST-1262,2026-02-18,39,Furniture,1,621.3,20.0,321.14,6560.17,5.0,North,3,422,0,2,6,5,540.09,497.04,64.0,0,Regular Customer
TX-10137,CUST-1167,2026-01-20,60,Electronics,3,1730.73,0.0,1069.24,3275.39,3.0,North,3,422,0,15,3,20,5257.9,5192.19,1921.84,1,At-Risk Customer
TX-10138,CUST-1589,2026-07-26,34,Grocery,2,43.79,5.0,33.64,6437.9,4.4,West,2,78,0,22,5,33,132.34,83.2,-89.65,0,Loyal Customer
TX-10139,CUST-1203,2025-09-21,36,Home & Kitchen,1,434.89,0.0,207.37,3409.9,3.7,South,3,44,0,39,4,50,491.07,434.89,162.87,0,Regular Customer
TX-10140,CUST-1791,2026-01-15,19,Fitness,1,230.62,10.0,128.75,4562.79,2.9,North,4,449,0,26,5,42,285.54,207.56,-7.63,1,At-Risk Customer
TX-10141,CUST-1579,2025-09-04,18,Clothing,2,155.61,10.0,58.8,4166.73,4.7,West,3,263,0,30,7,65,336.05,280.1,86.5,0,Loyal Customer
TX-10142,CUST-1070,2026-04-30,29,Fitness,1,61.27,0.0,36.71,5605.67,2.4,East,2,84,1,19,6,38,112.62,61.27,-44.0,1,At-Risk Customer
TX-10143,CUST-1430,2026-04-21,18,Electronics,1,1431.22,15.0,1095.42,7208.39,5.0,West,1,189,0,1,4,5,1236.73,1216.54,8.49,0,Regular Customer
TX-10144,CUST-1650,2026-04-06,20,Fitness,1,174.61,0.0,89.47,7786.5,4.9,South,4,128,0,9,5,14,214.61,174.61,-49.66,0,Regular Customer
TX-10145,CUST-1751,2026-05-08,38,Fitness,1,484.3,30.0,313.88,1173.59,5.0,East,5,413,0,2,7,13,402.4,339.01,-14.97,0,Regular Customer
TX-10146,CUST-1551,2026-04-18,46,Grocery,6,6.84,10.0,5.16,4827.8,3.2,West,2,176,0,24,3,28,74.65,36.94,-75.44,1,At-Risk Customer
TX-10147,CUST-1606,2025-12-29,27,Clothing,2,205.78,20.0,110.27,2911.22,3.3,South,1,247,0,18,1,8,370.72,329.25,60.54,1,At-Risk Customer
TX-10148,CUST-1088,2026-01-03,26,Grocery,4,71.65,10.0,56.64,5185.88,4.4,South,3,28,0,14,3,16,286.51,257.94,-59.91,0,Regular Customer
TX-10149,CUST-1583,2026-06-22,27,Fitness,1,318.15,10.0,161.26,907.49,4.8,West,2,255,0,33,2,24,360.08,286.33,102.46,0,Regular Customer
TX-10150,CUST-1506,2026-01-27,25,Furniture,1,507.39,25.0,349.13,6700.36,5.0,West,3,176,0,7,7,21,430.17,380.54,-82.59,0,Regular Customer
TX-10151,CUST-1264,2026-02-04,53,Clothing,1,183.37,15.0,64.34,5497.89,3.0,East,3,108,0,22,4,31,233.27,155.86,-4.44,1,At-Risk Customer
TX-10152,CUST-1529,2025-11-19,18,Electronics,1,1142.51,5.0,728.46,892.66,4.1,South,2,411,0,37,8,93,1113.58,1085.38,334.53,0,High Value Customer
TX-10153,CUST-1500,2026-05-25,50,Furniture,1,481.41,15.0,302.79,1994.11,4.7,West,3,241,0,27,6,52,449.44,409.2,63.0,0,High Value Customer
TX-10154,CUST-1502,2026-03-31,33,Electronics,2,1038.37,0.0,722.26,3980.71,2.0,North,3,244,0,26,4,35,2097.76,2076.74,559.01,1,At-Risk Customer
TX-10155,CUST-1414,2026-08-03,43,Furniture,1,276.22,5.0,152.78,6298.56,4.6,East,1,140,0,23,9,65,291.55,262.41,10.65,0,Loyal Customer
TX-10156,CUST-1377,2026-04-13,39,Home & Kitchen,2,423.7,0.0,220.6,5537.32,4.6,East,3,133,0,20,5,35,875.85,847.4,309.64,0,Loyal Customer
TX-10157,CUST-1763,2026-05-22,50,Clothing,4,155.12,10.0,58.85,3411.24,4.5,East,1,63,0,30,4,36,619.84,558.43,267.36,0,High Value Customer
TX-10158,CUST-1277,2026-01-17,35,Clothing,2,76.81,5.0,27.57,6208.16,4.7,South,4,60,0,18,3,18,175.88,145.94,-20.32,0,Regular Customer
TX-10159,CUST-1197,2026-01-22,20,Electronics,5,347.46,15.0,261.24,6903.39,3.9,South,3,153,0,23,4,32,1508.11,1476.7,53.45,0,Regular Customer
TX-10160,CUST-1756,2026-04-18,40,Clothing,2,195.39,15.0,74.7,2355.05,4.1,East,5,201,0,34,9,95,403.05,332.16,124.94,0,High Value Customer
TX-10161,CUST-1198,2026-01-12,30,Furniture,1,600.14,10.0,303.57,1388.77,4.3,East,2,169,0,1,5,4,563.59,540.13,206.72,0,Regular Customer
TX-10162,CUST-1014,2026-08-11,18,Home & Kitchen,1,291.26,10.0,174.32,3617.03,3.8,South,2,207,0,28,5,43,307.78,262.13,24.56,0,Loyal Customer
TX-10163,CUST-1055,2026-05-24,46,Clothing,6,57.36,15.0,25.01,3507.06,3.7,South,4,98,0,26,3,25,348.16,292.54,71.87,1,At-Risk Customer
TX-10164,CUST-1770,2026-04-22,37,Electronics,3,960.49,5.0,627.34,1212.9,3.8,North,4,38,0,28,4,39,2813.26,2737.4,819.18,0,Regular Customer
TX-10165,CUST-1480,2026-04-16,46,Grocery,2,44.9,5.0,36.2,5923.46,2.3,East,2,99,0,12,2,10,163.32,85.31,-84.94,1,At-Risk Customer
TX-10166,CUST-1052,2025-12-21,43,Grocery,4,60.64,5.0,51.71,2939.71,3.2,North,4,220,0,26,4,35,274.02,230.43,-38.5,1,At-Risk Customer
TX-10167,CUST-1410,2026-04-22,55,Electronics,2,402.99,0.0,281.29,6354.74,4.9,North,4,24,0,21,4,29,832.13,805.98,130.08,0,Regular Customer
TX-10168,CUST-1576,2026-01-16,57,Electronics,3,970.1,10.0,744.97,5857.45,5.0,South,4,421,0,19,3,25,2650.98,2619.27,278.5,0,Regular Customer
TX-10169,CUST-1782,2026-03-15,21,Home & Kitchen,2,440.98,15.0,251.94,4715.55,3.1,South,3,285,0,28,3,28,777.13,749.67,161.55,1,At-Risk Customer
TX-10170,CUST-1389,2026-04-01,41,Grocery,6,68.25,10.0,48.97,5796.45,5.0,East,6,207,0,43,4,52,412.34,368.55,-39.22,0,High Value Customer
TX-10171,CUST-1439,2026-01-17,30,Home & Kitchen,2,151.82,15.0,87.19,2378.51,3.4,North,5,286,0,43,4,54,296.5,258.09,25.54,1,At-Risk Customer
TX-10172,CUST-1757,2025-10-03,49,Furniture,1,500.75,0.0,323.75,6378.2,2.9,South,2,33,0,1,2,7,577.42,500.75,72.33,1,At-Risk Customer
TX-10173,CUST-1083,2025-11-02,51,Furniture,1,813.9,15.0,439.34,1260.3,5.0,South,2,216,0,8,1,3,718.0,691.81,224.57,0,Regular Customer
TX-10174,CUST-1160,2025-08-15,40,Grocery,6,46.66,0.0,34.26,4397.78,4.1,West,3,112,0,11,5,22,310.29,279.96,-5.07,0,Regular Customer
TX-10175,CUST-1481,2026-01-10,55,Electronics,2,1143.14,10.0,704.83,5778.44,3.6,South,5,87,0,1,7,7,2134.34,2057.65,538.82,1,At-Risk Customer
TX-10176,CUST-1289,2026-08-08,42,Grocery,6,20.2,10.0,16.28,3561.14,4.4,North,3,319,0,16,6,33,135.19,109.08,-55.52,0,Regular Customer
TX-10177,CUST-1270,2026-06-30,35,Home & Kitchen,3,68.9,5.0,37.87,2440.34,4.0,South,6,424,0,14,5,27,228.32,196.37,19.15,0,Regular Customer
TX-10178,CUST-1557,2025-12-07,39,Fitness,1,47.7,5.0,23.83,2356.7,4.6,South,3,332,0,11,8,28,102.32,45.31,-27.37,0,Regular Customer
TX-10179,CUST-1145,2025-09-19,45,Electronics,1,1266.83,20.0,775.71,4883.37,4.8,South,1,298,0,23,4,32,1059.12,1013.46,160.0,0,Regular Customer
TX-10180,CUST-1609,2026-06-01,57,Clothing,4,235.66,5.0,85.5,3829.4,3.5,West,2,324,0,20,1,6,961.37,895.51,487.07,1,At-Risk Customer
TX-10181,CUST-1705,2026-01-16,55,Fitness,1,185.73,0.0,89.5,1892.35,3.3,West,4,123,0,24,3,28,238.93,185.73,49.84,1,At-Risk Customer
TX-10182,CUST-1512,2026-05-17,45,Grocery,10,10.75,0.0,9.21,6569.93,3.4,West,4,191,1,34,5,51,148.43,107.5,-53.0,1,At-Risk Customer
TX-10183,CUST-1040,2026-03-23,51,Fitness,1,535.25,5.0,277.77,599.38,4.2,East,2,101,0,1,3,1,572.93,508.49,212.73,0,Regular Customer
TX-10184,CUST-1026,2025-09-29,37,Furniture,2,978.9,5.0,547.55,3606.51,5.0,North,4,136,0,24,2,22,1892.62,1859.91,692.71,0,Regular Customer
TX-10185,CUST-1688,2025-12-29,26,Home & Kitchen,1,132.37,15.0,60.03,4789.34,3.7,North,3,303,0,22,5,34,165.32,112.51,-32.86,1,At-Risk Customer
TX-10186,CUST-1179,2026-04-11,32,Home & Kitchen,2,426.95,25.0,230.27,3793.22,4.1,West,3,283,0,24,5,35,711.86,640.42,109.49,0,Loyal Customer
TX-10187,CUST-1185,2026-06-09,26,Grocery,6,71.42,20.0,52.85,5984.87,5.0,West,5,107,0,29,6,51,387.09,342.82,-86.56,0,High Value Customer
TX-10188,CUST-1481,2026-02-08,32,Grocery,2,35.73,5.0,29.18,2059.67,4.1,East,3,253,0,12,4,15,118.69,67.89,-34.87,0,Regular Customer
TX-10189,CUST-1107,2025-11-04,27,Clothing,3,189.08,5.0,89.19,3271.11,4.0,West,3,110,0,15,1,6,598.58,538.88,208.74,0,Regular Customer
TX-10190,CUST-1295,2026-07-19,33,Grocery,6,65.34,0.0,54.83,6248.86,4.1,North,5,443,0,24,3,23,449.27,392.04,-53.17,0,Regular Customer
TX-10191,CUST-1322,2025-12-21,28,Clothing,3,68.87,20.0,36.37,6190.36,4.5,North,6,306,0,32,6,62,204.12,165.29,-63.68,0,Loyal Customer
TX-10192,CUST-1413,2026-05-04,27,Electronics,2,1078.46,0.0,823.31,1077.29,3.6,West,2,360,0,38,7,81,2218.6,2156.92,485.14,0,Loyal Customer
TX-10193,CUST-1192,2026-05-06,41,Clothing,4,84.54,15.0,40.78,6206.38,3.0,West,2,42,0,37,3,34,356.9,287.44,22.22,1,At-Risk Customer
TX-10194,CUST-1778,2025-09-09,46,Furniture,1,972.96,10.0,569.96,6021.72,4.4,East,6,416,0,11,3,13,949.85,875.66,188.38,0,Regular Customer
TX-10195,CUST-1294,2026-03-26,62,Fitness,3,210.26,20.0,107.99,6868.84,3.2,West,3,318,0,19,1,13,562.05,504.62,64.12,1,At-Risk Customer
TX-10196,CUST-1645,2026-06-21,40,Furniture,3,741.57,10.0,463.42,4857.13,5.0,South,6,441,0,14,7,33,2081.11,2002.24,512.12,0,Regular Customer
TX-10197,CUST-1014,2026-05-23,48,Grocery,2,58.63,5.0,47.3,5560.9,4.5,North,1,89,0,37,5,55,176.26,111.4,-71.12,0,Loyal Customer
TX-10198,CUST-1116,2026-04-07,32,Electronics,2,648.12,5.0,393.81,7615.58,5.0,South,3,431,0,15,8,39,1301.46,1231.43,316.07,0,High Value Customer
TX-10199,CUST-1733,2026-01-10,28,Home & Kitchen,2,341.04,15.0,142.89,998.96,4.3,East,3,354,0,18,7,44,652.84,579.77,265.5,0,High Value Customer
TX-10200,CUST-1494,2026-04-12,33,Furniture,2,377.04,10.0,240.64,7555.8,3.8,West,2,394,0,23,5,34,702.93,678.67,75.06,0,Loyal Customer
TX-10201,CUST-1392,2025-11-19,28,Home & Kitchen,1,227.03,0.0,103.01,1604.57,3.5,South,3,70,0,25,3,29,254.81,227.03,86.45,1,At-Risk Customer
TX-10202,CUST-1282,2026-03-14,27,Clothing,1,176.65,15.0,64.04,1601.91,3.1,East,4,397,0,15,4,22,198.86,150.15,44.08,1,At-Risk Customer
TX-10203,CUST-1289,2026-01-13,28,Home & Kitchen,1,160.91,20.0,64.47,3813.1,4.9,West,3,120,0,22,3,20,188.76,128.73,-6.44,0,Regular Customer
TX-10204,CUST-1457,2026-05-16,41,Grocery,10,28.54,30.0,22.74,7171.39,4.4,East,1,96,0,14,5,22,227.17,199.78,-139.69,0,Regular Customer
TX-10205,CUST-1781,2026-05-19,28,Grocery,10,43.54,15.0,37.56,4326.11,5.0,West,3,284,0,40,5,63,441.37,370.09,-83.9,0,High Value Customer
TX-10206,CUST-1193,2026-08-06,38,Furniture,3,665.3,10.0,386.75,4824.61,3.9,West,1,20,0,31,3,27,1860.08,1796.31,559.19,0,Regular Customer
TX-10207,CUST-1794,2026-03-12,18,Electronics,1,2177.62,10.0,1316.46,4414.65,4.8,East,5,59,0,26,6,45,1997.49,1959.86,554.68,0,High Value Customer
TX-10208,CUST-1722,2026-02-25,37,Grocery,6,74.34,0.0,62.55,6293.87,4.6,South,4,260,0,38,6,70,511.81,446.04,-41.67,0,High Value Customer
TX-10209,CUST-1037,2025-10-17,37,Home & Kitchen,2,125.23,15.0,66.87,1425.51,3.8,East,1,327,0,29,3,26,245.82,212.89,53.27,0,Regular Customer
TX-10210,CUST-1450,2025-10-04,31,Home & Kitchen,1,354.82,20.0,206.86,5717.18,2.5,West,1,385,1,25,4,33,353.96,283.86,-39.5,1,At-Risk Customer
TX-10211,CUST-1147,2026-03-11,33,Fitness,1,218.11,0.0,130.84,2621.01,4.6,South,1,163,0,12,9,34,259.13,218.11,43.45,0,Regular Customer
TX-10212,CUST-1800,2025-12-27,33,Clothing,2,127.51,5.0,61.92,3767.34,4.6,West,2,252,0,30,2,19,321.77,242.27,52.92,0,Regular Customer
TX-10213,CUST-1336,2026-07-25,39,Home & Kitchen,1,424.38,0.0,208.19,2299.92,4.1,West,1,389,0,31,6,61,479.05,424.38,177.19,0,High Value Customer
TX-10214,CUST-1641,2026-04-20,25,Home & Kitchen,3,199.01,20.0,114.81,2854.09,5.0,North,1,103,0,31,7,66,541.66,477.62,85.88,0,High Value Customer
TX-10215,CUST-1240,2026-07-03,48,Fitness,1,258.47,0.0,134.67,613.83,5.0,East,2,241,0,22,5,38,293.71,258.47,105.59,0,Loyal Customer
TX-10216,CUST-1764,2025-09-29,33,Grocery,2,10.67,10.0,8.16,2197.06,4.2,North,3,374,0,23,2,20,49.56,19.21,-43.57,0,Regular Customer
TX-10217,CUST-1720,2025-10-04,18,Grocery,15,75.37,5.0,63.87,7772.93,4.6,South,1,261,0,9,1,3,1121.5,1074.02,-5.12,0,Regular Customer
TX-10218,CUST-1029,2025-09-06,42,Clothing,2,81.89,15.0,38.12,6655.22,3.0,North,1,22,0,16,1,10,171.76,139.21,-41.36,1,At-Risk Customer
TX-10219,CUST-1383,2026-03-22,35,Furniture,1,656.24,5.0,438.49,6563.04,3.4,South,2,255,0,33,2,23,699.45,623.43,77.49,1,At-Risk Customer
TX-10220,CUST-1579,2026-07-29,39,Furniture,1,184.29,0.0,109.67,5423.07,5.0,South,3,28,0,25,5,38,208.9,184.29,-20.23,0,Loyal Customer
TX-10221,CUST-1624,2026-02-25,43,Home & Kitchen,3,199.35,10.0,112.98,3300.93,2.5,South,2,302,0,16,4,22,591.62,538.25,140.79,1,At-Risk Customer
TX-10222,CUST-1597,2025-10-26,31,Furniture,1,694.19,5.0,445.69,7765.06,3.7,West,2,278,0,6,2,12,696.62,659.48,88.31,1,At-Risk Customer
TX-10223,CUST-1470,2025-12-22,33,Fitness,1,64.11,5.0,38.86,7201.96,3.6,North,3,20,0,15,5,29,83.26,60.9,-99.48,1,At-Risk Customer
TX-10224,CUST-1476,2026-01-08,52,Fitness,2,233.65,25.0,136.5,3501.59,3.5,South,2,265,1,30,5,51,381.35,350.48,-44.0,1,At-Risk Customer
TX-10225,CUST-1353,2026-06-10,21,Clothing,2,94.12,0.0,43.23,1782.02,4.6,West,5,220,0,14,4,19,244.39,188.24,52.55,0,Regular Customer
TX-10226,CUST-1467,2026-01-15,30,Furniture,4,174.89,0.0,116.65,2236.06,3.6,West,2,345,0,18,1,8,721.28,699.56,190.42,1,At-Risk Customer
TX-10227,CUST-1109,2025-12-13,33,Grocery,2,64.05,10.0,48.37,3482.63,4.1,East,3,329,0,25,5,36,148.6,115.29,-47.19,0,Loyal Customer
TX-10228,CUST-1716,2026-01-12,23,Electronics,1,420.8,0.0,259.29,5198.43,3.4,West,1,284,0,8,3,9,469.86,420.8,79.03,1,At-Risk Customer
TX-10229,CUST-1579,2026-07-31,41,Fitness,1,161.1,20.0,79.22,4605.61,5.0,North,2,400,0,35,3,33,190.71,128.88,-28.42,0,Regular Customer
TX-10230,CUST-1763,2026-04-25,41,Clothing,4,83.46,5.0,44.0,2224.95,3.2,South,1,253,0,13,3,16,346.53,317.15,103.27,1,At-Risk Customer
TX-10231,CUST-1360,2025-12-04,27,Fitness,1,415.91,30.0,209.67,1671.51,5.0,South,4,355,0,33,5,55,344.99,291.14,38.39,0,Loyal Customer
TX-10232,CUST-1694,2026-07-17,31,Fitness,2,563.28,10.0,331.11,6346.38,4.4,South,4,400,0,11,3,11,1074.33,1013.9,238.49,0,Regular Customer
TX-10233,CUST-1642,2026-07-10,31,Electronics,2,1569.14,10.0,1109.32,4815.19,4.8,East,1,295,0,13,1,11,2863.88,2824.45,529.08,0,Regular Customer
TX-10234,CUST-1034,2026-06-06,49,Clothing,1,81.49,0.0,39.12,5760.37,5.0,South,4,26,0,5,2,11,117.01,81.49,-62.04,0,Regular Customer
TX-10235,CUST-1302,2026-01-28,36,Fitness,1,278.78,5.0,156.01,5478.68,3.9,West,3,139,0,31,1,13,320.9,264.84,13.15,0,Regular Customer
TX-10236,CUST-1135,2026-05-17,42,Clothing,3,116.48,5.0,44.11,4441.03,3.9,East,4,231,0,23,6,44,391.68,331.97,115.02,0,Loyal Customer
TX-10237,CUST-1263,2026-04-17,49,Clothing,2,28.65,10.0,14.2,4674.34,5.0,East,2,58,0,15,6,26,72.39,51.57,-55.95,0,Regular Customer
TX-10238,CUST-1479,2025-09-21,42,Furniture,3,305.63,20.0,158.44,6677.05,2.6,South,3,423,0,31,5,51,758.37,733.51,144.54,1,At-Risk Customer
TX-10239,CUST-1741,2026-07-25,27,Grocery,4,9.94,5.0,8.55,4073.46,4.0,East,3,354,0,1,4,5,99.81,37.77,-71.03,0,Regular Customer
TX-10240,CUST-1404,2025-08-21,41,Clothing,3,137.49,0.0,68.2,692.67,4.4,North,2,379,0,1,4,8,467.6,412.47,188.48,0,Regular Customer
TX-10241,CUST-1688,2026-07-24,26,Clothing,2,37.83,10.0,14.04,2253.06,4.2,West,5,308,0,25,5,38,136.69,68.09,-16.28,0,Loyal Customer
TX-10242,CUST-1380,2025-10-08,53,Fitness,1,244.3,0.0,141.25,5763.04,4.6,South,1,131,0,29,10,88,297.33,244.3,12.1,0,Loyal Customer
TX-10243,CUST-1634,2026-05-28,28,Clothing,4,155.44,5.0,65.15,1075.42,4.9,South,2,252,0,19,3,19,610.68,590.67,304.94,0,Regular Customer
TX-10244,CUST-1650,2026-04-08,52,Fitness,1,296.17,5.0,156.79,5978.69,5.0,East,3,344,0,15,5,26,341.9,281.36,21.39,0,Regular Customer
TX-10245,CUST-1119,2025-10-24,37,Electronics,1,1611.49,5.0,1029.23,1239.46,3.8,North,3,306,0,13,4,17,1560.0,1530.92,469.59,1,At-Risk Customer
TX-10246,CUST-1504,2025-10-12,57,Electronics,3,407.2,10.0,313.19,6713.29,3.0,South,3,122,0,10,4,18,1138.98,1099.44,45.67,1,At-Risk Customer
TX-10247,CUST-1138,2026-02-28,52,Grocery,4,65.13,30.0,51.1,578.7,2.8,East,4,437,0,35,4,42,241.0,182.36,-48.72,1,At-Risk Customer
TX-10248,CUST-1760,2026-08-05,29,Home & Kitchen,1,281.77,0.0,163.56,3819.33,4.0,West,3,383,0,34,2,25,329.74,281.77,47.42,0,Regular Customer
TX-10249,CUST-1744,2025-11-01,32,Grocery,2,23.55,5.0,20.16,607.48,4.1,North,2,164,0,19,3,23,87.17,44.74,-13.69,0,Regular Customer
TX-10250,CUST-1630,2026-03-10,40,Clothing,2,79.94,20.0,37.54,7643.11,3.6,North,2,136,0,26,2,22,182.34,127.9,-70.82,1,At-Risk Customer
TX-10251,CUST-1222,2026-03-29,47,Grocery,2,46.84,0.0,40.88,830.49,4.2,South,3,442,0,3,3,11,169.9,93.68,-14.04,0,Regular Customer
TX-10252,CUST-1101,2026-07-31,44,Clothing,3,62.37,15.0,22.57,852.3,5.0,East,4,333,0,5,5,8,180.38,159.04,60.55,0,Regular Customer
TX-10253,CUST-1282,2025-11-19,36,Electronics,2,2128.16,0.0,1320.85,882.31,4.5,West,1,315,0,26,3,31,4315.17,4256.32,1596.89,0,Regular Customer
TX-10254,CUST-1217,2026-07-08,30,Fitness,2,424.89,5.0,272.92,5230.38,4.8,North,4,289,0,37,7,77,835.69,807.29,165.0,0,High Value Customer
TX-10255,CUST-1341,2025-12-16,50,Furniture,4,572.88,0.0,345.98,5565.92,2.3,South,1,250,1,16,4,24,2332.85,2291.52,-39.5,1,At-Risk Customer
TX-10256,CUST-1783,2026-05-24,33,Furniture,2,589.31,10.0,336.83,1710.93,5.0,South,7,315,0,3,2,4,1102.05,1060.76,329.93,0,Regular Customer
TX-10257,CUST-1238,2026-01-29,39,Furniture,2,424.22,15.0,271.07,6012.69,5.0,North,3,357,0,49,3,44,758.47,721.17,75.34,0,High Value Customer
TX-10258,CUST-1148,2025-10-19,35,Home & Kitchen,1,149.96,10.0,82.02,7561.06,3.9,East,3,166,0,4,2,10,186.25,134.96,-73.97,1,At-Risk Customer
TX-10259,CUST-1112,2026-07-18,35,Electronics,2,294.0,20.0,222.0,4977.09,4.1,South,3,30,1,35,3,38,505.21,470.4,-48.5,1,High Value Customer
TX-10260,CUST-1243,2026-06-11,41,Clothing,3,157.3,0.0,68.47,1158.41,2.6,North,3,258,0,4,1,10,528.19,471.9,235.61,1,At-Risk Customer
TX-10261,CUST-1053,2025-10-17,46,Fitness,1,212.93,5.0,108.32,4680.54,3.9,West,4,93,0,35,7,79,230.54,202.28,5.76,0,Loyal Customer
TX-10262,CUST-1763,2025-09-15,18,Grocery,6,73.38,10.0,51.9,7487.73,3.3,West,5,355,0,25,7,52,474.16,396.25,-49.96,1,At-Risk Customer
TX-10263,CUST-1525,2026-06-13,57,Electronics,1,1665.92,0.0,1109.59,2849.5,3.3,West,1,396,0,39,7,84,1724.41,1665.92,509.09,1,At-Risk Customer
TX-10264,CUST-1629,2025-09-05,33,Fitness,1,494.94,5.0,230.88,4594.43,4.5,East,2,20,0,30,7,62,494.01,470.19,161.4,0,High Value Customer
TX-10265,CUST-1031,2025-09-14,26,Grocery,15,56.2,20.0,41.72,2670.81,4.0,West,4,123,0,27,5,46,745.98,674.4,-9.46,0,High Value Customer
TX-10266,CUST-1110,2026-04-22,41,Fitness,1,396.19,5.0,210.12,4079.0,4.9,West,2,382,0,1,5,3,399.21,376.38,96.08,0,Regular Customer
TX-10267,CUST-1082,2026-01-25,36,Home & Kitchen,1,295.18,25.0,134.04,2737.04,4.2,South,2,430,1,36,3,39,251.68,221.38,-44.0,1,At-Risk Customer
TX-10268,CUST-1281,2026-06-29,34,Fitness,1,58.63,0.0,27.81,3475.66,3.1,East,1,103,0,3,5,5,86.87,58.63,-25.81,1,At-Risk Customer
TX-10269,CUST-1611,2026-05-12,38,Clothing,4,192.93,5.0,79.55,512.33,4.5,West,5,215,0,1,2,4,783.91,733.13,384.75,0,Regular Customer
TX-10270,CUST-1440,2025-10-03,45,Fitness,2,461.6,15.0,275.38,2238.81,3.7,North,1,139,0,33,4,41,859.79,784.72,195.88,0,Regular Customer
TX-10271,CUST-1666,2026-05-23,33,Fitness,2,460.15,0.0,232.33,3891.52,3.8,South,4,203,0,33,3,30,967.94,920.3,379.27,0,Regular Customer
TX-10272,CUST-1233,2026-03-13,35,Clothing,1,247.05,10.0,123.75,7941.02,4.3,West,2,265,0,35,3,34,292.0,222.35,-29.52,0,Regular Customer
TX-10273,CUST-1747,2025-10-01,27,Clothing,2,40.34,5.0,15.63,3630.46,3.5,West,4,226,0,16,8,44,104.0,76.65,-27.07,1,At-Risk Customer
TX-10274,CUST-1261,2026-02-21,26,Furniture,1,224.06,15.0,152.78,4584.73,4.4,West,4,393,0,15,1,5,260.64,190.45,-49.1,0,Regular Customer
TX-10275,CUST-1087,2025-09-30,32,Grocery,6,65.22,10.0,57.17,7088.12,4.1,North,6,16,0,4,5,11,379.28,352.19,-124.15,0,Regular Customer
TX-10276,CUST-1381,2025-10-19,50,Home & Kitchen,5,122.61,0.0,53.6,2456.89,3.7,North,4,233,0,25,3,28,670.26,613.05,290.2,1,At-Risk Customer
TX-10277,CUST-1575,2026-05-28,18,Clothing,3,197.79,5.0,94.09,4483.32,2.2,North,4,301,0,26,3,28,605.06,563.7,196.18,1,At-Risk Customer
TX-10278,CUST-1681,2026-03-18,39,Fitness,1,496.05,0.0,261.13,2281.12,3.2,North,4,70,0,3,6,9,547.09,496.05,182.7,1,At-Risk Customer
TX-10279,CUST-1614,2026-01-20,21,Clothing,2,117.78,20.0,42.93,5939.65,3.8,North,2,55,0,17,1,12,241.09,188.45,4.49,1,At-Risk Customer
TX-10280,CUST-1217,2025-11-01,42,Fitness,2,262.47,5.0,131.0,1336.16,3.8,West,6,217,0,39,3,34,530.42,498.69,189.65,1,At-Risk Customer
TX-10281,CUST-1110,2026-02-09,23,Home & Kitchen,5,349.13,15.0,163.31,4980.72,2.9,East,3,261,1,1,7,5,1537.94,1483.8,-48.5,1,At-Risk Customer
TX-10282,CUST-1285,2026-06-03,43,Furniture,3,508.94,5.0,298.61,6454.51,4.6,West,3,316,0,26,3,31,1494.59,1450.48,444.33,0,Regular Customer
TX-10283,CUST-1785,2026-06-28,29,Home & Kitchen,2,344.56,0.0,162.42,6120.27,5.0,North,1,213,0,22,1,10,722.08,689.12,267.98,0,Regular Customer
TX-10284,CUST-1673,2026-08-04,35,Clothing,2,131.9,15.0,69.85,2391.3,4.5,North,1,426,0,18,2,17,258.77,224.23,44.16,0,Regular Customer
TX-10285,CUST-1719,2026-01-19,46,Clothing,3,148.9,10.0,56.68,5984.38,4.5,East,1,252,1,30,2,21,470.97,402.03,-39.5,0,Regular Customer
TX-10286,CUST-1146,2026-05-30,18,Fitness,1,305.12,20.0,189.45,1161.01,5.0,West,4,25,0,25,5,41,276.8,244.1,19.23,0,Loyal Customer
TX-10287,CUST-1758,2026-07-04,34,Electronics,2,1341.5,5.0,1012.07,7648.4,3.9,North,3,378,0,22,3,21,2587.02,2548.85,396.48,0,Regular Customer
TX-10288,CUST-1220,2026-02-22,63,Grocery,4,50.04,10.0,36.53,7773.64,5.0,West,4,95,0,22,4,34,224.62,180.14,-100.58,0,Regular Customer
TX-10289,CUST-1378,2026-01-20,28,Fitness,1,447.69,15.0,274.27,3391.65,3.8,East,5,256,0,20,6,40,450.72,380.54,32.89,1,At-Risk Customer
TX-10290,CUST-1581,2026-06-15,31,Electronics,1,1911.81,10.0,1161.17,973.3,4.7,North,5,419,0,5,5,16,1768.04,1720.63,522.36,0,Regular Customer
TX-10291,CUST-1772,2026-06-26,43,Electronics,2,987.09,15.0,766.59,3517.3,3.7,North,1,301,0,5,3,5,1721.65,1678.05,87.61,1,At-Risk Customer
TX-10292,CUST-1677,2026-03-19,47,Grocery,4,30.96,10.0,25.32,7136.06,4.4,West,2,191,0,3,8,13,147.37,111.46,-105.86,0,Regular Customer
TX-10293,CUST-1220,2026-05-03,25,Electronics,1,585.23,0.0,408.79,2880.42,3.9,East,3,200,0,1,2,2,627.85,585.23,119.73,1,At-Risk Customer
TX-10294,CUST-1290,2026-07-27,27,Fitness,1,422.54,0.0,268.95,4862.91,4.2,West,2,411,0,37,4,50,497.07,422.54,71.65,0,High Value Customer
TX-10295,CUST-1315,2025-09-06,44,Furniture,2,466.01,5.0,250.16,2193.42,5.0,West,2,235,0,21,4,28,955.74,885.42,343.2,0,Regular Customer
TX-10296,CUST-1056,2025-08-17,29,Furniture,1,159.22,0.0,91.78,4290.24,4.9,East,6,298,0,5,8,12,192.13,159.22,-23.91,0,Regular Customer
TX-10297,CUST-1785,2025-10-23,43,Clothing,1,249.44,5.0,88.92,3493.45,4.3,East,2,18,0,12,2,13,279.6,236.97,86.65,0,Regular Customer
TX-10298,CUST-1007,2026-04-25,32,Fitness,3,526.94,0.0,256.16,2946.65,5.0,West,2,439,0,37,2,25,1618.82,1580.82,759.14,0,Regular Customer
TX-10299,CUST-1389,2026-05-13,22,Fitness,1,238.69,10.0,126.5,7132.58,4.0,South,3,308,0,6,3,12,235.26,214.82,-32.17,0,Regular Customer
TX-10300,CUST-1684,2026-02-11,47,Electronics,5,324.88,5.0,216.46,4264.59,5.0,West,3,94,0,25,7,52,1614.96,1543.18,383.41,0,High Value Customer
TX-10301,CUST-1043,2026-03-25,27,Electronics,3,1321.95,0.0,892.43,6698.48,4.1,West,2,170,0,21,6,40,4003.72,3965.85,1179.08,0,High Value Customer
TX-10302,CUST-1320,2026-06-04,34,Grocery,4,22.06,25.0,16.1,3072.7,5.0,West,3,245,0,23,4,34,93.66,66.18,-57.81,0,Regular Customer
TX-10303,CUST-1427,2026-01-09,37,Electronics,1,1743.44,0.0,1070.92,1915.96,4.4,West,4,185,1,18,2,18,1817.04,1743.44,-53.0,1,At-Risk Customer
TX-10304,CUST-1332,2025-11-09,50,Home & Kitchen,3,230.33,20.0,110.06,3018.62,2.2,West,4,326,0,22,4,30,607.58,552.79,159.33,1,At-Risk Customer
TX-10305,CUST-1370,2025-09-28,25,Grocery,2,35.37,10.0,31.12,1119.29,3.3,North,3,69,0,5,1,3,101.86,63.67,-28.86,1,At-Risk Customer
TX-10306,CUST-1603,2026-03-07,44,Home & Kitchen,3,412.03,25.0,165.32,1184.94,2.6,North,3,445,0,20,6,41,971.41,927.07,399.83,1,At-Risk Customer
TX-10307,CUST-1317,2026-02-03,35,Furniture,2,783.41,10.0,427.31,4363.75,5.0,East,5,113,0,12,1,4,1450.96,1410.14,467.56,0,Regular Customer
TX-10308,CUST-1078,2026-05-02,51,Fitness,1,311.14,5.0,189.42,6574.84,3.8,North,2,143,0,11,2,13,346.25,295.58,-1.46,1,At-Risk Customer
TX-10309,CUST-1198,2026-02-08,41,Clothing,1,153.52,10.0,80.24,7009.85,4.1,South,5,341,0,27,2,24,210.19,138.17,-69.72,0,Regular Customer
TX-10310,CUST-1149,2025-12-23,44,Furniture,1,1164.95,10.0,685.79,5658.27,3.9,South,4,180,0,9,2,12,1087.39,1048.46,259.79,1,At-Risk Customer
TX-10311,CUST-1778,2026-07-15,18,Electronics,5,624.9,5.0,409.75,3835.35,4.0,South,3,210,0,20,1,8,3024.71,2968.27,848.49,0,Regular Customer
TX-10312,CUST-1643,2026-04-23,38,Grocery,6,9.81,0.0,7.92,6812.17,3.6,West,1,228,0,17,2,10,116.07,58.86,-95.34,1,At-Risk Customer
TX-10313,CUST-1578,2026-07-09,24,Fitness,1,202.25,5.0,100.67,5780.24,4.2,East,2,38,0,5,6,16,242.49,192.14,-4.24,0,Regular Customer
TX-10314,CUST-1642,2026-01-22,41,Furniture,2,1037.11,5.0,593.16,956.79,4.4,West,1,185,0,9,8,29,2030.25,1970.51,765.34,0,Regular Customer
TX-10315,CUST-1452,2026-07-03,44,Clothing,2,60.18,5.0,30.11,4058.26,4.3,East,4,341,0,1,4,8,152.13,114.34,-24.75,0,Regular Customer
TX-10316,CUST-1360,2026-04-30,31,Electronics,1,1120.03,5.0,783.7,1726.65,4.2,East,4,180,0,2,6,9,1132.43,1064.03,236.43,0,Regular Customer
TX-10317,CUST-1038,2025-09-12,43,Clothing,2,44.19,5.0,23.12,2488.35,3.7,East,3,372,1,17,4,26,130.1,83.96,-48.5,1,At-Risk Customer
TX-10318,CUST-1092,2026-06-24,40,Home & Kitchen,2,300.1,0.0,138.99,3836.3,3.6,West,5,67,0,15,4,20,646.41,600.2,242.18,1,At-Risk Customer
TX-10319,CUST-1567,2025-09-04,52,Grocery,15,50.22,0.0,41.07,2172.57,4.0,South,1,80,0,7,4,15,819.37,753.3,100.16,0,Regular Customer
TX-10320,CUST-1487,2026-04-27,41,Furniture,1,373.3,10.0,193.89,6687.76,5.0,North,3,244,0,33,4,43,410.8,335.97,28.26,0,High Value Customer
TX-10321,CUST-1351,2026-08-14,42,Electronics,1,1614.09,5.0,1057.63,5502.02,4.7,South,4,27,1,11,3,15,1583.45,1533.39,-53.0,0,Regular Customer
TX-10322,CUST-1724,2026-03-26,24,Grocery,4,75.32,10.0,57.5,3004.27,4.3,South,4,355,0,3,3,11,322.78,271.15,-21.91,0,Regular Customer
TX-10323,CUST-1289,2026-02-28,55,Grocery,10,61.48,0.0,51.09,3508.61,4.7,East,3,107,0,26,1,13,646.97,614.8,37.77,0,Regular Customer
TX-10324,CUST-1053,2026-07-03,35,Fitness,2,185.83,10.0,114.78,7198.35,4.5,East,1,72,0,31,5,50,374.21,334.49,-7.54,0,High Value Customer
TX-10325,CUST-1096,2026-05-26,18,Fitness,2,475.06,15.0,220.5,5546.24,4.9,West,4,226,0,19,3,25,837.59,807.6,265.41,0,Regular Customer
TX-10326,CUST-1741,2026-07-16,26,Home & Kitchen,3,128.86,0.0,64.28,1581.8,4.5,South,3,30,0,39,6,70,433.46,386.58,156.51,0,High Value Customer
TX-10327,CUST-1596,2026-07-19,38,Furniture,1,456.86,10.0,255.37,2392.42,4.1,East,3,40,0,24,4,31,458.35,411.17,106.42,0,Regular Customer
TX-10328,CUST-1671,2026-08-06,37,Fitness,1,208.89,0.0,101.87,1579.01,4.4,West,3,79,0,9,4,14,238.9,208.89,69.83,0,Regular Customer
TX-10329,CUST-1725,2025-09-26,50,Clothing,3,145.89,10.0,70.82,2495.76,3.1,West,3,350,0,13,3,13,455.41,393.9,130.51,1,At-Risk Customer
TX-10330,CUST-1336,2025-10-18,44,Fitness,3,99.94,5.0,60.58,5229.76,3.6,North,1,369,0,1,5,2,320.0,284.83,20.14,1,At-Risk Customer
TX-10331,CUST-1433,2026-05-01,34,Clothing,3,230.25,5.0,109.75,5895.41,3.9,North,3,96,0,16,6,33,677.23,656.21,225.03,0,Regular Customer
TX-10332,CUST-1184,2025-12-01,33,Clothing,1,209.43,5.0,115.16,5471.45,4.4,West,5,388,0,20,4,24,235.26,198.96,-20.77,0,Regular Customer
TX-10333,CUST-1140,2025-11-01,31,Electronics,5,422.37,10.0,279.44,3621.21,5.0,East,2,260,0,29,1,10,1935.29,1900.66,440.15,0,Regular Customer
TX-10334,CUST-1103,2026-04-30,34,Home & Kitchen,5,56.54,5.0,29.53,6146.36,2.6,North,1,388,0,20,9,58,343.18,268.56,24.22,1,At-Risk Customer
TX-10335,CUST-1784,2026-06-26,40,Furniture,1,180.24,5.0,113.32,3089.48,3.3,West,4,112,0,6,6,17,247.96,171.23,-6.43,1,At-Risk Customer
TX-10336,CUST-1185,2026-08-03,25,Home & Kitchen,2,250.56,15.0,110.23,1591.38,5.0,South,2,30,0,27,4,35,480.65,425.95,172.62,0,Regular Customer
TX-10337,CUST-1044,2026-03-12,52,Clothing,1,31.56,15.0,14.46,917.96,4.6,South,3,431,0,26,8,60,74.66,26.83,-14.9,0,Loyal Customer
TX-10338,CUST-1625,2026-01-06,39,Fitness,1,227.83,10.0,145.91,4572.05,4.0,West,3,448,0,8,4,13,249.43,205.05,-22.94,0,Regular Customer
TX-10339,CUST-1244,2026-01-19,38,Grocery,2,36.42,30.0,28.89,5498.05,4.4,South,4,337,0,1,7,4,77.02,50.99,-107.26,0,Low Value Customer
TX-10340,CUST-1584,2026-03-27,31,Grocery,6,35.52,30.0,26.28,6504.02,4.1,East,4,157,0,32,2,19,227.12,149.18,-124.06,0,Regular Customer
TX-10341,CUST-1514,2026-05-11,22,Grocery,10,5.53,0.0,4.55,1697.5,3.1,South,4,335,0,35,4,41,99.32,55.3,-33.66,1,At-Risk Customer
TX-10342,CUST-1619,2025-10-23,34,Clothing,4,198.66,20.0,88.76,1155.63,4.6,North,2,228,0,27,4,32,687.97,635.71,254.34,0,Regular Customer
TX-10343,CUST-1380,2026-05-24,56,Electronics,1,283.09,0.0,218.79,605.11,4.9,North,4,373,0,21,7,51,349.0,283.09,37.22,0,Loyal Customer
TX-10344,CUST-1781,2025-11-04,22,Clothing,4,170.86,10.0,65.69,1679.03,4.1,West,3,275,0,26,2,20,684.17,615.1,313.65,0,Regular Customer
TX-10345,CUST-1150,2026-03-25,36,Electronics,1,1137.17,10.0,836.53,4596.86,4.4,South,3,379,0,10,1,11,1049.41,1023.45,104.47,0,Regular Customer
TX-10346,CUST-1357,2025-08-27,33,Grocery,6,70.61,0.0,51.07,5173.53,3.8,North,5,306,0,12,2,14,491.79,423.66,17.14,1,At-Risk Customer
TX-10347,CUST-1382,2025-12-12,21,Grocery,4,8.34,0.0,6.27,3899.51,2.6,North,3,303,0,33,9,85,103.28,33.36,-63.71,1,At-Risk Customer
TX-10348,CUST-1028,2026-01-24,18,Electronics,1,1209.26,15.0,850.23,4148.62,3.3,East,2,216,0,16,3,14,1049.98,1027.87,106.41,1,At-Risk Customer
TX-10349,CUST-1140,2025-09-02,41,Clothing,2,149.14,25.0,62.83,3330.11,2.5,West,2,297,0,10,3,11,273.07,223.71,39.1,1,At-Risk Customer
TX-10350,CUST-1142,2026-08-10,47,Grocery,6,75.9,5.0,65.66,6637.25,3.3,West,2,269,0,26,4,37,466.69,432.63,-69.89,1,At-Risk Customer
TX-10351,CUST-1081,2025-08-23,53,Clothing,1,97.34,20.0,34.74,4201.58,4.5,South,2,196,0,19,2,13,120.88,77.87,-28.89,0,Regular Customer
TX-10352,CUST-1561,2026-06-21,37,Home & Kitchen,1,283.2,10.0,154.49,5502.24,4.2,West,3,121,0,17,1,8,299.51,254.88,4.36,0,Regular Customer
TX-10353,CUST-1295,2025-12-13,38,Clothing,2,205.41,0.0,91.05,7069.5,4.6,North,2,64,1,25,1,16,487.59,410.82,-44.0,0,Regular Customer
TX-10354,CUST-1429,2026-07-07,48,Home & Kitchen,1,51.14,0.0,21.1,6075.15,5.0,West,2,100,0,24,2,20,93.48,51.14,-70.09,0,Regular Customer
TX-10355,CUST-1511,2026-06-15,35,Home & Kitchen,1,201.11,0.0,120.13,896.19,2.8,North,2,57,0,21,2,16,255.41,201.11,58.54,1,At-Risk Customer
TX-10356,CUST-1588,2025-12-15,49,Fitness,1,324.34,5.0,178.33,2307.98,3.4,South,3,358,0,15,6,34,385.43,308.12,81.67,1,At-Risk Customer
TX-10357,CUST-1001,2026-06-24,36,Clothing,6,84.1,5.0,42.34,2866.65,4.9,South,4,132,0,32,3,28,515.45,479.37,164.33,0,Regular Customer
TX-10358,CUST-1191,2026-07-20,65,Fitness,1,48.57,5.0,29.44,6570.27,4.8,North,2,67,0,18,6,34,75.69,46.14,-90.85,0,Regular Customer
TX-10359,CUST-1369,2025-09-17,24,Home & Kitchen,1,194.09,0.0,103.48,5969.08,2.6,North,1,55,0,20,3,20,267.6,194.09,-3.43,1,At-Risk Customer
TX-10360,CUST-1481,2025-09-05,25,Fitness,1,104.74,20.0,55.27,5548.34,3.1,West,6,371,0,1,5,3,159.49,83.79,-81.7,1,At-Risk Customer
TX-10361,CUST-1259,2025-08-22,36,Clothing,1,157.94,5.0,75.9,6827.6,3.5,North,4,417,0,14,2,16,178.54,150.04,-46.27,1,At-Risk Customer
TX-10362,CUST-1750,2026-07-16,36,Fitness,2,87.68,25.0,44.77,5884.03,3.3,North,5,444,0,5,6,14,181.75,131.52,-68.78,1,At-Risk Customer
TX-10363,CUST-1752,2026-01-31,47,Furniture,2,1083.07,5.0,646.34,3066.4,4.4,North,3,200,0,3,2,10,2099.43,2057.83,705.66,0,Regular Customer
TX-10364,CUST-1346,2026-07-09,34,Furniture,1,614.45,10.0,389.4,7036.16,3.5,West,1,67,0,11,3,13,627.02,553.01,53.56,1,At-Risk Customer
TX-10365,CUST-1490,2026-07-03,27,Furniture,3,855.62,15.0,536.55,7011.52,4.3,South,6,72,1,11,1,10,2204.08,2181.83,-62.0,1,At-Risk Customer
TX-10366,CUST-1794,2026-04-05,44,Electronics,2,2138.42,25.0,1491.12,5552.07,4.2,East,3,159,0,11,6,23,3247.93,3207.63,128.61,0,Regular Customer
TX-10367,CUST-1204,2025-09-04,44,Clothing,3,242.77,10.0,128.17,708.81,4.5,East,3,436,0,1,7,3,734.92,655.48,246.84,0,Regular Customer
TX-10368,CUST-1556,2026-04-13,35,Clothing,4,99.14,10.0,43.44,7118.31,2.7,North,4,159,0,16,2,15,407.63,356.9,58.37,1,At-Risk Customer
TX-10369,CUST-1195,2026-01-07,46,Clothing,2,114.11,5.0,44.48,7365.62,3.8,North,3,136,0,39,4,49,293.66,216.81,3.86,0,Regular Customer
TX-10370,CUST-1339,2025-12-31,27,Electronics,4,1402.07,20.0,1023.32,4363.94,4.8,East,4,147,0,37,7,79,4538.98,4486.62,309.88,0,High Value Customer
TX-10371,CUST-1409,2026-03-27,35,Grocery,10,9.77,30.0,7.81,3727.57,4.5,East,4,149,0,16,2,13,109.23,68.39,-83.62,0,Regular Customer
TX-10372,CUST-1508,2026-08-03,45,Grocery,10,76.16,0.0,56.99,4535.91,3.2,East,4,408,0,34,9,92,818.95,761.6,105.66,1,At-Risk Customer
TX-10373,CUST-1531,2025-12-28,43,Electronics,2,998.04,10.0,675.06,2741.95,4.1,West,1,178,0,14,4,23,1821.28,1796.47,400.72,0,Regular Customer
TX-10374,CUST-1616,2025-11-14,32,Home & Kitchen,2,65.6,20.0,36.84,6908.87,4.1,East,2,94,0,21,2,14,137.53,104.96,-81.35,0,Regular Customer
TX-10375,CUST-1081,2026-01-28,54,Fitness,3,391.3,10.0,213.0,7308.13,4.3,East,4,116,0,30,3,31,1077.06,1056.51,289.89,0,Regular Customer
TX-10376,CUST-1617,2026-03-20,34,Furniture,1,852.78,10.0,577.89,1913.75,3.9,West,3,167,0,1,6,2,788.01,767.5,147.41,0,Regular Customer
TX-10377,CUST-1043,2026-02-10,44,Home & Kitchen,2,183.84,25.0,75.48,2301.14,4.9,West,2,356,0,13,4,23,340.61,275.76,81.28,0,Regular Customer
TX-10378,CUST-1058,2025-09-21,18,Fitness,3,134.88,15.0,77.87,950.06,5.0,West,4,401,0,17,5,25,381.16,343.94,78.08,0,Regular Customer
TX-10379,CUST-1767,2026-07-27,27,Furniture,2,336.08,5.0,214.76,3427.44,3.1,North,3,310,0,22,5,37,712.53,638.55,144.12,1,At-Risk Customer
TX-10380,CUST-1622,2026-07-27,29,Grocery,2,11.51,10.0,9.31,4478.18,4.6,North,4,93,0,40,4,46,89.82,20.72,-83.07,0,Regular Customer
TX-10381,CUST-1241,2026-07-10,40,Clothing,3,180.9,5.0,83.43,1537.98,3.7,East,3,328,0,44,3,39,580.95,515.57,228.71,0,Regular Customer
TX-10382,CUST-1580,2025-08-30,35,Home & Kitchen,1,405.79,20.0,184.04,7221.93,5.0,South,4,85,0,25,4,35,363.87,324.63,14.26,0,Regular Customer
TX-10383,CUST-1379,2026-02-20,31,Grocery,4,47.92,15.0,37.36,7201.32,3.5,North,2,292,0,34,5,55,234.45,162.93,-103.53,1,At-Risk Customer
TX-10384,CUST-1542,2026-02-17,21,Grocery,6,46.65,0.0,37.09,6983.02,4.7,East,5,200,0,6,4,9,321.43,279.9,-69.89,0,Regular Customer
TX-10385,CUST-1255,2025-10-11,18,Electronics,1,843.82,0.0,510.07,3548.05,5.0,South,4,354,0,25,4,34,876.92,843.82,262.53,0,Regular Customer
TX-10386,CUST-1396,2026-05-28,41,Electronics,2,725.1,20.0,496.22,7166.41,3.5,East,5,342,0,24,4,36,1205.16,1160.16,37.72,1,At-Risk Customer
TX-10387,CUST-1720,2026-03-30,40,Furniture,3,894.24,5.0,478.93,1571.34,3.4,East,4,49,0,27,6,55,2575.44,2548.58,1070.22,1,At-Risk Customer
TX-10388,CUST-1502,2025-11-24,64,Electronics,1,589.71,0.0,456.03,7363.75,4.5,South,2,239,0,19,2,19,642.35,589.71,14.22,0,Regular Customer
TX-10389,CUST-1462,2025-11-10,46,Fitness,1,382.01,10.0,192.1,6550.14,5.0,West,3,321,0,13,4,16,389.38,343.81,39.96,0,Regular Customer
TX-10390,CUST-1698,2026-01-24,59,Fitness,2,193.67,25.0,102.65,6964.1,5.0,East,1,280,0,37,4,49,329.28,290.5,-23.76,0,Regular Customer
TX-10391,CUST-1563,2026-05-18,36,Clothing,1,37.85,5.0,14.08,3749.38,3.4,East,4,24,0,29,3,25,95.95,35.96,-52.36,1,At-Risk Customer
TX-10392,CUST-1728,2026-08-12,36,Fitness,3,70.64,10.0,39.35,6570.71,5.0,South,4,256,0,29,4,35,216.07,190.73,-43.88,0,Regular Customer
TX-10393,CUST-1520,2025-12-06,45,Electronics,1,2013.02,10.0,1264.53,1695.46,4.1,South,2,82,0,4,6,12,1851.34,1811.72,512.76,0,Regular Customer
TX-10394,CUST-1242,2026-04-23,20,Electronics,1,2023.69,20.0,1445.12,7683.25,4.7,East,3,37,0,10,3,11,1664.6,1618.95,45.08,0,Regular Customer
TX-10395,CUST-1377,2026-04-10,26,Home & Kitchen,2,168.01,0.0,76.78,4142.23,5.0,South,5,445,0,21,3,20,395.58,336.02,97.83,0,Regular Customer
TX-10396,CUST-1088,2025-09-16,18,Clothing,2,212.85,0.0,106.68,1365.52,5.0,West,3,295,0,36,2,23,461.45,425.7,178.36,0,Regular Customer
TX-10397,CUST-1736,2026-04-16,40,Home & Kitchen,5,232.89,0.0,112.54,2115.19,4.4,West,2,150,0,13,5,22,1218.4,1164.45,561.02,0,Regular Customer
TX-10398,CUST-1588,2025-09-20,31,Furniture,2,573.19,10.0,361.01,2904.22,4.2,East,3,289,0,9,2,10,1074.71,1031.74,252.66,0,Regular Customer
TX-10399,CUST-1460,2026-04-09,27,Fitness,1,372.07,0.0,207.44,2677.76,4.9,East,2,57,0,29,1,12,413.66,372.07,115.46,0,Regular Customer
TX-10400,CUST-1798,2026-05-23,57,Fitness,1,433.47,5.0,277.94,7652.78,4.5,South,1,293,0,31,5,50,470.35,411.8,14.56,0,High Value Customer
TX-10401,CUST-1132,2026-03-23,30,Home & Kitchen,1,100.34,0.0,47.74,5542.12,4.7,North,6,295,0,20,5,32,168.47,100.34,-57.53,0,Loyal Customer
TX-10402,CUST-1530,2025-10-31,50,Clothing,2,60.92,5.0,32.24,5793.19,3.3,South,2,71,0,27,5,43,141.82,115.75,-44.63,1,At-Risk Customer
TX-10403,CUST-1726,2025-12-07,23,Clothing,3,28.49,15.0,10.92,657.93,4.7,East,4,416,0,9,4,14,115.66,72.65,12.02,0,Regular Customer
TX-10404,CUST-1256,2025-11-22,40,Fitness,1,199.2,5.0,112.98,6770.89,3.4,East,2,243,0,1,4,3,265.2,189.24,-34.3,1,At-Risk Customer
TX-10405,CUST-1310,2026-06-24,51,Home & Kitchen,2,38.54,20.0,17.0,4454.41,3.5,North,3,132,0,29,6,57,108.67,61.66,-52.65,1,At-Risk Customer
TX-10406,CUST-1172,2026-06-13,23,Home & Kitchen,2,131.76,0.0,77.07,645.85,2.8,South,3,206,0,20,4,30,314.97,263.52,86.19,1,At-Risk Customer
TX-10407,CUST-1639,2026-06-19,35,Clothing,1,195.1,5.0,85.93,2900.83,4.3,North,4,245,0,31,1,13,265.24,185.34,37.9,0,Regular Customer
TX-10408,CUST-1029,2025-09-24,34,Electronics,4,1545.0,15.0,1073.85,2090.34,2.5,East,3,227,0,12,5,25,5305.04,5253.0,912.74,1,At-Risk Customer
TX-10409,CUST-1785,2026-06-02,33,Grocery,4,41.15,5.0,29.33,7588.42,4.9,North,3,340,0,1,2,9,188.22,156.37,-88.28,0,Regular Customer
TX-10410,CUST-1642,2026-05-20,43,Clothing,1,131.12,10.0,60.88,5195.74,5.0,East,3,367,0,31,3,28,154.23,118.01,-34.31,0,Regular Customer
TX-10411,CUST-1701,2026-03-09,36,Clothing,2,128.91,15.0,53.23,3582.0,5.0,West,5,87,0,31,4,38,261.85,219.15,36.46,0,Regular Customer
TX-10412,CUST-1061,2025-11-02,31,Grocery,10,40.7,0.0,35.76,4260.81,4.3,West,2,75,0,2,4,11,457.12,407.0,-23.51,0,Regular Customer
TX-10413,CUST-1208,2026-02-04,48,Home & Kitchen,1,234.29,15.0,117.38,4563.2,5.0,South,4,22,0,14,4,17,275.19,199.15,-4.68,0,Regular Customer
TX-10414,CUST-1735,2026-01-24,29,Fitness,2,267.72,5.0,140.99,1780.76,3.5,East,3,52,0,1,2,1,584.93,508.67,186.48,1,At-Risk Customer
TX-10415,CUST-1133,2026-02-19,30,Home & Kitchen,5,156.96,20.0,90.88,1325.13,3.8,North,3,222,0,27,3,32,684.63,627.84,140.06,0,Regular Customer
TX-10416,CUST-1477,2025-10-15,40,Clothing,6,122.66,0.0,63.03,4489.5,4.8,West,4,296,0,24,5,35,758.99,735.96,272.44,0,Loyal Customer
TX-10417,CUST-1099,2025-09-08,18,Clothing,1,67.84,15.0,32.83,1094.37,3.8,West,2,142,0,5,4,7,117.26,57.66,-0.58,1,At-Risk Customer
TX-10418,CUST-1428,2025-12-19,52,Furniture,1,1192.23,0.0,753.26,7107.53,3.8,East,5,71,0,21,5,39,1216.09,1192.23,309.86,1,At-Risk Customer
TX-10419,CUST-1738,2026-01-21,48,Furniture,1,1090.58,25.0,687.76,6512.15,5.0,South,1,75,0,30,4,38,862.08,817.93,27.99,0,High Value Customer
TX-10420,CUST-1527,2026-04-10,33,Grocery,2,62.8,10.0,46.94,7794.7,3.2,East,2,102,0,23,5,38,145.91,113.04,-106.76,1,At-Risk Customer
TX-10421,CUST-1092,2026-03-03,27,Home & Kitchen,3,270.87,25.0,120.01,4388.7,4.6,West,1,149,0,11,4,18,671.09,609.46,179.1,0,Regular Customer
TX-10422,CUST-1220,2026-06-08,66,Clothing,2,85.25,15.0,37.59,7554.8,2.2,North,3,146,1,18,2,13,224.02,144.92,-48.5,1,At-Risk Customer
TX-10423,CUST-1506,2026-06-15,40,Fitness,2,294.15,5.0,164.17,3299.06,4.7,West,7,203,0,17,3,23,594.67,558.88,149.56,0,Regular Customer
TX-10424,CUST-1008,2025-10-08,31,Grocery,6,23.82,10.0,19.6,6334.58,3.3,South,3,256,0,33,3,35,187.62,128.63,-97.49,1,At-Risk Customer
TX-10425,CUST-1744,2026-02-17,18,Grocery,10,9.62,10.0,7.02,2374.26,4.3,East,3,37,1,14,5,29,142.41,86.58,-48.5,1,At-Risk Customer
TX-10426,CUST-1052,2026-06-01,19,Home & Kitchen,2,136.74,10.0,77.26,2785.71,2.4,South,2,339,0,27,3,24,310.19,246.13,40.83,1,At-Risk Customer
TX-10427,CUST-1295,2025-09-20,25,Grocery,10,18.76,15.0,14.59,4403.42,4.7,West,3,233,0,38,6,74,206.98,159.46,-65.99,0,Loyal Customer
TX-10428,CUST-1286,2026-06-29,35,Fitness,3,92.63,25.0,47.07,2903.65,5.0,North,2,58,0,21,6,42,246.93,208.42,14.65,0,Loyal Customer
TX-10429,CUST-1099,2026-03-03,36,Clothing,1,182.24,10.0,94.91,560.06,3.8,East,2,123,0,22,6,43,225.62,164.02,51.71,0,Loyal Customer
TX-10430,CUST-1374,2025-10-26,30,Furniture,2,373.36,20.0,231.75,7645.05,3.5,West,3,431,0,1,4,2,673.2,597.38,5.7,1,At-Risk Customer
TX-10431,CUST-1046,2025-09-02,48,Furniture,2,449.51,0.0,246.26,3270.37,4.4,East,7,256,0,23,5,37,926.18,899.02,325.94,0,High Value Customer
TX-10432,CUST-1531,2026-04-04,36,Furniture,2,1032.46,5.0,661.04,3534.9,2.9,South,1,272,0,14,7,35,2038.41,1961.67,582.07,1,At-Risk Customer
TX-10433,CUST-1627,2026-01-24,55,Furniture,1,638.1,0.0,399.53,4309.23,3.3,West,5,124,0,21,6,42,702.09,638.1,151.43,1,At-Risk Customer
TX-10434,CUST-1757,2026-01-14,52,Home & Kitchen,1,155.18,25.0,74.86,4160.78,4.8,East,5,289,0,29,1,17,178.72,116.39,-43.39,0,Regular Customer
TX-10435,CUST-1521,2026-05-13,18,Grocery,6,21.66,5.0,18.38,7579.97,3.9,East,2,39,0,34,4,40,193.9,123.46,-109.52,0,Regular Customer
TX-10436,CUST-1017,2026-02-18,40,Clothing,3,223.2,5.0,114.09,7161.57,4.5,North,3,414,0,34,7,71,676.96,636.12,172.93,0,High Value Customer
TX-10437,CUST-1597,2026-01-18,24,Fitness,1,121.52,10.0,64.55,807.14,5.0,North,5,211,0,20,2,18,162.79,109.37,10.21,0,Regular Customer
TX-10438,CUST-1271,2026-07-15,34,Home & Kitchen,2,119.42,0.0,65.82,4126.42,3.8,South,5,192,0,28,1,16,303.98,238.84,22.8,1,At-Risk Customer
TX-10439,CUST-1597,2026-04-16,45,Furniture,2,852.85,0.0,507.79,5160.98,4.9,West,3,87,0,38,3,37,1746.24,1705.7,599.21,0,High Value Customer
TX-10440,CUST-1697,2025-12-16,39,Electronics,2,1971.53,10.0,1370.23,6119.87,5.0,North,6,246,0,27,4,38,3619.02,3548.75,689.5,0,High Value Customer
TX-10441,CUST-1451,2026-01-21,42,Grocery,4,75.2,10.0,61.82,3079.85,2.9,South,4,284,0,35,3,33,291.67,270.72,-40.76,1,At-Risk Customer
TX-10442,CUST-1208,2026-03-12,33,Home & Kitchen,2,213.61,0.0,97.38,1584.35,3.6,West,2,203,0,25,3,27,481.24,427.22,199.69,1,At-Risk Customer
TX-10443,CUST-1753,2025-09-14,54,Fitness,1,299.11,25.0,182.85,3388.72,3.6,South,4,259,0,15,3,17,252.34,224.33,-27.35,1,At-Risk Customer
TX-10444,CUST-1574,2026-01-27,25,Fitness,3,66.0,0.0,29.88,3843.34,2.4,West,7,188,0,29,5,48,274.17,198.0,19.21,1,At-Risk Customer
TX-10445,CUST-1321,2025-11-10,52,Grocery,4,68.03,5.0,55.56,6934.38,4.2,East,4,177,0,17,1,11,323.49,258.51,-85.74,0,Regular Customer
TX-10446,CUST-1692,2026-07-28,43,Fitness,2,394.18,5.0,200.11,2702.24,4.0,East,5,411,0,16,1,7,784.76,748.94,285.69,1,At-Risk Customer
TX-10447,CUST-1196,2025-12-18,37,Clothing,1,235.14,20.0,91.87,5606.88,4.5,East,2,38,0,10,5,16,223.53,188.11,3.14,0,Regular Customer
TX-10448,CUST-1304,2026-01-08,19,Fitness,3,328.93,20.0,164.69,4751.05,3.8,South,1,181,0,1,6,5,834.24,789.43,219.6,0,Regular Customer
TX-10449,CUST-1500,2026-01-23,39,Grocery,6,16.87,10.0,13.19,3373.02,3.9,East,3,264,0,32,4,42,140.74,91.1,-52.14,0,Regular Customer
TX-10450,CUST-1738,2026-01-01,47,Clothing,2,202.81,5.0,82.98,3578.92,3.2,North,2,121,0,15,2,16,442.97,385.34,156.7,1,At-Risk Customer
TX-10451,CUST-1556,2026-02-24,29,Grocery,10,31.84,0.0,22.34,7551.35,3.2,East,3,124,0,31,1,14,377.23,318.4,-31.77,1,At-Risk Customer
TX-10452,CUST-1149,2026-01-09,59,Electronics,3,1981.24,0.0,1226.07,3455.63,2.6,East,2,382,0,1,3,3,6014.65,5943.72,2204.68,1,At-Risk Customer
TX-10453,CUST-1080,2026-02-07,35,Grocery,6,24.33,0.0,20.91,2518.4,5.0,East,2,317,0,35,8,84,172.46,145.98,-26.26,0,Loyal Customer
TX-10454,CUST-1219,2025-11-25,40,Home & Kitchen,1,45.77,10.0,21.2,1293.5,4.1,East,2,156,0,22,3,19,68.51,41.19,-8.41,0,Regular Customer
TX-10455,CUST-1712,2025-12-31,65,Furniture,1,527.31,10.0,313.79,7259.44,4.3,North,2,250,0,6,6,18,541.66,474.58,42.9,0,Regular Customer
TX-10456,CUST-1600,2025-12-14,44,Furniture,4,765.78,20.0,422.9,1463.87,3.5,North,4,307,0,21,5,39,2495.14,2450.5,718.94,1,At-Risk Customer
TX-10457,CUST-1543,2025-12-07,41,Fitness,1,462.12,5.0,249.29,2923.03,5.0,South,2,278,0,30,4,43,516.68,439.01,136.88,0,High Value Customer
TX-10458,CUST-1423,2026-01-30,20,Fitness,2,203.74,5.0,120.42,3090.08,4.7,West,2,290,0,18,2,19,447.48,387.11,90.91,0,Regular Customer
TX-10459,CUST-1789,2025-10-23,32,Electronics,1,1268.15,15.0,852.55,2540.02,5.0,South,2,293,0,28,6,56,1147.23,1077.93,178.28,0,High Value Customer
TX-10460,CUST-1487,2026-04-15,37,Fitness,2,251.8,20.0,153.29,6329.03,3.6,South,4,425,0,12,3,13,449.94,402.88,-16.64,1,At-Risk Customer
TX-10461,CUST-1294,2026-01-25,39,Clothing,1,32.01,0.0,16.77,1817.54,3.6,North,3,347,0,20,4,29,89.92,32.01,-25.52,1,At-Risk Customer
TX-10462,CUST-1091,2026-07-13,35,Home & Kitchen,2,170.01,5.0,83.28,3611.35,3.8,South,4,101,0,33,8,84,384.0,323.02,84.29,0,Loyal Customer
TX-10463,CUST-1740,2025-09-02,40,Furniture,3,916.16,20.0,467.62,3824.9,4.2,West,4,345,0,20,4,26,2267.76,2198.78,720.55,0,Regular Customer
TX-10464,CUST-1180,2025-09-01,22,Grocery,10,42.11,5.0,35.1,2789.11,4.5,West,1,181,0,12,7,33,472.09,400.05,2.71,0,Regular Customer
TX-10465,CUST-1766,2026-01-09,44,Electronics,1,1436.71,10.0,1113.11,976.52,3.5,North,4,164,0,18,4,21,1355.56,1293.04,147.28,1,At-Risk Customer
TX-10466,CUST-1617,2025-10-07,32,Clothing,1,200.78,10.0,84.97,1975.69,3.6,East,3,48,0,42,4,49,229.56,180.7,52.6,1,At-Risk Customer
TX-10467,CUST-1656,2026-05-19,19,Home & Kitchen,1,51.95,0.0,27.9,6620.25,3.0,West,3,325,0,36,5,58,89.63,51.95,-88.75,1,At-Risk Customer
TX-10468,CUST-1137,2026-04-29,20,Grocery,2,30.11,0.0,22.87,5713.97,4.2,East,3,388,0,14,4,22,80.39,60.22,-84.73,0,Regular Customer
TX-10469,CUST-1115,2026-01-30,51,Furniture,1,606.99,20.0,418.44,6581.21,3.7,West,3,318,0,25,6,49,520.54,485.59,-45.07,1,At-Risk Customer
TX-10470,CUST-1735,2025-11-17,24,Electronics,3,1384.22,5.0,1073.57,533.78,3.7,East,3,267,0,1,5,3,3965.35,3945.03,702.81,1,At-Risk Customer
TX-10471,CUST-1581,2026-07-25,49,Furniture,2,916.93,5.0,541.59,5508.55,3.1,South,3,394,0,14,5,21,1821.03,1742.17,562.86,1,At-Risk Customer
TX-10472,CUST-1654,2026-03-09,49,Grocery,10,11.42,0.0,8.37,6626.58,4.5,East,5,341,0,1,3,9,173.15,114.2,-91.4,0,Regular Customer
TX-10473,CUST-1685,2025-10-01,39,Furniture,1,338.26,15.0,184.4,6577.73,3.3,South,2,75,0,23,1,11,365.69,287.52,-4.54,1,At-Risk Customer
TX-10474,CUST-1254,2025-08-17,31,Clothing,4,67.61,10.0,34.09,5333.17,4.3,West,2,142,0,29,3,27,283.66,243.4,18.04,0,Regular Customer
TX-10475,CUST-1771,2025-12-28,39,Clothing,1,132.27,10.0,53.45,3468.09,2.0,East,4,72,0,15,4,22,142.94,119.04,-4.43,1,At-Risk Customer
TX-10476,CUST-1586,2025-08-19,34,Clothing,2,228.2,15.0,119.31,5145.84,4.2,East,3,192,0,36,3,35,455.04,387.94,58.63,0,Regular Customer
TX-10477,CUST-1063,2026-07-21,38,Electronics,4,600.61,15.0,410.94,6583.72,5.0,West,3,122,0,13,9,42,2110.84,2042.07,286.06,0,High Value Customer
TX-10478,CUST-1415,2026-07-31,31,Home & Kitchen,2,220.42,5.0,110.96,6423.98,3.7,East,2,79,0,23,5,40,473.33,418.8,91.52,0,Loyal Customer
TX-10479,CUST-1654,2026-01-12,41,Clothing,4,63.4,5.0,30.6,4186.36,2.0,South,2,149,0,22,4,29,296.3,240.92,46.72,1,At-Risk Customer
TX-10480,CUST-1136,2026-04-15,48,Furniture,3,1154.68,10.0,692.59,4537.88,4.0,West,1,405,0,17,2,10,3158.28,3117.64,967.3,0,Regular Customer
TX-10481,CUST-1620,2026-02-21,32,Grocery,4,17.45,5.0,14.56,5227.98,4.7,West,3,200,0,30,3,26,88.13,66.31,-83.85,0,Regular Customer
TX-10482,CUST-1680,2025-12-03,35,Furniture,1,590.94,15.0,318.14,5519.43,2.7,North,3,59,0,17,6,31,562.71,502.3,87.87,1,At-Risk Customer
TX-10483,CUST-1540,2026-08-09,39,Clothing,1,124.35,10.0,67.02,3364.85,3.6,North,3,229,0,23,6,42,132.83,111.91,-19.08,1,At-Risk Customer
TX-10484,CUST-1114,2025-09-14,28,Home & Kitchen,3,216.31,15.0,93.93,1139.0,3.4,South,5,317,0,35,3,34,614.83,551.59,230.22,1,At-Risk Customer
TX-10485,CUST-1153,2025-11-06,33,Clothing,1,140.62,15.0,55.73,1512.79,4.2,West,4,169,0,19,3,17,158.49,119.53,23.11,0,Regular Customer
TX-10486,CUST-1210,2026-06-08,18,Grocery,2,26.05,15.0,22.79,503.08,3.5,North,4,139,0,22,5,40,93.29,44.28,-26.84,1,At-Risk Customer
TX-10487,CUST-1456,2025-09-11,27,Grocery,10,17.21,10.0,13.56,1308.44,3.0,South,6,18,0,18,4,29,209.51,154.89,-27.34,1,At-Risk Customer
TX-10488,CUST-1467,2026-05-29,32,Electronics,2,806.45,10.0,622.63,6627.18,3.8,West,1,66,0,31,6,57,1517.93,1451.61,102.44,0,Loyal Customer
TX-10489,CUST-1315,2025-08-25,31,Grocery,10,72.31,5.0,59.16,4565.25,4.4,East,1,350,0,15,3,14,711.14,686.94,22.37,0,Regular Customer
TX-10490,CUST-1763,2025-12-03,25,Home & Kitchen,1,174.69,15.0,72.03,7137.61,4.5,North,3,77,1,1,4,4,212.69,148.49,-48.5,1,At-Risk Customer
TX-10491,CUST-1352,2026-08-07,54,Electronics,1,266.9,5.0,204.7,3520.34,5.0,North,3,296,0,18,5,34,282.84,253.55,-17.45,0,Regular Customer
TX-10492,CUST-1070,2026-04-12,19,Electronics,4,1075.9,5.0,756.24,7858.48,3.2,East,3,188,0,39,3,36,4146.61,4088.42,932.08,1,At-Risk Customer
TX-10493,CUST-1787,2025-10-22,40,Fitness,1,233.46,5.0,117.18,2300.64,4.5,West,3,251,0,31,7,67,274.58,221.79,56.6,0,Loyal Customer
TX-10494,CUST-1391,2026-03-31,33,Grocery,6,27.95,5.0,24.23,5383.83,5.0,West,1,295,0,19,3,18,205.34,159.31,-71.32,0,Regular Customer
TX-10495,CUST-1677,2026-05-17,30,Furniture,2,672.88,15.0,411.02,1831.11,4.0,East,4,42,0,12,3,17,1183.43,1143.9,276.39,0,Regular Customer
TX-10496,CUST-1550,2026-03-03,40,Home & Kitchen,1,254.16,15.0,108.98,1821.46,3.5,South,1,42,0,32,5,46,251.86,216.04,75.23,1,At-Risk Customer
TX-10497,CUST-1228,2025-08-15,36,Electronics,2,1431.23,5.0,1106.79,4800.51,3.9,East,1,228,0,10,9,28,2790.05,2719.34,429.25,0,Regular Customer
TX-10498,CUST-1736,2026-05-19,57,Grocery,4,71.25,15.0,56.23,2150.5,4.3,West,4,26,0,16,5,30,289.5,242.25,-32.93,0,Regular Customer
TX-10499,CUST-1253,2026-04-06,38,Clothing,1,113.0,10.0,41.36,4995.23,4.1,South,1,144,0,1,2,4,127.93,101.7,-19.09,0,Regular Customer
TX-10500,CUST-1742,2025-10-10,22,Electronics,4,740.29,20.0,467.3,2228.71,4.5,West,1,318,0,12,4,19,2393.14,2368.93,461.8,0,Regular Customer
TX-10501,CUST-1016,2025-12-15,45,Furniture,1,1038.76,10.0,621.27,5785.97,4.2,North,2,188,0,16,4,21,982.02,934.88,217.82,0,Regular Customer
TX-10502,CUST-1034,2026-03-30,35,Home & Kitchen,2,173.44,10.0,102.84,3172.9,4.0,North,1,72,0,20,7,45,363.51,312.19,54.42,0,High Value Customer
TX-10503,CUST-1045,2026-03-07,40,Grocery,2,50.4,10.0,36.07,2707.2,3.4,South,3,21,0,16,4,26,152.9,90.72,-35.53,1,At-Risk Customer
TX-10504,CUST-1772,2025-09-11,33,Furniture,3,554.69,10.0,336.61,961.68,3.3,East,4,347,0,33,4,46,1522.62,1497.66,455.41,1,At-Risk Customer
TX-10505,CUST-1749,2026-06-04,33,Clothing,3,140.2,0.0,76.89,4441.85,3.9,East,1,102,0,19,2,13,477.08,420.6,118.8,0,Regular Customer
TX-10506,CUST-1146,2026-07-18,34,Home & Kitchen,2,130.28,15.0,73.88,5927.07,3.3,South,2,42,0,25,5,36,297.47,221.48,-24.19,1,At-Risk Customer
TX-10507,CUST-1281,2025-09-14,18,Home & Kitchen,1,33.05,5.0,13.62,1885.35,4.6,South,1,70,0,15,1,13,81.57,31.4,-15.0,0,Regular Customer
TX-10508,CUST-1437,2026-05-25,18,Grocery,2,16.86,5.0,12.83,4486.14,4.4,North,4,154,0,29,6,50,82.88,32.03,-78.92,0,Loyal Customer
TX-10509,CUST-1658,2026-07-23,33,Grocery,2,47.81,10.0,38.0,6710.32,5.0,East,3,101,0,6,4,13,116.34,86.06,-104.1,0,Regular Customer
TX-10510,CUST-1418,2025-10-29,47,Clothing,4,169.8,5.0,62.42,2850.27,5.0,West,1,444,0,10,7,27,665.56,645.24,348.31,0,Regular Customer
TX-10511,CUST-1550,2026-04-13,18,Furniture,3,488.82,10.0,307.46,6898.8,4.7,South,3,215,0,1,7,6,1375.6,1319.81,280.45,0,Regular Customer
TX-10512,CUST-1724,2025-10-26,31,Grocery,4,37.22,15.0,29.77,5328.28,3.9,North,5,231,0,10,8,25,187.34,126.55,-94.96,1,At-Risk Customer
TX-10513,CUST-1426,2026-05-26,58,Home & Kitchen,2,70.57,5.0,41.66,4721.09,4.9,South,4,221,0,6,5,14,209.73,134.08,-38.05,0,Regular Customer
TX-10514,CUST-1261,2025-11-26,58,Clothing,3,230.75,10.0,84.92,4989.78,3.7,North,5,417,0,6,5,14,665.11,623.02,270.92,1,At-Risk Customer
TX-10515,CUST-1379,2025-09-30,25,Home & Kitchen,2,265.35,5.0,107.29,4828.42,3.4,South,4,335,1,37,3,40,525.97,504.17,-53.0,1,At-Risk Customer
TX-10516,CUST-1386,2026-07-24,50,Home & Kitchen,3,430.31,10.0,216.6,805.89,2.6,North,4,95,0,1,9,8,1197.04,1161.84,481.95,1,At-Risk Customer
TX-10517,CUST-1192,2026-06-10,30,Fitness,2,113.81,5.0,71.4,4378.63,4.1,South,5,446,0,11,4,14,281.1,216.24,-14.74,0,Regular Customer
TX-10518,CUST-1340,2026-01-16,54,Electronics,3,1468.8,0.0,1107.07,3341.65,3.8,South,4,130,0,23,3,27,4457.76,4406.4,1017.07,1,At-Risk Customer
TX-10519,CUST-1759,2025-10-13,30,Fitness,1,561.1,5.0,342.23,2492.07,3.2,West,4,445,0,27,8,62,605.86,533.04,135.43,1,At-Risk Customer
TX-10520,CUST-1712,2026-06-19,42,Fitness,1,425.99,10.0,271.71,5672.06,5.0,South,1,426,0,29,5,46,405.27,383.39,22.1,0,High Value Customer
TX-10521,CUST-1245,2026-05-23,40,Clothing,1,119.47,15.0,53.96,6383.79,3.2,East,4,290,0,6,2,8,140.64,101.55,-66.17,1,At-Risk Customer
TX-10522,CUST-1546,2026-07-12,39,Clothing,2,49.35,0.0,26.48,4224.12,2.9,East,3,342,0,1,4,2,135.13,98.7,-31.12,1,At-Risk Customer
TX-10523,CUST-1525,2026-04-25,29,Grocery,2,64.85,5.0,51.97,3559.14,3.5,North,4,48,0,11,6,22,193.81,123.21,-52.11,1,At-Risk Customer
TX-10524,CUST-1739,2026-04-11,20,Clothing,1,211.4,10.0,96.73,3599.03,4.0,South,3,383,0,32,4,41,243.55,190.26,26.04,0,Regular Customer
TX-10525,CUST-1423,2025-09-06,49,Home & Kitchen,1,163.62,15.0,80.22,5259.01,5.0,South,1,219,0,28,7,59,204.52,139.08,-24.53,0,Loyal Customer
TX-10526,CUST-1016,2025-12-25,30,Home & Kitchen,1,292.56,5.0,136.84,611.07,4.4,West,3,426,0,34,5,56,322.04,277.93,118.43,0,Loyal Customer
TX-10527,CUST-1200,2026-01-29,43,Furniture,2,377.12,5.0,249.44,7921.4,4.4,West,2,235,0,9,4,15,793.97,716.53,89.83,0,Regular Customer
TX-10528,CUST-1251,2026-04-26,24,Home & Kitchen,1,314.54,0.0,173.53,6578.87,3.5,East,3,287,0,21,1,10,391.11,314.54,28.83,1,At-Risk Customer
TX-10529,CUST-1500,2026-07-08,30,Fitness,2,513.94,15.0,306.54,3530.82,4.3,West,3,188,0,1,5,4,950.3,873.7,194.16,0,Regular Customer
TX-10530,CUST-1750,2026-02-10,33,Furniture,2,669.81,15.0,448.31,1542.2,3.7,South,4,31,0,9,4,14,1194.81,1138.68,200.92,1,At-Risk Customer
TX-10531,CUST-1500,2025-11-16,52,Home & Kitchen,1,427.96,10.0,201.64,4241.55,4.1,North,3,132,0,23,7,55,427.31,385.16,106.4,0,High Value Customer
TX-10532,CUST-1076,2026-07-22,27,Electronics,1,1400.95,10.0,1015.9,7131.56,4.5,North,1,190,0,13,6,29,1292.95,1260.86,133.48,0,Regular Customer
TX-10533,CUST-1645,2025-12-10,32,Electronics,2,1915.97,15.0,1386.43,3644.37,4.4,South,2,448,1,9,6,23,3306.73,3257.15,-44.0,1,At-Risk Customer
TX-10534,CUST-1517,2026-04-04,57,Clothing,1,232.59,0.0,84.04,7898.36,4.7,North,4,85,0,37,7,82,275.27,232.59,12.07,0,Loyal Customer
TX-10535,CUST-1682,2026-06-25,26,Grocery,4,6.69,10.0,5.51,2756.89,1.7,West,3,140,1,5,2,11,86.19,24.08,-48.5,1,At-Risk Customer
TX-10536,CUST-1544,2026-05-23,42,Grocery,2,53.1,15.0,44.53,561.1,3.9,North,4,46,1,4,8,18,149.97,90.27,-53.0,1,At-Risk Customer
TX-10537,CUST-1739,2026-01-01,55,Home & Kitchen,2,99.14,5.0,42.6,5856.62,4.6,East,3,174,1,17,5,32,259.93,188.37,-48.5,0,Regular Customer
TX-10538,CUST-1714,2026-07-25,28,Grocery,4,70.35,10.0,57.64,647.62,3.0,South,3,146,1,40,5,62,314.65,253.26,-48.5,1,At-Risk Customer
TX-10539,CUST-1098,2026-05-09,33,Furniture,4,1114.1,20.0,738.69,2599.53,4.3,South,4,318,0,1,2,7,3611.08,3565.12,553.37,0,Regular Customer
TX-10540,CUST-1539,2025-12-21,60,Clothing,1,91.61,15.0,45.08,4788.86,4.1,East,1,121,0,24,7,55,99.39,77.87,-43.54,0,Loyal Customer
TX-10541,CUST-1080,2026-02-21,37,Grocery,2,9.62,5.0,8.39,6668.88,3.7,West,2,43,0,10,7,22,97.61,18.28,-107.54,1,At-Risk Customer
TX-10542,CUST-1713,2025-12-07,33,Clothing,2,215.06,10.0,93.27,6308.58,4.6,North,3,178,0,14,4,23,432.09,387.11,92.44,0,Regular Customer
TX-10543,CUST-1665,2025-08-30,49,Electronics,1,441.11,5.0,320.56,7494.07,3.9,West,4,108,0,4,8,13,468.83,419.05,-31.92,0,Regular Customer
TX-10544,CUST-1565,2026-04-14,32,Electronics,1,449.67,5.0,274.78,3029.28,5.0,North,4,24,0,30,4,36,472.45,427.19,88.97,0,High Value Customer
TX-10545,CUST-1084,2026-04-26,36,Grocery,6,39.13,5.0,32.79,2184.96,3.5,East,4,229,0,32,4,45,274.24,223.04,-24.47,1,At-Risk Customer
TX-10546,CUST-1097,2026-05-11,28,Electronics,3,1205.93,0.0,801.33,2328.82,4.7,South,3,59,0,19,5,33,3647.7,3617.79,1165.37,0,Loyal Customer
TX-10547,CUST-1708,2026-05-31,34,Grocery,15,25.91,5.0,20.33,4719.81,4.7,East,3,351,1,36,2,25,430.52,369.22,-48.5,0,Regular Customer
TX-10548,CUST-1076,2026-07-30,41,Clothing,6,87.0,10.0,44.38,6522.92,3.9,North,2,310,0,26,3,30,539.78,469.8,96.68,0,Regular Customer
TX-10549,CUST-1322,2025-08-22,48,Furniture,2,1152.12,20.0,686.34,3300.34,5.0,South,3,87,0,23,2,19,1870.48,1843.39,407.71,0,Regular Customer
TX-10550,CUST-1729,2026-03-05,34,Electronics,2,1378.89,10.0,924.8,5642.8,3.6,East,2,242,0,42,4,55,2545.3,2482.0,538.76,0,Regular Customer
TX-10551,CUST-1246,2026-05-31,18,Grocery,4,24.23,0.0,17.0,5448.66,3.3,East,5,424,0,11,6,22,157.23,96.92,-75.31,1,At-Risk Customer
TX-10552,CUST-1757,2025-10-24,36,Fitness,2,580.87,5.0,370.78,1556.78,4.8,North,4,142,0,5,3,8,1128.07,1103.65,320.74,0,Regular Customer
TX-10553,CUST-1354,2025-09-10,49,Electronics,3,508.66,5.0,352.68,1721.87,4.5,West,4,40,0,1,2,3,1520.2,1449.68,347.81,0,Regular Customer
TX-10554,CUST-1077,2026-02-04,45,Home & Kitchen,2,210.0,10.0,114.52,3465.17,3.7,West,2,218,0,37,6,70,448.48,378.0,87.98,0,Loyal Customer
TX-10555,CUST-1334,2025-08-29,21,Fitness,3,476.56,0.0,269.28,1097.42,5.0,East,3,215,0,12,1,12,1507.93,1429.68,591.88,0,Regular Customer
TX-10556,CUST-1461,2026-04-22,42,Furniture,1,948.94,15.0,661.61,3041.01,3.1,East,3,161,0,5,3,8,848.51,806.6,85.87,1,At-Risk Customer
TX-10557,CUST-1384,2026-03-23,53,Furniture,2,1134.78,0.0,690.48,2083.69,3.4,West,2,151,1,20,3,21,2323.95,2269.56,-44.0,1,At-Risk Customer
TX-10558,CUST-1633,2026-01-12,38,Furniture,2,585.47,0.0,401.67,1481.32,4.6,North,4,216,0,42,3,45,1197.73,1170.94,327.38,0,High Value Customer
TX-10559,CUST-1157,2026-02-24,30,Fitness,2,475.29,10.0,304.86,3952.9,4.7,South,1,110,0,4,9,17,918.65,855.52,182.01,0,Regular Customer
TX-10560,CUST-1324,2026-02-14,44,Electronics,3,347.54,5.0,218.24,1387.59,4.3,North,5,77,1,15,3,15,1010.9,990.49,-57.5,1,At-Risk Customer
TX-10561,CUST-1315,2026-03-29,54,Clothing,4,213.66,5.0,115.36,3019.78,4.3,East,3,431,0,6,6,18,878.01,811.91,291.67,0,Regular Customer
TX-10562,CUST-1089,2025-11-17,43,Grocery,4,48.48,5.0,35.44,3637.81,3.4,West,4,172,0,30,4,38,215.05,184.22,-30.1,1,At-Risk Customer
TX-10563,CUST-1524,2026-03-10,19,Electronics,3,640.68,15.0,498.64,6455.45,4.3,North,3,296,0,25,2,17,1678.41,1633.73,27.48,0,Regular Customer
TX-10564,CUST-1567,2025-09-30,33,Home & Kitchen,2,434.66,10.0,253.0,3275.67,4.5,East,3,200,0,39,3,35,820.67,782.39,213.75,0,Regular Customer
TX-10565,CUST-1012,2026-01-10,31,Grocery,4,44.14,10.0,35.96,5353.76,4.1,West,5,434,0,28,3,31,185.42,158.9,-87.74,0,Regular Customer
TX-10566,CUST-1742,2026-05-27,58,Furniture,3,1068.23,0.0,694.18,591.35,3.9,South,1,349,0,31,4,38,3247.92,3204.69,1108.78,0,Regular Customer
TX-10567,CUST-1173,2025-10-24,28,Clothing,3,103.63,10.0,51.65,2255.21,3.7,East,5,148,0,42,1,17,342.73,279.8,68.52,1,At-Risk Customer
TX-10568,CUST-1149,2025-09-15,39,Furniture,4,292.68,25.0,150.24,953.27,3.7,West,1,49,0,17,3,22,934.24,878.04,258.28,1,At-Risk Customer
TX-10569,CUST-1306,2026-04-18,42,Electronics,1,1947.28,5.0,1364.03,750.63,3.9,East,3,364,0,35,7,77,1892.33,1849.92,461.13,0,Loyal Customer
TX-10570,CUST-1252,2026-06-30,25,Grocery,10,50.55,0.0,39.72,5329.01,3.7,South,4,89,0,29,3,32,525.92,505.5,10.36,1,At-Risk Customer
TX-10571,CUST-1138,2026-01-16,31,Electronics,1,757.41,20.0,478.58,561.67,3.9,West,2,375,0,25,3,22,684.46,605.93,109.92,0,Regular Customer
TX-10572,CUST-1635,2026-02-24,42,Clothing,2,240.86,15.0,94.33,7000.73,4.2,West,3,335,0,20,4,25,430.99,409.46,102.29,0,Regular Customer
TX-10573,CUST-1666,2026-06-14,44,Furniture,1,1079.12,10.0,690.54,1526.89,4.3,East,1,324,0,13,3,16,1027.72,971.21,253.26,0,Regular Customer
TX-10574,CUST-1711,2025-11-24,31,Grocery,6,23.25,20.0,19.95,6638.02,5.0,East,3,257,0,12,3,11,186.13,111.6,-121.17,0,Regular Customer
TX-10575,CUST-1407,2026-01-24,46,Clothing,3,118.63,0.0,41.92,1308.92,4.7,West,1,302,0,32,6,55,407.82,355.89,206.0,0,High Value Customer
TX-10576,CUST-1800,2025-12-16,33,Clothing,2,116.8,5.0,45.82,4561.97,5.0,West,5,60,0,37,1,17,243.37,221.92,39.35,0,Regular Customer
TX-10577,CUST-1402,2026-02-16,20,Electronics,4,1554.46,25.0,1141.69,578.95,4.7,South,2,224,0,43,3,40,4720.89,4663.38,78.94,0,High Value Customer
TX-10578,CUST-1558,2025-11-14,41,Fitness,1,76.51,20.0,39.13,7008.37,4.9,North,2,430,0,17,6,33,110.6,61.21,-92.05,0,Regular Customer
TX-10579,CUST-1472,2026-08-11,18,Furniture,1,534.55,5.0,313.69,6578.52,4.3,West,3,292,0,34,4,44,555.53,507.82,81.95,0,High Value Customer
TX-10580,CUST-1709,2025-09-18,18,Grocery,6,69.53,5.0,55.46,3797.42,3.4,West,1,378,0,4,3,7,417.13,396.32,2.1,1,At-Risk Customer
TX-10581,CUST-1310,2025-12-15,21,Clothing,3,29.87,0.0,13.56,3956.91,3.8,South,1,320,0,29,3,29,167.33,89.61,-14.92,0,Regular Customer
TX-10582,CUST-1386,2025-09-20,45,Grocery,6,59.63,20.0,46.87,5606.96,5.0,West,1,43,0,20,4,28,344.08,286.22,-83.6,0,Regular Customer
TX-10583,CUST-1547,2026-04-30,58,Fitness,1,380.05,5.0,202.62,4918.5,3.8,West,2,315,0,44,2,34,397.52,361.05,75.65,0,Regular Customer
TX-10584,CUST-1368,2026-08-08,19,Home & Kitchen,1,229.72,25.0,106.51,1700.56,4.3,North,4,400,0,18,3,16,233.18,172.29,22.27,0,Regular Customer
TX-10585,CUST-1254,2026-07-16,48,Fitness,1,567.71,5.0,348.92,3484.65,5.0,East,2,234,0,1,4,5,562.24,539.32,129.13,0,Regular Customer
TX-10586,CUST-1627,2025-09-05,49,Home & Kitchen,2,275.7,15.0,165.26,5504.1,4.5,West,2,429,0,22,1,12,517.73,468.69,46.61,0,Regular Customer
TX-10587,CUST-1339,2026-03-22,31,Electronics,3,1898.97,0.0,1450.86,7984.36,4.0,North,4,352,0,8,1,4,5733.79,5696.91,1206.56,1,At-Risk Customer
TX-10588,CUST-1227,2026-05-02,39,Fitness,2,307.61,0.0,152.17,4646.31,5.0,South,2,430,0,2,4,4,637.5,615.22,232.19,0,Regular Customer
TX-10589,CUST-1400,2026-04-08,28,Fitness,1,454.12,15.0,292.32,7813.02,2.8,South,3,86,0,25,4,36,434.22,386.0,-37.01,1,At-Risk Customer
TX-10590,CUST-1025,2026-04-18,47,Electronics,1,1522.88,15.0,1124.63,4995.71,2.9,East,1,408,0,7,7,17,1349.94,1294.45,90.38,1,At-Risk Customer
TX-10591,CUST-1087,2025-10-12,30,Fitness,1,176.08,20.0,107.25,5436.22,4.2,South,1,29,0,10,6,19,189.1,140.86,-52.43,0,Regular Customer
TX-10592,CUST-1351,2026-04-04,25,Furniture,1,594.49,25.0,371.7,5065.13,2.8,West,6,345,0,6,3,14,513.49,445.87,-28.81,1,At-Risk Customer
TX-10593,CUST-1099,2026-03-26,28,Fitness,2,201.65,10.0,128.57,1116.75,4.7,West,5,433,0,1,4,5,427.77,362.97,66.58,0,Regular Customer
TX-10594,CUST-1307,2025-09-05,31,Fitness,3,206.11,10.0,129.41,7924.85,4.9,North,5,437,1,30,5,50,592.5,556.5,-57.5,0,High Value Customer
TX-10595,CUST-1351,2026-07-11,27,Electronics,5,1570.31,15.0,1076.72,7643.68,5.0,South,3,347,0,36,2,25,6725.33,6673.82,1162.06,0,Regular Customer
TX-10596,CUST-1758,2025-12-16,31,Home & Kitchen,2,208.06,10.0,98.23,4790.75,3.3,South,4,353,0,24,4,31,438.59,374.51,88.19,1,At-Risk Customer
TX-10597,CUST-1338,2026-05-27,26,Grocery,6,36.1,0.0,25.81,6769.32,4.8,West,3,288,0,36,1,14,272.61,216.6,-53.3,0,Regular Customer
TX-10598,CUST-1414,2026-07-02,24,Furniture,1,684.96,10.0,444.84,6422.96,5.0,South,2,343,0,20,5,29,656.08,616.46,66.28,0,Loyal Customer
TX-10599,CUST-1442,2026-03-04,58,Electronics,2,1213.55,15.0,863.62,5794.52,3.5,South,6,52,0,24,1,8,2134.92,2063.03,221.88,1,At-Risk Customer
TX-10600,CUST-1439,2026-03-01,55,Electronics,2,1941.74,20.0,1180.12,3486.16,3.7,South,4,35,0,12,3,16,3176.3,3106.78,676.25,1,At-Risk Customer
TX-10601,CUST-1770,2026-08-09,23,Electronics,2,1534.63,0.0,1092.91,3364.88,3.2,North,1,101,0,48,5,70,3096.33,3069.26,828.47,1,At-Risk Customer
TX-10602,CUST-1549,2025-11-17,44,Clothing,2,122.67,10.0,65.71,6840.64,4.5,East,2,291,0,3,5,11,294.47,220.81,-22.22,0,Regular Customer
TX-10603,CUST-1116,2025-12-26,22,Fitness,2,219.77,5.0,108.78,4723.21,4.0,West,6,215,0,33,5,49,494.49,417.56,102.15,0,High Value Customer
TX-10604,CUST-1654,2026-01-21,22,Home & Kitchen,5,417.82,0.0,202.0,2797.58,3.2,West,4,33,0,23,3,27,2121.83,2089.1,1019.14,1,At-Risk Customer
TX-10605,CUST-1601,2025-10-11,33,Clothing,1,49.7,5.0,23.09,2775.27,4.1,East,3,26,0,21,5,39,93.85,47.22,-31.0,0,Loyal Customer
TX-10606,CUST-1632,2025-11-10,44,Fitness,2,188.7,5.0,106.5,7588.38,4.8,East,3,371,0,33,4,38,431.45,358.53,18.2,0,High Value Customer
TX-10607,CUST-1604,2025-09-26,59,Fitness,1,117.95,15.0,53.16,1243.96,3.0,South,3,363,0,21,2,15,162.57,100.26,14.94,1,At-Risk Customer
TX-10608,CUST-1244,2026-01-17,42,Electronics,1,1415.7,0.0,853.21,7434.75,4.2,South,3,278,0,9,2,11,1438.02,1415.7,437.47,0,Regular Customer
TX-10609,CUST-1144,2026-05-02,32,Grocery,2,65.83,0.0,56.49,6084.18,3.7,West,3,76,0,18,5,34,208.07,131.66,-86.08,1,At-Risk Customer
TX-10610,CUST-1588,2026-02-26,44,Grocery,10,22.33,10.0,17.68,3459.72,3.2,South,2,141,0,1,2,2,266.36,200.97,-36.73,1,At-Risk Customer
TX-10611,CUST-1550,2026-08-04,18,Fitness,1,157.56,0.0,95.36,1963.81,5.0,South,4,376,0,13,3,18,188.04,157.56,14.74,0,Regular Customer
TX-10612,CUST-1501,2026-01-08,18,Furniture,2,908.78,5.0,512.8,6143.55,4.2,South,2,444,0,19,2,11,1794.4,1726.68,599.93,0,Regular Customer
TX-10613,CUST-1461,2026-06-27,49,Electronics,2,939.42,5.0,645.23,5737.35,5.0,East,1,364,0,16,4,20,1835.04,1784.9,403.88,0,Regular Customer
TX-10614,CUST-1496,2025-10-22,38,Furniture,1,908.56,0.0,469.73,5870.96,4.5,West,5,75,0,12,5,22,934.38,908.56,328.27,0,Regular Customer
TX-10615,CUST-1517,2026-07-14,47,Grocery,15,10.01,0.0,8.7,2684.54,3.7,West,5,208,0,12,4,20,204.79,150.15,-43.12,1,At-Risk Customer
TX-10616,CUST-1425,2026-08-12,39,Grocery,4,20.13,0.0,15.65,7659.78,4.6,West,4,372,0,11,3,12,114.26,80.52,-114.98,0,Regular Customer
TX-10617,CUST-1578,2025-08-29,32,Furniture,4,418.2,10.0,251.48,7174.48,3.4,East,2,432,1,45,4,58,1566.14,1505.52,-44.0,1,At-Risk Customer
TX-10618,CUST-1230,2026-05-16,35,Clothing,2,217.9,5.0,80.82,1284.78,5.0,South,3,289,0,39,4,53,445.79,414.01,219.6,0,High Value Customer
TX-10619,CUST-1579,2026-04-24,42,Home & Kitchen,2,385.32,30.0,190.52,7926.99,3.2,North,4,401,0,30,4,37,582.69,539.45,21.5,1,At-Risk Customer
TX-10620,CUST-1274,2026-05-19,39,Clothing,1,181.27,15.0,65.46,1099.2,5.0,North,2,446,0,32,3,34,192.82,154.08,63.13,0,Regular Customer
TX-10621,CUST-1451,2026-05-20,64,Furniture,2,979.36,5.0,618.22,4053.56,4.4,West,5,345,0,16,4,21,1885.39,1860.78,541.04,0,Regular Customer
TX-10622,CUST-1669,2025-12-18,35,Clothing,3,162.08,10.0,65.64,2936.18,3.3,North,4,120,0,14,3,15,470.15,437.62,178.65,1,At-Risk Customer
TX-10623,CUST-1356,2025-09-27,32,Grocery,2,19.4,0.0,16.74,652.1,5.0,North,5,101,0,33,3,31,113.15,38.8,-26.96,0,Regular Customer
TX-10624,CUST-1242,2025-11-29,39,Fitness,3,144.81,20.0,66.11,1719.9,2.8,East,5,208,0,16,5,24,402.16,347.54,100.92,1,At-Risk Customer
TX-10625,CUST-1624,2026-07-03,24,Grocery,4,34.3,10.0,29.85,6051.12,4.5,South,4,322,0,18,5,33,197.85,123.48,-104.69,0,Regular Customer
TX-10626,CUST-1211,2025-11-27,38,Electronics,1,744.77,10.0,554.29,1812.1,3.3,East,5,342,0,23,5,35,709.18,670.29,66.32,1,At-Risk Customer
TX-10627,CUST-1611,2026-05-16,45,Furniture,2,859.86,10.0,491.32,7701.89,4.4,East,4,261,0,15,3,19,1609.91,1547.75,431.58,0,Regular Customer
TX-10628,CUST-1299,2026-01-09,18,Home & Kitchen,2,267.92,15.0,115.17,616.12,3.2,East,5,420,0,12,3,16,509.93,455.46,193.38,1,At-Risk Customer
TX-10629,CUST-1526,2026-07-27,41,Electronics,2,1639.17,0.0,1092.19,3398.12,4.3,South,1,32,0,16,5,23,3354.57,3278.34,1038.49,0,Regular Customer
TX-10630,CUST-1421,2025-09-13,41,Clothing,4,194.87,15.0,71.67,750.52,3.5,South,3,233,0,1,6,4,698.99,662.56,351.12,1,At-Risk Customer
TX-10631,CUST-1135,2025-12-19,38,Furniture,1,1195.95,10.0,676.8,5888.31,3.9,East,4,33,0,17,4,22,1128.55,1076.36,293.23,0,Regular Customer
TX-10632,CUST-1779,2026-07-26,37,Grocery,15,5.83,0.0,4.14,845.34,4.5,West,3,221,0,19,2,12,146.8,87.45,-0.83,0,Regular Customer
TX-10633,CUST-1647,2025-12-29,22,Fitness,1,57.02,20.0,30.6,7461.63,4.6,West,5,390,0,22,4,30,115.75,45.62,-119.41,0,Regular Customer
TX-10634,CUST-1077,2026-07-04,23,Electronics,1,1910.0,5.0,1412.67,5591.59,2.4,West,1,272,0,22,4,26,1846.77,1814.5,313.46,1,At-Risk Customer
TX-10635,CUST-1284,2026-08-04,38,Clothing,1,58.15,15.0,22.21,6592.22,3.5,West,4,61,0,11,5,16,73.74,49.43,-89.67,1,At-Risk Customer
TX-10636,CUST-1335,2026-06-07,45,Electronics,1,273.21,10.0,188.44,2190.93,4.2,North,3,285,0,12,4,19,282.31,245.89,11.09,0,Regular Customer
TX-10637,CUST-1469,2026-07-05,30,Fitness,1,151.69,5.0,87.49,2943.73,3.3,East,3,72,0,1,4,6,201.46,144.11,-1.04,1,At-Risk Customer
TX-10638,CUST-1547,2026-03-05,39,Furniture,1,926.49,10.0,608.45,5157.24,3.1,West,4,352,0,28,4,38,862.33,833.84,130.03,1,At-Risk Customer
TX-10639,CUST-1506,2025-12-29,46,Clothing,1,34.89,5.0,18.05,5509.5,5.0,East,1,287,0,1,3,7,78.56,33.15,-72.05,0,Regular Customer
TX-10640,CUST-1591,2025-10-19,39,Home & Kitchen,2,142.17,10.0,69.38,1329.4,4.2,West,1,253,0,25,4,33,311.2,255.91,92.7,0,Regular Customer
TX-10641,CUST-1698,2025-09-07,50,Electronics,4,694.95,5.0,456.67,3098.76,3.1,North,4,247,0,20,4,31,2684.8,2640.81,749.65,1,At-Risk Customer
TX-10642,CUST-1470,2025-08-22,18,Electronics,1,739.24,5.0,522.56,5273.98,4.6,South,3,27,0,32,2,25,774.29,702.28,87.11,0,Regular Customer
TX-10643,CUST-1000,2026-03-21,29,Furniture,1,406.84,0.0,265.71,5706.7,4.0,South,3,302,0,29,5,46,455.35,406.84,42.03,0,High Value Customer
TX-10644,CUST-1309,2025-11-03,41,Clothing,4,82.16,5.0,33.79,3576.23,3.8,North,2,370,0,16,2,13,349.94,312.21,114.4,1,At-Risk Customer
TX-10645,CUST-1256,2025-09-25,51,Clothing,1,190.75,0.0,78.11,6787.21,4.0,South,4,67,1,34,3,34,211.9,190.75,-53.0,1,At-Risk Customer
TX-10646,CUST-1640,2026-01-17,46,Fitness,1,123.07,15.0,74.24,2464.47,5.0,South,4,367,0,22,3,26,155.21,104.61,-24.6,0,Regular Customer
TX-10647,CUST-1093,2026-08-09,45,Electronics,1,1212.3,15.0,752.57,4974.81,4.6,North,2,274,0,27,4,37,1095.52,1030.45,194.26,0,High Value Customer
TX-10648,CUST-1079,2025-10-20,51,Home & Kitchen,1,210.12,0.0,115.92,5967.6,4.5,South,3,131,0,19,3,21,256.1,210.12,-8.81,0,Regular Customer
TX-10649,CUST-1455,2025-08-18,34,Electronics,1,1701.39,0.0,1163.84,3690.73,4.8,East,4,97,0,37,6,68,1731.58,1701.39,464.19,0,High Value Customer
TX-10650,CUST-1432,2026-08-04,48,Furniture,2,977.26,10.0,538.25,2921.11,5.0,West,1,134,0,21,4,31,1813.93,1759.07,634.25,0,Regular Customer
TX-10651,CUST-1392,2025-09-28,18,Fitness,1,106.99,0.0,57.06,3619.37,4.2,North,4,377,0,17,4,23,168.68,106.99,-22.36,0,Regular Customer
TX-10652,CUST-1376,2026-01-14,37,Furniture,1,768.85,5.0,489.64,2974.77,3.5,West,3,127,0,23,8,55,788.39,730.41,182.65,1,At-Risk Customer
TX-10653,CUST-1771,2025-10-21,55,Fitness,1,273.79,15.0,164.72,2504.71,4.5,South,3,258,0,1,3,2,286.38,232.72,16.93,0,Regular Customer
TX-10654,CUST-1576,2025-08-18,37,Home & Kitchen,1,164.09,25.0,78.52,5625.02,3.2,South,4,148,0,4,2,11,169.05,123.07,-57.83,1,At-Risk Customer
TX-10655,CUST-1739,2025-12-01,26,Fitness,1,381.53,15.0,227.09,5025.63,4.6,South,5,345,0,1,10,11,377.12,324.3,-0.67,0,Regular Customer
TX-10656,CUST-1630,2026-07-31,34,Grocery,4,25.31,20.0,22.27,5571.75,3.6,South,4,46,1,1,5,3,152.28,80.99,-53.0,1,At-Risk Customer
TX-10657,CUST-1102,2025-10-24,51,Electronics,1,1474.02,15.0,984.08,6909.24,3.5,West,5,246,0,25,4,34,1326.99,1252.92,142.7,1,At-Risk Customer
TX-10658,CUST-1439,2026-01-22,32,Furniture,2,1044.01,10.0,711.23,5811.11,3.3,South,3,143,0,36,2,24,1932.11,1879.22,356.09,1,At-Risk Customer
TX-10659,CUST-1086,2025-12-19,45,Home & Kitchen,2,315.23,20.0,164.36,6662.35,4.6,East,1,328,0,13,1,6,560.0,504.37,71.21,0,Regular Customer
TX-10660,CUST-1707,2025-08-27,37,Fitness,2,492.69,5.0,273.0,775.83,4.0,East,3,388,0,27,4,33,986.72,936.11,364.97,0,Regular Customer
TX-10661,CUST-1621,2026-05-01,27,Furniture,2,1056.21,25.0,639.12,2906.61,3.2,West,5,206,0,18,3,22,1659.68,1584.32,239.98,1,At-Risk Customer
TX-10662,CUST-1055,2025-12-14,31,Grocery,10,9.11,10.0,7.53,7533.15,3.5,West,3,440,0,22,2,20,157.72,81.99,-119.81,1,At-Risk Customer
TX-10663,CUST-1511,2026-07-06,26,Home & Kitchen,3,323.81,0.0,148.52,6433.87,2.8,North,5,152,0,42,8,105,1028.85,971.43,406.86,1,At-Risk Customer
TX-10664,CUST-1012,2026-02-14,18,Clothing,2,246.89,15.0,126.96,2521.71,3.7,South,3,434,0,11,4,14,485.44,419.71,114.47,1,At-Risk Customer
TX-10665,CUST-1582,2026-03-17,29,Clothing,4,62.92,5.0,27.76,4538.72,4.0,South,5,223,0,6,1,2,312.14,239.1,37.48,1,At-Risk Customer
TX-10666,CUST-1788,2025-09-20,20,Electronics,2,586.01,5.0,363.83,1102.37,2.7,North,3,364,1,22,3,27,1139.31,1113.42,-48.5,1,At-Risk Customer
TX-10667,CUST-1220,2025-09-03,54,Electronics,3,587.78,20.0,382.89,837.02,3.8,West,1,164,0,49,5,71,1466.61,1410.67,244.95,0,Loyal Customer
TX-10668,CUST-1643,2026-08-13,27,Home & Kitchen,1,116.58,10.0,56.02,2395.57,5.0,West,2,203,0,15,2,13,149.55,104.92,3.97,0,Regular Customer
TX-10669,CUST-1411,2025-09-25,42,Fitness,2,111.15,0.0,52.33,2800.8,3.5,South,1,274,0,4,7,12,291.14,222.3,71.13,1,At-Risk Customer
TX-10670,CUST-1317,2025-09-23,36,Home & Kitchen,1,390.36,5.0,213.66,4309.21,3.3,South,4,148,0,24,6,44,406.26,370.84,74.54,1,At-Risk Customer
TX-10671,CUST-1159,2026-05-15,32,Clothing,2,74.77,0.0,40.93,4591.72,3.8,West,4,332,0,30,4,35,213.9,149.54,-19.2,0,Regular Customer
TX-10672,CUST-1781,2026-07-12,23,Fitness,2,276.9,15.0,171.47,4905.31,4.7,North,5,25,0,16,3,21,513.14,470.73,31.71,0,Regular Customer
TX-10673,CUST-1447,2025-12-14,39,Electronics,1,350.9,25.0,212.45,7556.48,3.6,South,2,278,1,15,5,25,322.58,263.17,-44.0,1,At-Risk Customer
TX-10674,CUST-1444,2025-10-12,51,Grocery,4,66.34,25.0,49.91,1735.56,3.9,North,3,416,0,13,8,30,272.22,199.02,-40.15,0,Regular Customer
TX-10675,CUST-1759,2026-07-16,29,Fitness,2,585.17,20.0,297.03,6182.43,4.9,South,1,182,0,22,7,52,964.08,936.27,244.98,0,High Value Customer
TX-10676,CUST-1724,2025-10-23,51,Fitness,1,592.67,10.0,313.88,6692.07,5.0,North,6,223,0,7,2,8,553.41,533.4,92.14,0,Regular Customer
TX-10677,CUST-1355,2026-05-08,29,Home & Kitchen,2,132.41,5.0,60.85,5560.05,4.4,East,1,202,0,19,7,45,329.02,251.58,41.98,0,Loyal Customer
TX-10678,CUST-1129,2025-12-29,32,Fitness,2,272.27,20.0,169.17,5118.32,3.9,North,3,229,0,12,5,18,475.04,435.63,7.02,0,Regular Customer
TX-10679,CUST-1030,2026-02-01,39,Grocery,10,43.85,10.0,36.56,3800.05,5.0,East,5,104,0,12,3,11,430.33,394.65,-50.45,0,Regular Customer
TX-10680,CUST-1269,2026-08-13,28,Home & Kitchen,1,102.82,0.0,43.15,1672.8,5.0,North,2,152,0,31,7,70,155.61,102.82,25.58,0,Loyal Customer
TX-10681,CUST-1523,2026-02-14,56,Electronics,2,1115.43,20.0,718.67,3296.53,3.1,West,3,212,0,34,3,36,1804.91,1784.69,284.4,1,At-Risk Customer
TX-10682,CUST-1170,2026-02-18,25,Furniture,1,561.31,0.0,346.81,6310.41,4.2,East,4,423,0,18,5,34,607.04,561.31,101.84,0,Regular Customer
TX-10683,CUST-1587,2026-07-25,34,Fitness,1,588.38,20.0,377.72,6857.09,5.0,North,4,270,0,5,7,16,494.33,470.7,-27.87,0,Regular Customer
TX-10684,CUST-1521,2025-08-15,40,Electronics,2,1123.39,5.0,736.57,6177.59,5.0,North,5,446,0,21,4,29,2181.93,2134.44,546.14,0,Regular Customer
TX-10685,CUST-1483,2026-02-16,52,Grocery,4,79.5,0.0,65.36,5306.88,4.7,South,4,316,0,20,4,28,385.58,318.0,-41.04,0,Regular Customer
TX-10686,CUST-1036,2026-05-24,56,Fitness,1,561.11,25.0,300.57,6975.82,4.9,West,2,397,0,1,6,9,442.78,420.83,6.63,0,Regular Customer
TX-10687,CUST-1254,2026-03-15,50,Fitness,2,234.12,0.0,114.79,1022.55,5.0,East,1,59,0,15,2,15,532.67,468.24,218.82,0,Regular Customer
TX-10688,CUST-1079,2026-06-02,31,Clothing,1,101.48,5.0,53.78,1390.04,4.8,North,6,432,0,12,4,17,132.46,96.41,-5.22,0,Regular Customer
TX-10689,CUST-1053,2025-11-13,35,Furniture,2,992.17,5.0,652.64,3903.9,3.5,North,4,358,0,20,4,24,1943.02,1885.12,503.28,1,At-Risk Customer
TX-10690,CUST-1070,2026-04-09,24,Clothing,1,222.72,0.0,115.18,6533.99,3.5,East,2,376,0,22,5,32,289.44,222.72,0.53,1,At-Risk Customer
TX-10691,CUST-1566,2026-04-04,45,Electronics,1,1075.51,15.0,824.05,2114.25,5.0,East,3,61,0,1,3,3,948.97,914.18,44.92,0,Regular Customer
TX-10692,CUST-1577,2026-01-16,41,Fitness,1,251.06,5.0,113.05,1282.6,5.0,South,3,390,0,12,4,20,307.08,238.51,92.72,0,Regular Customer
TX-10693,CUST-1605,2026-04-23,48,Furniture,1,694.48,15.0,431.11,7428.7,4.2,South,5,439,0,25,5,43,658.65,590.31,25.27,0,High Value Customer
TX-10694,CUST-1419,2025-08-26,30,Furniture,2,863.48,0.0,486.22,6220.15,3.4,East,3,321,0,30,7,61,1779.95,1726.96,647.72,1,At-Risk Customer
TX-10695,CUST-1710,2025-08-18,25,Clothing,2,130.01,5.0,48.11,3992.14,3.7,North,1,359,0,17,4,23,313.33,247.02,86.42,0,Regular Customer
TX-10696,CUST-1385,2026-01-18,32,Electronics,1,2184.48,20.0,1351.12,7454.49,4.7,South,5,117,0,28,1,9,1803.33,1747.58,262.15,0,Regular Customer
TX-10697,CUST-1243,2026-03-16,42,Grocery,15,45.01,5.0,38.18,6225.43,2.6,North,3,79,0,16,1,6,700.29,641.39,-38.19,1,At-Risk Customer
TX-10698,CUST-1145,2026-08-13,22,Clothing,1,213.5,0.0,115.75,7135.43,4.3,North,4,390,1,34,5,52,269.37,213.5,-53.0,1,At-Risk Customer
TX-10699,CUST-1237,2026-05-07,28,Grocery,4,33.48,10.0,28.79,7169.29,5.0,East,3,385,0,42,4,54,195.15,120.53,-115.67,0,Regular Customer
TX-10700,CUST-1765,2025-09-26,36,Home & Kitchen,2,432.65,10.0,187.98,5597.56,2.7,North,1,371,0,7,1,9,810.06,778.77,314.35,1,At-Risk Customer
TX-10701,CUST-1652,2026-03-03,41,Electronics,1,523.63,15.0,369.54,6377.77,4.0,North,4,66,0,5,1,2,485.64,445.09,-38.12,1,At-Risk Customer
TX-10702,CUST-1133,2025-12-13,52,Clothing,2,58.78,5.0,28.33,5464.38,4.1,East,5,174,0,18,1,14,186.65,111.68,-49.44,0,Regular Customer
TX-10703,CUST-1402,2026-08-07,34,Fitness,1,346.35,5.0,222.01,4124.37,4.3,East,3,232,0,37,3,39,378.88,329.03,31.66,0,High Value Customer
TX-10704,CUST-1278,2025-12-11,39,Electronics,4,1070.15,15.0,789.45,7635.98,3.8,South,1,204,0,22,3,20,3692.96,3638.51,361.67,0,Regular Customer
TX-10705,CUST-1788,2026-06-09,18,Electronics,3,1139.41,5.0,725.82,7688.87,4.3,South,4,441,0,6,2,11,3276.69,3247.32,936.53,0,Regular Customer
TX-10706,CUST-1460,2026-04-09,18,Clothing,2,192.34,5.0,87.63,7990.24,4.3,West,3,77,0,24,2,15,419.83,365.45,56.83,0,Regular Customer
TX-10707,CUST-1366,2025-11-28,29,Grocery,2,78.34,5.0,60.96,5592.78,5.0,East,3,229,0,35,3,34,194.31,148.85,-70.47,0,Regular Customer
TX-10708,CUST-1122,2025-09-29,20,Furniture,1,1178.32,0.0,660.78,4332.57,2.9,East,4,311,0,7,1,3,1247.9,1178.32,434.55,1,At-Risk Customer
TX-10709,CUST-1713,2026-06-18,34,Electronics,2,1149.05,10.0,853.05,6434.03,3.7,South,1,111,0,30,3,30,2136.14,2068.29,261.18,0,Regular Customer
TX-10710,CUST-1335,2025-10-28,49,Electronics,1,1092.56,5.0,772.51,6175.19,4.6,South,1,75,0,17,4,25,1074.26,1037.93,168.29,0,Regular Customer
TX-10711,CUST-1405,2026-05-03,31,Electronics,1,376.31,5.0,275.83,981.01,4.5,East,4,257,0,12,5,26,410.02,357.49,48.95,0,Regular Customer
TX-10712,CUST-1178,2025-08-29,42,Grocery,2,65.5,10.0,46.05,3318.2,4.5,West,2,172,0,29,5,46,163.42,117.9,-32.97,0,Loyal Customer
TX-10713,CUST-1563,2025-12-19,29,Electronics,1,1892.31,0.0,1356.16,4937.52,4.2,West,1,210,0,25,5,43,1955.58,1892.31,457.59,0,High Value Customer
TX-10714,CUST-1143,2025-10-15,32,Electronics,4,403.43,0.0,273.0,2425.56,3.9,North,3,39,0,9,1,9,1662.91,1613.72,471.84,1,At-Risk Customer
TX-10715,CUST-1227,2025-10-19,31,Furniture,2,845.55,10.0,526.46,5280.43,3.5,West,3,304,0,31,6,54,1576.88,1521.99,376.36,1,At-Risk Customer
TX-10716,CUST-1645,2026-07-10,35,Electronics,1,487.42,0.0,344.61,4562.31,4.1,East,2,435,0,17,4,24,519.93,487.42,65.38,0,Regular Customer
TX-10717,CUST-1076,2025-08-25,42,Electronics,1,1495.46,0.0,1001.63,735.93,4.4,South,2,389,0,41,5,67,1542.53,1495.46,473.79,0,High Value Customer
TX-10718,CUST-1454,2025-10-18,45,Electronics,1,1939.16,0.0,1474.3,2458.0,4.3,East,4,427,0,16,9,50,1987.9,1939.16,409.99,0,High Value Customer
TX-10719,CUST-1472,2025-09-08,27,Furniture,2,451.25,5.0,254.69,1217.36,4.2,West,2,295,0,15,8,42,882.49,857.38,320.73,0,High Value Customer
TX-10720,CUST-1404,2026-04-25,42,Electronics,1,1386.76,0.0,849.41,7564.06,3.8,West,3,103,0,22,1,10,1430.84,1386.76,410.39,1,At-Risk Customer
TX-10721,CUST-1176,2026-02-11,43,Furniture,3,606.85,0.0,368.4,6967.24,4.4,South,3,45,0,5,1,7,1863.35,1820.55,597.34,0,Regular Customer
TX-10722,CUST-1456,2025-10-29,40,Electronics,3,1656.35,0.0,1038.73,2170.89,4.8,South,3,413,0,7,4,11,5002.71,4969.05,1806.8,0,Regular Customer
TX-10723,CUST-1510,2026-03-12,36,Home & Kitchen,1,322.17,0.0,136.5,3426.28,4.3,West,4,30,1,9,5,20,345.17,322.17,-53.0,1,At-Risk Customer
TX-10724,CUST-1286,2026-02-26,20,Furniture,1,482.35,0.0,302.96,7369.63,5.0,West,2,218,0,20,8,47,515.43,482.35,59.85,0,High Value Customer
TX-10725,CUST-1538,2025-12-19,48,Fitness,3,423.56,10.0,272.25,6006.13,2.4,North,5,447,0,24,4,28,1170.25,1143.61,214.27,1,At-Risk Customer
TX-10726,CUST-1800,2026-08-14,40,Clothing,3,205.44,10.0,101.77,5523.75,4.4,West,3,271,0,44,5,66,630.8,554.69,153.02,0,High Value Customer
TX-10727,CUST-1496,2026-02-06,25,Home & Kitchen,1,331.44,5.0,173.1,4008.79,3.0,East,1,339,0,16,3,18,343.04,314.87,77.14,1,At-Risk Customer
TX-10728,CUST-1184,2025-08-27,39,Clothing,8,204.78,5.0,73.16,3194.23,2.8,South,2,131,1,13,4,21,1598.82,1556.33,-44.0,1,At-Risk Customer
TX-10729,CUST-1797,2026-01-04,31,Electronics,3,1173.02,0.0,860.95,4945.79,2.9,West,5,59,0,17,2,14,3598.81,3519.06,839.52,1,At-Risk Customer
TX-10730,CUST-1785,2026-06-09,22,Furniture,1,584.81,5.0,364.22,6909.1,3.7,South,4,210,0,14,2,14,613.09,555.57,69.71,1,At-Risk Customer
TX-10731,CUST-1672,2025-12-15,52,Clothing,6,72.97,5.0,35.58,4422.19,2.4,North,4,210,0,16,5,23,484.07,415.93,118.12,1,At-Risk Customer
TX-10732,CUST-1224,2026-06-04,27,Grocery,6,30.98,5.0,23.58,1379.54,4.4,East,4,75,0,24,6,44,246.3,176.59,-3.59,0,Loyal Customer
TX-10733,CUST-1177,2025-11-12,28,Furniture,4,734.66,10.0,392.5,4651.69,4.0,East,3,48,0,29,5,50,2683.43,2644.78,991.5,0,High Value Customer
TX-10734,CUST-1714,2026-02-13,38,Home & Kitchen,1,100.29,0.0,59.74,4203.49,5.0,North,5,135,0,42,5,69,171.26,100.29,-45.0,0,Loyal Customer
TX-10735,CUST-1360,2026-05-31,18,Home & Kitchen,2,287.49,20.0,118.21,2100.96,4.1,South,4,37,0,18,2,14,528.03,459.98,174.05,0,Regular Customer
TX-10736,CUST-1192,2026-04-23,50,Home & Kitchen,2,254.16,15.0,118.87,4685.37,3.9,East,2,61,0,8,3,9,483.75,432.07,115.05,0,Regular Customer
TX-10737,CUST-1038,2025-09-29,39,Electronics,3,416.47,10.0,283.19,2692.47,3.9,South,6,191,0,12,3,18,1147.46,1124.47,207.51,1,At-Risk Customer
TX-10738,CUST-1020,2026-05-10,41,Grocery,6,15.23,25.0,12.28,7125.4,3.2,North,5,79,0,30,2,19,98.84,68.53,-134.53,1,At-Risk Customer
TX-10739,CUST-1628,2025-11-25,34,Furniture,1,1043.15,20.0,537.57,1386.17,3.5,East,5,28,0,11,2,10,910.61,834.52,253.66,1,At-Risk Customer
TX-10740,CUST-1331,2025-09-13,35,Electronics,3,1365.55,15.0,970.72,1954.44,4.3,South,4,345,0,16,6,36,3540.48,3482.15,522.68,0,High Value Customer
TX-10741,CUST-1145,2025-10-09,37,Home & Kitchen,2,204.0,20.0,121.47,7649.69,5.0,East,4,100,0,43,3,43,364.7,326.4,-49.29,0,High Value Customer
TX-10742,CUST-1382,2026-08-09,24,Fitness,2,95.37,10.0,43.72,3831.08,2.6,West,5,101,0,25,5,44,225.3,171.67,4.26,1,At-Risk Customer
TX-10743,CUST-1344,2026-01-15,36,Clothing,8,233.72,10.0,100.84,817.02,4.4,South,1,53,0,27,3,27,1745.23,1682.78,859.31,0,Regular Customer
TX-10744,CUST-1749,2026-03-25,34,Fitness,1,253.68,10.0,139.86,7119.61,4.2,West,4,342,0,6,4,9,254.25,228.31,-36.34,0,Regular Customer
TX-10745,CUST-1178,2026-08-11,41,Home & Kitchen,5,145.24,20.0,65.45,6573.49,5.0,East,4,443,0,13,2,11,626.68,580.96,137.11,0,Regular Customer
TX-10746,CUST-1603,2025-11-11,41,Grocery,10,33.12,0.0,26.56,6516.34,4.6,East,3,252,0,15,6,32,353.8,331.2,-45.65,0,Regular Customer
TX-10747,CUST-1301,2025-10-18,36,Furniture,1,260.19,10.0,131.26,5775.06,3.5,North,4,232,0,7,2,5,313.87,234.17,-1.71,1,At-Risk Customer
TX-10748,CUST-1586,2026-03-02,27,Home & Kitchen,3,77.15,10.0,42.07,5868.88,3.9,North,2,338,0,30,2,23,232.04,208.31,-14.94,0,Regular Customer
TX-10749,CUST-1325,2026-06-23,34,Furniture,2,1110.62,10.0,586.47,4576.17,4.0,North,3,379,0,12,4,20,2045.17,1999.12,744.03,0,Regular Customer
TX-10750,CUST-1144,2026-01-30,47,Fitness,2,162.85,5.0,97.2,2729.75,3.8,North,2,36,0,19,4,22,385.52,309.41,65.07,0,Regular Customer
TX-10751,CUST-1327,2025-11-07,31,Fitness,1,80.7,15.0,45.5,7969.93,4.9,North,1,307,0,21,3,25,118.87,68.59,-100.95,0,Regular Customer
TX-10752,CUST-1686,2026-07-07,38,Fitness,2,510.59,10.0,244.91,1776.75,4.7,East,3,194,0,13,5,20,992.89,919.06,389.09,0,Regular Customer
TX-10753,CUST-1271,2025-11-29,19,Furniture,1,582.46,5.0,374.65,849.77,3.8,North,5,23,0,16,4,19,587.43,553.34,143.44,1,At-Risk Customer
TX-10754,CUST-1110,2025-08-14,47,Electronics,1,1564.76,10.0,1033.51,4127.6,4.9,West,2,366,0,40,4,47,1430.48,1408.28,303.86,0,High Value Customer
TX-10755,CUST-1429,2025-11-07,42,Grocery,6,29.41,10.0,24.12,7690.23,3.5,West,2,317,0,8,7,25,216.08,158.81,-110.26,1,At-Risk Customer
TX-10756,CUST-1359,2026-05-20,39,Grocery,4,76.77,5.0,65.89,2258.04,2.9,North,1,398,0,21,4,32,332.71,291.73,-10.2,1,At-Risk Customer
TX-10757,CUST-1591,2026-07-13,36,Fitness,2,159.53,10.0,88.9,5253.41,3.4,South,4,185,0,20,1,10,318.35,287.15,12.55,1,At-Risk Customer
TX-10758,CUST-1075,2025-08-31,36,Clothing,2,48.24,20.0,18.79,4747.93,5.0,North,1,103,0,35,4,43,116.76,77.18,-36.11,0,Regular Customer
TX-10759,CUST-1107,2025-09-20,37,Clothing,3,219.18,20.0,94.98,2825.12,2.5,South,1,343,0,5,1,9,605.08,526.03,194.22,1,At-Risk Customer
TX-10760,CUST-1164,2025-09-21,38,Home & Kitchen,1,154.02,10.0,67.7,3852.96,5.0,North,1,288,0,28,4,34,160.55,138.62,8.62,0,Regular Customer
TX-10761,CUST-1628,2026-04-18,39,Fitness,2,453.02,10.0,204.1,4529.04,4.7,North,3,191,0,37,6,65,874.94,815.44,325.8,0,High Value Customer
TX-10762,CUST-1669,2025-11-06,35,Home & Kitchen,3,181.45,15.0,104.24,5417.93,3.4,West,2,213,0,36,2,23,515.76,462.7,59.71,1,At-Risk Customer
TX-10763,CUST-1103,2026-01-30,29,Furniture,1,916.99,10.0,533.81,5651.58,5.0,South,6,112,0,2,4,6,847.52,825.29,179.71,0,Regular Customer
TX-10764,CUST-1567,2026-05-17,27,Clothing,3,240.94,25.0,126.69,2150.97,4.0,East,4,233,0,30,3,34,595.73,542.12,111.78,0,Regular Customer
TX-10765,CUST-1098,2025-09-08,36,Grocery,4,25.7,5.0,19.94,4187.35,4.1,West,4,187,0,10,7,25,156.51,97.66,-62.91,0,Regular Customer
TX-10766,CUST-1369,2025-08-15,62,Grocery,6,9.92,10.0,8.2,2690.34,4.0,North,2,396,0,20,6,43,93.6,53.57,-44.99,0,Loyal Customer
TX-10767,CUST-1677,2026-06-30,30,Home & Kitchen,1,68.61,20.0,36.86,5710.04,4.1,West,3,186,0,17,2,12,131.56,54.89,-81.12,0,Regular Customer
TX-10768,CUST-1026,2025-11-27,57,Furniture,1,873.01,5.0,588.68,6385.51,3.6,East,1,375,0,29,1,10,882.62,829.36,140.4,1,At-Risk Customer
TX-10769,CUST-1484,2025-10-12,41,Clothing,1,179.64,20.0,74.39,1957.49,4.3,West,2,231,0,13,5,21,223.56,143.71,30.96,0,Regular Customer
TX-10770,CUST-1676,2025-12-27,37,Electronics,3,1617.4,0.0,1006.03,2882.98,4.4,West,3,103,0,21,3,20,4895.63,4852.2,1777.37,0,Regular Customer
TX-10771,CUST-1390,2026-02-19,20,Furniture,1,196.95,20.0,109.03,5462.91,3.5,West,4,62,1,27,4,32,221.26,157.56,-53.0,1,At-Risk Customer
TX-10772,CUST-1450,2026-04-09,39,Clothing,2,164.3,10.0,58.61,6034.33,3.3,South,3,133,0,1,5,4,352.48,295.74,74.51,1,At-Risk Customer
TX-10773,CUST-1577,2025-09-14,46,Furniture,1,838.34,30.0,518.5,3503.12,3.1,North,4,124,1,23,3,21,661.17,586.84,-53.0,1,At-Risk Customer
TX-10774,CUST-1352,2026-05-18,46,Grocery,6,31.95,10.0,22.7,1346.77,5.0,South,4,291,0,23,5,37,252.52,172.53,-1.87,0,Loyal Customer
TX-10775,CUST-1396,2026-05-08,50,Grocery,4,79.27,0.0,60.84,1556.75,4.2,West,3,424,0,33,3,36,347.97,317.08,36.87,0,Regular Customer
TX-10776,CUST-1241,2026-04-14,49,Clothing,2,215.78,10.0,107.97,5662.14,5.0,North,1,318,0,38,3,35,439.59,388.4,83.03,0,Regular Customer
TX-10777,CUST-1731,2025-08-31,30,Home & Kitchen,2,131.5,10.0,52.64,7790.37,5.0,South,1,318,0,1,3,4,297.97,236.7,10.06,0,Regular Customer
TX-10778,CUST-1775,2026-03-31,47,Furniture,3,615.98,20.0,343.09,1730.3,4.0,South,1,412,0,31,7,70,1498.39,1478.35,418.63,0,High Value Customer
TX-10779,CUST-1197,2025-10-17,22,Electronics,1,1933.11,30.0,1315.93,4784.1,1.7,West,2,396,1,1,2,4,1377.56,1353.18,-44.0,1,At-Risk Customer
TX-10780,CUST-1699,2026-03-24,33,Furniture,1,760.36,20.0,495.37,7844.19,5.0,South,4,329,0,19,2,11,641.97,608.29,-22.74,0,Regular Customer
TX-10781,CUST-1264,2026-01-24,24,Fitness,1,547.29,0.0,344.69,6965.14,3.6,North,1,227,1,15,5,24,582.3,547.29,-39.5,1,At-Risk Customer
TX-10782,CUST-1569,2026-03-05,31,Home & Kitchen,1,208.35,0.0,88.99,5426.06,3.8,East,3,283,0,37,4,50,236.19,208.35,24.47,0,Regular Customer
TX-10783,CUST-1532,2026-04-05,44,Electronics,1,1568.96,0.0,1157.0,7661.29,2.7,West,5,175,1,19,4,26,1618.26,1568.96,-57.5,1,At-Risk Customer
TX-10784,CUST-1153,2025-10-28,43,Home & Kitchen,1,405.39,5.0,182.97,3035.81,2.2,North,3,287,0,12,2,12,422.94,385.12,143.11,1,At-Risk Customer
TX-10785,CUST-1576,2025-10-04,31,Clothing,6,209.35,15.0,106.13,889.33,5.0,East,1,266,0,25,4,34,1089.88,1067.68,413.07,0,Regular Customer
TX-10786,CUST-1270,2026-02-26,18,Fitness,1,538.26,10.0,274.73,2547.79,5.0,West,3,97,0,30,3,28,543.6,484.43,157.99,0,Regular Customer
TX-10787,CUST-1484,2025-09-02,35,Furniture,1,409.53,10.0,284.52,2311.57,4.0,East,2,132,0,19,1,6,419.59,368.58,40.38,0,Regular Customer
TX-10788,CUST-1633,2026-06-21,56,Fitness,1,281.61,15.0,133.24,2157.76,4.6,West,3,277,1,22,4,34,314.68,239.37,-48.5,0,Regular Customer
TX-10789,CUST-1339,2026-08-02,29,Furniture,1,582.1,0.0,361.0,2621.65,4.6,North,7,289,0,49,5,75,602.96,582.1,150.28,0,High Value Customer
TX-10790,CUST-1275,2026-02-20,43,Electronics,2,1259.79,0.0,904.28,2008.09,2.6,East,3,438,0,25,4,33,2582.27,2519.58,667.4,1,At-Risk Customer
TX-10791,CUST-1310,2026-01-20,34,Clothing,2,33.68,5.0,11.91,5625.21,3.2,West,4,222,0,23,4,28,121.11,63.99,-62.21,1,At-Risk Customer
TX-10792,CUST-1701,2025-10-03,36,Furniture,1,545.84,20.0,373.56,2231.13,5.0,South,4,241,0,22,5,37,459.54,436.67,11.65,0,High Value Customer
TX-10793,CUST-1761,2026-03-28,29,Clothing,1,150.54,0.0,58.26,6736.77,3.8,East,1,286,0,33,4,46,187.7,150.54,-13.27,0,Regular Customer
TX-10794,CUST-1619,2026-07-10,50,Electronics,4,1698.56,5.0,1026.14,1923.34,3.1,South,4,169,0,29,6,57,6490.93,6454.53,2303.12,1,At-Risk Customer
TX-10795,CUST-1416,2026-04-19,43,Home & Kitchen,2,44.69,25.0,24.75,7480.33,4.2,East,3,234,0,39,7,81,137.6,67.03,-108.17,0,Loyal Customer
TX-10796,CUST-1527,2025-11-03,26,Electronics,1,2121.88,5.0,1417.92,1394.75,3.3,East,1,114,0,24,2,15,2065.66,2015.79,572.44,1,At-Risk Customer
TX-10797,CUST-1413,2025-10-22,52,Home & Kitchen,2,60.73,5.0,25.38,6428.11,3.6,North,3,91,0,28,7,63,192.52,115.39,-45.29,1,At-Risk Customer
TX-10798,CUST-1205,2025-09-12,56,Furniture,2,753.72,10.0,403.51,4204.29,3.7,North,1,44,0,20,1,8,1406.02,1356.7,482.11,1,At-Risk Customer
TX-10799,CUST-1369,2026-08-09,27,Furniture,1,773.63,0.0,520.4,3869.28,2.7,East,5,393,0,1,3,1,848.31,773.63,172.69,1,At-Risk Customer
TX-10800,CUST-1475,2026-04-29,53,Grocery,10,49.15,5.0,36.38,6669.02,3.3,North,3,132,0,19,5,36,513.67,466.92,-10.41,1,At-Risk Customer
TX-10801,CUST-1247,2026-02-20,37,Grocery,6,25.64,0.0,21.94,6541.05,2.8,West,1,418,0,6,5,14,218.71,153.84,-80.42,1,At-Risk Customer
TX-10802,CUST-1485,2026-06-10,42,Home & Kitchen,5,194.34,10.0,94.07,5893.79,4.1,East,4,279,0,20,6,39,911.89,874.53,297.77,0,High Value Customer
TX-10803,CUST-1264,2026-08-01,23,Electronics,1,840.29,0.0,577.69,7536.76,4.5,East,3,308,1,10,2,10,891.22,840.29,-48.5,1,At-Risk Customer
TX-10804,CUST-1050,2025-11-05,32,Home & Kitchen,2,120.83,10.0,60.27,2642.37,2.8,South,4,379,0,10,2,11,246.65,217.49,39.32,1,At-Risk Customer
TX-10805,CUST-1662,2025-12-07,39,Fitness,1,354.12,10.0,175.25,4928.03,4.5,South,4,225,0,19,8,47,344.26,318.71,51.54,0,Loyal Customer
TX-10806,CUST-1419,2026-05-03,32,Electronics,1,1217.91,20.0,834.37,1778.25,4.2,North,5,434,0,12,5,22,998.97,974.33,90.78,0,Regular Customer
TX-10807,CUST-1135,2026-07-11,31,Furniture,1,480.95,10.0,324.66,3750.36,3.9,North,4,379,0,19,2,14,501.66,432.86,33.94,1,At-Risk Customer
TX-10808,CUST-1622,2026-01-17,40,Fitness,1,445.44,20.0,250.78,6250.23,3.6,East,4,154,0,25,4,30,433.88,356.35,-6.18,1,At-Risk Customer
TX-10809,CUST-1385,2026-02-08,43,Grocery,2,34.16,0.0,24.64,2374.2,3.8,East,6,137,0,18,5,34,130.61,68.32,-43.57,1,At-Risk Customer
TX-10810,CUST-1309,2026-07-26,44,Home & Kitchen,1,279.54,15.0,129.43,4870.43,2.7,West,3,324,0,17,6,32,268.13,237.61,21.62,1,At-Risk Customer
TX-10811,CUST-1007,2026-05-02,18,Fitness,1,538.71,25.0,288.7,2747.69,4.5,East,4,408,0,12,1,10,430.71,404.03,56.12,0,Regular Customer
TX-10812,CUST-1608,2026-06-21,37,Clothing,1,186.73,15.0,73.77,3189.68,4.8,East,2,138,0,19,3,23,209.09,158.72,28.11,0,Regular Customer
TX-10813,CUST-1493,2025-09-15,54,Clothing,6,80.64,0.0,31.96,1545.99,4.3,East,5,265,0,25,3,24,506.25,483.84,246.39,0,Regular Customer
TX-10814,CUST-1283,2025-12-25,29,Fitness,1,142.26,10.0,66.09,5718.09,3.0,East,1,32,0,17,3,22,186.24,128.03,-28.33,1,At-Risk Customer
TX-10815,CUST-1529,2025-12-15,39,Electronics,2,1846.77,15.0,1295.47,647.67,4.7,West,4,130,0,22,2,17,3197.21,3139.51,520.85,0,Regular Customer
TX-10816,CUST-1697,2025-10-24,38,Fitness,1,536.68,5.0,285.6,1643.05,4.1,North,3,20,0,14,2,16,557.3,509.85,186.1,0,Regular Customer
TX-10817,CUST-1302,2025-12-24,25,Grocery,15,15.74,0.0,13.7,1627.59,3.7,West,1,158,0,16,3,21,304.16,236.1,1.69,1,At-Risk Customer
TX-10818,CUST-1036,2026-06-08,41,Fitness,1,288.48,15.0,131.09,5057.58,2.9,South,4,61,0,20,13,83,276.39,245.21,20.25,1,At-Risk Customer
TX-10819,CUST-1730,2025-12-05,42,Fitness,1,155.74,20.0,80.68,7402.82,5.0,West,5,310,0,9,1,9,145.22,124.59,-89.63,0,Regular Customer
TX-10820,CUST-1687,2026-02-13,31,Home & Kitchen,5,79.09,0.0,41.22,5343.58,4.3,East,4,272,0,16,2,11,422.77,395.45,91.2,0,Regular Customer
TX-10821,CUST-1673,2026-05-26,38,Furniture,1,577.52,10.0,372.64,3824.8,3.7,East,3,315,0,11,6,23,550.76,519.77,76.26,1,At-Risk Customer
TX-10822,CUST-1131,2025-12-24,21,Fitness,1,315.61,5.0,163.39,5213.51,4.0,South,1,167,0,9,9,24,330.0,299.83,53.74,0,Regular Customer
TX-10823,CUST-1343,2026-07-15,41,Electronics,1,976.11,0.0,650.95,6052.29,4.1,South,2,139,0,29,5,50,1036.35,976.11,225.38,0,High Value Customer
TX-10824,CUST-1762,2026-01-18,36,Grocery,2,43.63,15.0,35.97,1545.53,3.6,East,4,238,0,17,1,8,134.51,74.17,-38.95,1,At-Risk Customer
TX-10825,CUST-1599,2026-01-11,29,Grocery,4,22.96,0.0,16.84,2333.3,4.3,North,1,424,0,31,5,45,143.29,91.84,-15.02,0,Loyal Customer
TX-10826,CUST-1649,2026-06-08,35,Home & Kitchen,3,401.82,10.0,189.79,7506.17,3.7,North,2,128,0,23,3,27,1162.29,1084.91,393.95,1,At-Risk Customer
TX-10827,CUST-1199,2026-04-27,51,Electronics,1,2086.73,5.0,1581.45,3108.05,3.8,West,1,260,0,5,6,9,2039.09,1982.39,349.82,0,Regular Customer
TX-10828,CUST-1423,2025-09-10,41,Furniture,2,493.45,0.0,279.2,2636.66,3.8,South,1,115,0,7,9,25,1046.47,986.9,384.45,0,Regular Customer
TX-10829,CUST-1350,2026-03-11,35,Home & Kitchen,1,377.62,30.0,185.13,7169.64,3.5,West,2,380,0,37,5,53,292.78,264.33,-37.34,1,At-Risk Customer
TX-10830,CUST-1732,2025-11-14,34,Electronics,1,332.82,15.0,227.4,3162.06,2.9,West,2,146,0,22,6,38,326.69,282.9,-0.93,1,At-Risk Customer
TX-10831,CUST-1181,2026-01-21,32,Fitness,2,192.17,15.0,115.99,5232.99,3.9,North,6,246,1,21,1,8,396.95,326.69,-62.0,1,At-Risk Customer
TX-10832,CUST-1280,2025-11-29,29,Furniture,1,171.6,20.0,119.33,2847.41,3.1,South,6,347,0,30,5,43,176.12,137.28,-51.76,1,At-Risk Customer
TX-10833,CUST-1781,2025-09-28,42,Furniture,2,753.26,0.0,424.12,6977.72,3.3,West,1,159,0,10,9,34,1548.79,1506.52,549.11,1,At-Risk Customer
TX-10834,CUST-1413,2026-03-21,33,Grocery,6,67.71,0.0,55.66,7881.87,5.0,West,4,58,1,26,3,23,459.44,406.26,-53.0,0,Regular Customer
TX-10835,CUST-1546,2025-11-24,22,Fitness,1,319.19,15.0,199.54,1780.66,5.0,East,2,309,0,37,2,29,324.88,271.31,36.06,0,Regular Customer
TX-10836,CUST-1329,2026-05-12,33,Furniture,2,201.06,25.0,127.7,1683.51,4.4,North,5,381,0,15,3,20,381.26,301.59,-1.56,0,Regular Customer
TX-10837,CUST-1641,2025-12-19,36,Furniture,2,752.35,10.0,513.74,4037.4,3.9,East,2,281,0,18,4,22,1421.81,1354.23,257.19,0,Regular Customer
TX-10838,CUST-1105,2026-02-26,38,Home & Kitchen,2,175.13,5.0,83.09,5739.29,4.1,East,7,304,0,38,2,28,371.43,332.75,48.98,0,Regular Customer
TX-10839,CUST-1046,2026-01-13,37,Clothing,2,67.33,5.0,24.95,5419.38,5.0,West,3,137,0,22,3,26,183.54,127.93,-16.76,0,Regular Customer
TX-10840,CUST-1610,2026-05-09,33,Clothing,1,221.34,0.0,90.81,6702.46,2.0,West,3,347,0,39,2,26,265.25,221.34,16.49,1,At-Risk Customer
TX-10841,CUST-1137,2026-02-05,36,Grocery,4,46.42,0.0,38.45,4529.58,4.4,East,3,298,0,27,3,27,257.21,185.68,-49.56,0,Regular Customer
TX-10842,CUST-1168,2026-03-08,38,Electronics,2,1116.98,10.0,825.98,1154.96,4.9,South,3,347,0,29,4,42,2041.77,2010.56,327.78,0,High Value Customer
TX-10843,CUST-1134,2025-11-30,53,Fitness,3,580.66,0.0,355.28,1033.83,3.6,North,1,307,0,25,3,24,1765.68,1741.98,656.13,1,At-Risk Customer
TX-10844,CUST-1173,2025-10-16,32,Clothing,2,194.47,15.0,76.58,6622.51,4.5,North,4,76,0,25,5,37,390.79,330.6,60.1,0,High Value Customer
TX-10845,CUST-1655,2025-12-22,29,Home & Kitchen,3,328.12,15.0,164.9,4733.02,2.9,North,3,382,0,29,7,67,900.5,836.71,257.51,1,At-Risk Customer
TX-10846,CUST-1049,2026-07-18,27,Electronics,2,1163.23,10.0,878.39,4909.5,4.6,North,2,292,1,29,2,19,2116.38,2093.81,-44.0,0,Regular Customer
TX-10847,CUST-1118,2026-03-15,26,Grocery,2,14.31,5.0,11.1,3382.54,5.0,West,4,225,0,28,2,24,82.97,27.19,-63.75,0,Regular Customer
TX-10848,CUST-1258,2026-04-13,21,Fitness,1,81.27,0.0,51.87,7015.1,3.4,South,2,46,0,12,4,15,110.88,81.27,-84.83,1,At-Risk Customer
TX-10849,CUST-1702,2026-07-02,35,Electronics,1,517.57,0.0,325.5,5866.13,4.0,East,3,210,0,36,4,43,573.87,517.57,90.58,0,High Value Customer
TX-10850,CUST-1103,2026-07-19,25,Home & Kitchen,2,357.92,10.0,169.21,6039.97,3.9,East,5,291,0,56,1,22,699.17,644.26,192.74,0,Regular Customer
TX-10851,CUST-1717,2025-10-23,33,Grocery,15,74.49,15.0,60.88,5656.87,4.7,North,1,325,0,11,2,12,1022.78,949.75,-52.81,0,Regular Customer
TX-10852,CUST-1632,2025-10-13,36,Clothing,2,166.54,0.0,72.24,3753.66,4.8,North,2,404,0,41,8,102,362.58,333.08,123.3,0,High Value Customer
TX-10853,CUST-1509,2025-11-23,48,Home & Kitchen,1,312.03,20.0,177.39,6167.08,4.1,South,2,298,0,35,5,55,301.63,249.62,-29.27,0,Loyal Customer
TX-10854,CUST-1535,2025-11-25,68,Clothing,2,214.38,20.0,82.33,4703.44,4.7,West,2,42,0,50,4,63,386.8,343.01,98.8,0,High Value Customer
TX-10855,CUST-1040,2026-05-21,53,Grocery,6,46.02,25.0,34.34,6272.28,3.8,South,3,134,0,19,5,28,282.57,207.09,-106.53,0,Loyal Customer
TX-10856,CUST-1492,2026-01-30,37,Furniture,2,479.71,0.0,265.9,7372.74,3.3,North,6,233,1,9,8,21,979.95,959.42,-62.0,1,At-Risk Customer
TX-10857,CUST-1091,2025-10-09,42,Home & Kitchen,2,57.67,15.0,28.47,3903.62,3.3,West,4,321,0,46,5,66,118.81,98.04,-35.46,1,At-Risk Customer
TX-10858,CUST-1092,2026-05-02,32,Electronics,3,1381.34,15.0,876.79,5718.98,3.4,North,1,210,0,17,3,21,3545.01,3522.42,801.76,1,At-Risk Customer
TX-10859,CUST-1659,2025-12-10,29,Grocery,4,34.47,5.0,28.29,1393.68,3.9,East,2,190,0,17,4,25,178.41,130.99,-12.08,0,Regular Customer
TX-10860,CUST-1051,2025-10-04,53,Furniture,2,665.83,10.0,373.33,700.2,2.8,North,2,49,0,19,4,25,1251.98,1198.49,432.33,1,At-Risk Customer
TX-10861,CUST-1368,2026-07-26,27,Clothing,1,134.11,20.0,59.52,3633.44,4.0,West,2,24,0,13,2,8,165.82,107.29,-15.73,0,Regular Customer
TX-10862,CUST-1097,2025-09-06,46,Electronics,4,1221.34,5.0,930.15,5382.75,4.8,South,1,89,0,40,11,131,4696.89,4641.09,835.25,0,High Value Customer
TX-10863,CUST-1174,2026-01-29,22,Clothing,2,192.15,5.0,86.08,3733.3,5.0,West,5,350,0,9,3,11,437.24,365.08,114.43,0,Regular Customer
TX-10864,CUST-1274,2025-09-30,18,Clothing,4,249.6,15.0,111.45,7447.77,3.1,East,3,403,0,15,2,11,899.92,848.64,277.62,1,At-Risk Customer
TX-10865,CUST-1410,2026-03-06,26,Grocery,10,11.58,15.0,8.43,843.75,3.6,East,3,281,0,3,5,10,123.78,98.43,-12.03,1,At-Risk Customer
TX-10866,CUST-1706,2026-04-15,20,Grocery,15,16.8,0.0,13.62,4598.16,3.7,South,4,168,0,15,4,21,323.95,252.0,-39.27,1,At-Risk Customer
TX-10867,CUST-1712,2025-09-13,47,Furniture,2,1087.29,20.0,584.27,3977.99,3.7,North,3,56,0,8,9,29,1775.31,1739.66,497.95,1,At-Risk Customer
TX-10868,CUST-1604,2026-04-18,28,Home & Kitchen,1,43.94,15.0,22.12,5309.0,4.8,West,4,273,0,13,5,27,68.3,37.35,-82.41,0,Regular Customer
TX-10869,CUST-1388,2026-02-13,21,Home & Kitchen,2,63.56,5.0,25.43,6142.33,4.6,North,3,170,0,1,2,5,196.93,120.76,-35.73,0,Regular Customer
TX-10870,CUST-1744,2025-10-19,54,Grocery,10,60.66,15.0,50.06,7984.14,2.2,West,5,18,1,14,4,21,573.14,515.61,-57.5,1,At-Risk Customer
TX-10871,CUST-1421,2026-03-27,18,Electronics,1,994.62,10.0,713.83,7484.19,4.0,North,4,449,0,15,1,13,944.26,895.16,51.07,1,At-Risk Customer
TX-10872,CUST-1321,2025-08-20,23,Fitness,3,159.36,0.0,99.91,4598.5,5.0,South,1,205,0,9,4,16,544.01,478.08,104.87,0,Regular Customer
TX-10873,CUST-1685,2026-02-03,35,Home & Kitchen,1,179.23,0.0,83.82,1640.87,3.9,North,3,445,0,23,1,12,239.41,179.23,57.3,1,At-Risk Customer
TX-10874,CUST-1744,2025-12-19,40,Grocery,4,78.44,10.0,62.42,4346.97,3.4,East,1,306,0,51,1,22,351.94,282.38,-37.0,1,At-Risk Customer
TX-10875,CUST-1656,2026-02-27,45,Furniture,1,375.02,5.0,246.19,6429.55,3.3,North,4,414,1,13,7,35,432.78,356.27,-53.0,1,At-Risk Customer
TX-10876,CUST-1160,2026-04-29,22,Grocery,10,23.88,0.0,18.72,6694.8,4.7,West,4,189,0,12,4,20,265.81,238.8,-66.82,0,Regular Customer
TX-10877,CUST-1076,2026-04-22,52,Clothing,2,171.88,20.0,68.14,1832.42,4.1,South,1,149,0,25,5,39,319.03,275.01,106.74,0,Loyal Customer
TX-10878,CUST-1284,2025-09-08,32,Home & Kitchen,1,362.29,0.0,190.3,5143.62,3.4,South,4,412,0,23,5,35,424.33,362.29,76.84,1,At-Risk Customer
TX-10879,CUST-1387,2026-03-08,36,Furniture,1,777.01,5.0,459.61,2835.62,3.1,North,1,174,0,9,5,20,759.47,738.16,231.52,1,At-Risk Customer
TX-10880,CUST-1586,2026-03-31,41,Electronics,1,580.64,5.0,433.82,6710.94,5.0,West,4,256,0,23,5,38,582.66,551.61,-0.88,0,High Value Customer
TX-10881,CUST-1121,2026-04-25,32,Fitness,1,256.99,0.0,150.21,3405.81,4.7,North,4,86,0,1,4,8,304.58,256.99,37.69,0,Regular Customer
TX-10882,CUST-1422,2025-09-01,29,Home & Kitchen,3,290.8,0.0,141.1,1048.04,3.3,North,4,383,0,22,5,40,913.78,872.4,415.38,1,At-Risk Customer
TX-10883,CUST-1618,2026-06-26,32,Fitness,1,426.74,15.0,237.1,2675.38,4.2,East,3,124,0,21,5,37,422.08,362.73,72.0,0,High Value Customer
TX-10884,CUST-1575,2025-11-27,40,Fitness,1,199.23,10.0,115.71,3618.42,3.9,West,3,42,0,18,6,37,217.72,179.31,-4.18,0,Regular Customer
TX-10885,CUST-1372,2025-09-10,48,Furniture,3,1114.66,20.0,757.24,4454.19,3.7,West,4,188,0,12,3,17,2704.43,2675.18,318.65,1,At-Risk Customer
TX-10886,CUST-1785,2026-06-27,47,Home & Kitchen,1,269.63,0.0,155.22,4816.83,4.0,West,6,348,0,14,7,30,313.42,269.63,15.16,0,Regular Customer
TX-10887,CUST-1372,2026-04-02,48,Electronics,1,1631.3,5.0,1172.69,1471.45,5.0,North,4,16,0,27,3,25,1582.34,1549.73,336.97,0,Regular Customer
TX-10888,CUST-1227,2025-08-15,43,Clothing,2,178.22,15.0,82.08,2525.02,4.9,East,4,63,0,15,5,23,352.39,302.97,82.94,0,Regular Customer
TX-10889,CUST-1298,2026-05-21,35,Home & Kitchen,2,331.68,5.0,155.02,3253.36,5.0,East,1,365,0,19,1,11,660.13,630.19,266.85,0,Regular Customer
TX-10890,CUST-1046,2025-11-06,45,Grocery,4,17.45,5.0,14.3,4554.63,3.9,South,6,276,0,36,2,25,132.44,66.31,-86.21,1,At-Risk Customer
TX-10891,CUST-1760,2026-03-11,31,Electronics,5,642.82,15.0,390.56,3205.27,4.5,East,1,292,0,18,5,32,2755.31,2731.99,726.61,0,Regular Customer
TX-10892,CUST-1192,2025-10-14,52,Grocery,15,19.83,15.0,16.81,2788.32,4.9,South,4,387,0,21,1,9,308.26,252.83,-59.14,0,Regular Customer
TX-10893,CUST-1800,2025-11-19,61,Fitness,2,129.81,10.0,65.93,6382.73,3.4,East,4,248,0,4,6,8,258.03,233.66,-11.94,1,At-Risk Customer
TX-10894,CUST-1424,2025-09-06,35,Fitness,3,565.51,0.0,266.63,3961.22,4.7,North,4,130,0,50,1,16,1757.67,1696.53,819.22,0,Regular Customer
TX-10895,CUST-1461,2026-04-05,25,Fitness,2,533.22,5.0,297.29,6165.96,4.7,South,2,434,0,21,6,38,1078.16,1013.12,317.05,0,High Value Customer
TX-10896,CUST-1004,2026-05-12,34,Fitness,2,140.66,10.0,78.49,5090.82,4.5,North,3,241,0,17,1,13,298.19,253.19,6.35,0,Regular Customer
TX-10897,CUST-1443,2026-06-09,52,Grocery,15,77.21,10.0,56.18,3906.72,5.0,South,4,31,0,28,2,22,1116.12,1042.33,123.03,0,Regular Customer
TX-10898,CUST-1177,2025-10-18,57,Electronics,1,1702.14,15.0,1160.36,858.62,3.6,West,4,215,0,23,2,15,1473.58,1446.82,255.58,1,At-Risk Customer
TX-10899,CUST-1620,2026-01-25,51,Home & Kitchen,1,195.18,15.0,106.24,3058.04,4.7,West,4,272,0,15,3,15,222.78,165.9,-4.21,0,Regular Customer
TX-10900,CUST-1623,2026-08-03,40,Furniture,2,407.0,15.0,256.32,1835.99,4.7,East,2,102,0,8,1,6,765.86,691.9,142.72,0,Regular Customer
TX-10901,CUST-1351,2026-01-11,46,Grocery,4,33.65,0.0,29.08,3231.68,4.9,South,4,101,0,24,2,17,200.24,134.6,-48.2,0,Regular Customer
TX-10902,CUST-1616,2026-08-07,31,Fitness,1,523.17,10.0,287.55,7189.06,3.8,East,1,101,0,34,6,61,534.17,470.85,70.97,0,Loyal Customer
TX-10903,CUST-1560,2026-01-21,30,Fitness,2,288.73,0.0,140.14,7281.23,4.4,South,2,307,0,8,6,14,631.28,577.46,178.96,0,Regular Customer
TX-10904,CUST-1639,2026-08-14,21,Clothing,2,32.89,5.0,15.8,7307.23,3.2,East,3,394,0,13,3,13,103.45,62.49,-92.22,1,At-Risk Customer
TX-10905,CUST-1135,2026-08-12,44,Fitness,2,60.92,10.0,33.51,2576.53,4.1,South,5,428,0,8,4,17,142.93,109.66,-18.51,0,Regular Customer
TX-10906,CUST-1710,2026-07-06,32,Clothing,1,235.14,0.0,89.08,7497.61,3.9,North,4,237,0,28,8,70,288.16,235.14,15.6,0,Loyal Customer
TX-10907,CUST-1575,2026-04-16,24,Home & Kitchen,5,442.87,0.0,180.86,2662.56,3.3,West,1,159,0,19,1,14,2257.16,2214.35,1265.61,1,At-Risk Customer
TX-10908,CUST-1546,2026-01-07,55,Grocery,4,60.67,0.0,49.98,2612.87,4.6,North,2,244,0,15,5,22,274.92,242.68,-5.43,0,Regular Customer
TX-10909,CUST-1025,2026-02-25,29,Furniture,1,349.69,15.0,190.34,2485.47,5.0,North,4,228,0,1,1,6,347.93,297.24,51.61,0,Regular Customer
TX-10910,CUST-1204,2025-12-28,44,Furniture,1,640.46,0.0,427.18,5431.04,4.5,East,4,397,0,46,4,61,684.07,640.46,113.81,0,High Value Customer
TX-10911,CUST-1149,2025-09-14,36,Fitness,1,565.16,15.0,255.18,6088.1,4.5,East,3,317,0,1,6,2,533.07,480.39,120.38,0,Regular Customer
TX-10912,CUST-1554,2025-08-30,57,Clothing,4,49.85,10.0,21.85,5770.24,4.0,West,2,403,0,30,3,29,244.48,179.46,-3.49,0,Regular Customer
TX-10913,CUST-1691,2026-05-28,18,Furniture,1,1000.37,0.0,617.12,7215.84,4.8,West,5,353,0,3,6,6,1063.87,1000.37,252.51,0,Regular Customer
TX-10914,CUST-1712,2026-01-08,31,Fitness,1,510.42,10.0,328.24,5214.8,5.0,North,3,218,0,21,2,14,516.62,459.38,39.42,0,Regular Customer
TX-10915,CUST-1396,2026-03-15,32,Fitness,1,349.49,20.0,202.15,3220.66,4.8,East,2,416,0,14,9,40,331.26,279.59,20.13,0,Regular Customer
TX-10916,CUST-1055,2025-08-20,51,Fitness,1,105.27,10.0,59.37,3720.38,5.0,East,4,65,0,26,2,18,154.07,94.74,-38.43,0,Regular Customer
TX-10917,CUST-1799,2026-03-28,18,Furniture,1,547.97,5.0,375.81,7722.81,2.3,East,3,205,0,22,8,57,549.49,520.57,15.42,1,At-Risk Customer
TX-10918,CUST-1559,2026-06-18,41,Furniture,1,582.0,0.0,331.43,1498.26,4.0,South,3,176,0,5,6,14,627.96,582.0,214.6,0,Regular Customer
TX-10919,CUST-1181,2026-07-29,39,Electronics,1,1512.51,0.0,996.48,6659.84,5.0,South,1,260,0,27,2,20,1548.54,1512.51,411.63,0,Regular Customer
TX-10920,CUST-1752,2026-05-04,42,Electronics,3,1384.63,30.0,1007.52,2371.13,3.7,West,3,136,1,4,3,6,2935.11,2907.72,-48.5,1,At-Risk Customer
TX-10921,CUST-1285,2026-05-25,48,Clothing,1,103.26,30.0,36.85,5575.02,3.8,South,3,15,0,23,5,38,125.81,72.28,-61.69,0,Loyal Customer
TX-10922,CUST-1261,2025-08-16,40,Clothing,2,84.29,10.0,33.4,4589.88,3.2,West,4,406,0,16,6,33,206.21,151.72,-1.93,1,At-Risk Customer
TX-10923,CUST-1158,2025-09-03,33,Furniture,1,509.65,5.0,351.97,7535.6,3.1,East,1,84,0,32,7,65,516.19,484.17,14.66,1,At-Risk Customer
TX-10924,CUST-1792,2026-06-30,18,Home & Kitchen,2,193.85,0.0,103.62,3040.58,5.0,East,2,96,0,17,3,23,450.86,387.7,125.85,0,Regular Customer
TX-10925,CUST-1586,2026-05-22,51,Clothing,1,232.78,15.0,109.37,7668.59,3.9,North,6,136,0,29,6,57,250.97,197.86,-53.54,0,Loyal Customer
TX-10926,CUST-1325,2026-05-10,44,Furniture,2,901.13,10.0,575.98,6527.79,4.3,South,2,48,0,24,4,28,1696.54,1622.03,363.16,0,Regular Customer
TX-10927,CUST-1517,2025-11-03,59,Grocery,4,36.16,5.0,29.42,5258.6,4.1,West,1,318,0,28,8,67,187.15,137.41,-63.65,0,Loyal Customer
TX-10928,CUST-1226,2025-12-01,29,Fitness,1,201.04,15.0,129.99,3851.12,4.5,East,4,279,0,28,7,61,213.07,170.88,-34.87,0,Loyal Customer
TX-10929,CUST-1300,2025-12-03,21,Home & Kitchen,2,162.2,15.0,96.85,1830.59,5.0,West,3,191,0,17,1,5,321.78,275.74,41.08,0,Regular Customer
TX-10930,CUST-1770,2026-07-12,42,Electronics,1,1043.26,15.0,676.59,6688.19,3.9,North,3,352,0,16,1,5,959.09,886.77,96.36,1,At-Risk Customer
TX-10931,CUST-1456,2025-12-15,22,Fitness,1,41.93,25.0,21.64,2045.53,3.8,South,3,281,0,19,4,26,82.42,31.45,-34.38,0,Regular Customer
TX-10932,CUST-1698,2026-01-25,32,Grocery,4,8.06,0.0,6.62,2385.31,4.4,North,4,303,0,1,3,4,76.88,32.24,-48.02,0,Low Value Customer
TX-10933,CUST-1553,2026-01-05,52,Electronics,1,269.27,20.0,177.95,4468.43,3.4,East,1,159,0,10,8,31,280.31,215.42,-34.06,1,At-Risk Customer
TX-10934,CUST-1520,2026-03-30,35,Grocery,10,35.79,0.0,25.56,979.68,4.6,North,5,71,0,21,4,30,420.15,357.9,65.1,0,Regular Customer
TX-10935,CUST-1667,2025-11-20,25,Clothing,1,113.84,10.0,45.65,1198.92,5.0,North,5,144,0,16,6,30,131.44,102.46,16.32,0,Regular Customer
TX-10936,CUST-1171,2026-05-16,40,Home & Kitchen,3,189.92,20.0,88.61,4859.47,5.0,North,5,60,0,21,5,33,510.5,455.81,94.59,0,Loyal Customer
TX-10937,CUST-1215,2026-07-23,35,Fitness,2,558.83,5.0,291.04,508.73,4.9,South,5,28,0,11,3,16,1138.9,1061.78,449.57,0,Regular Customer
TX-10938,CUST-1434,2025-10-06,44,Furniture,2,1151.28,0.0,725.42,4194.57,2.7,West,2,116,0,1,4,3,2356.9,2302.56,779.8,1,At-Risk Customer
TX-10939,CUST-1073,2026-07-31,37,Furniture,1,754.53,5.0,409.61,5171.57,3.5,North,4,118,0,1,2,5,756.04,716.8,211.62,1,At-Risk Customer
TX-10940,CUST-1339,2025-09-02,28,Electronics,2,2125.87,25.0,1475.36,7408.6,2.8,North,5,280,1,26,6,51,3223.34,3188.8,-57.5,1,At-Risk Customer
TX-10941,CUST-1257,2026-05-26,41,Electronics,1,1904.17,10.0,1323.28,1355.65,2.3,South,4,405,0,10,6,23,1743.08,1713.75,352.14,1,At-Risk Customer
TX-10942,CUST-1417,2026-02-28,39,Grocery,15,8.15,15.0,6.29,7648.91,4.2,West,2,423,0,13,4,20,173.66,103.91,-114.17,0,Regular Customer
TX-10943,CUST-1017,2026-03-01,26,Fitness,2,301.13,10.0,161.78,5297.77,4.3,North,3,49,0,45,1,15,604.34,542.03,125.51,0,Regular Customer
TX-10944,CUST-1656,2026-06-26,33,Electronics,1,337.21,5.0,214.76,2111.35,4.0,North,1,362,0,26,4,33,355.78,320.35,69.42,0,Regular Customer
TX-10945,CUST-1074,2026-02-13,22,Home & Kitchen,2,270.16,5.0,145.75,6347.36,3.6,North,2,257,0,14,6,25,554.98,513.3,117.59,1,At-Risk Customer
TX-10946,CUST-1702,2026-01-15,51,Home & Kitchen,3,89.91,15.0,50.57,7274.06,3.8,North,3,423,0,4,5,12,305.73,229.27,-45.05,1,At-Risk Customer
TX-10947,CUST-1448,2026-02-25,36,Grocery,2,50.4,10.0,40.87,3892.63,5.0,North,2,264,0,20,8,46,152.86,90.72,-58.41,0,Loyal Customer
TX-10948,CUST-1546,2025-12-04,36,Furniture,4,1003.72,15.0,601.68,1783.56,5.0,West,3,78,0,35,3,34,3476.41,3412.65,965.67,0,Regular Customer
TX-10949,CUST-1558,2026-01-12,51,Fitness,1,363.07,5.0,172.53,1966.13,3.1,South,2,395,0,28,2,21,377.41,344.92,133.89,1,At-Risk Customer
TX-10950,CUST-1746,2026-07-11,52,Clothing,2,109.11,0.0,50.96,5975.08,4.7,North,4,428,0,33,5,53,259.61,218.22,8.67,0,Loyal Customer
TX-10951,CUST-1568,2025-10-25,42,Electronics,3,2046.37,5.0,1295.34,6496.34,3.1,North,1,98,1,21,1,12,5903.71,5832.15,-39.5,1,At-Risk Customer
TX-10952,CUST-1610,2026-03-03,36,Home & Kitchen,2,259.1,10.0,146.81,7288.13,4.8,North,3,254,0,1,1,9,539.0,466.38,49.94,0,Regular Customer
TX-10953,CUST-1766,2026-02-06,29,Furniture,1,541.39,0.0,351.35,2320.99,4.7,West,3,436,0,41,4,48,602.18,541.39,141.73,0,High Value Customer
TX-10954,CUST-1524,2025-10-25,18,Furniture,1,365.34,25.0,234.58,7840.61,5.0,South,4,135,0,18,2,12,323.66,274.0,-96.18,0,Regular Customer
TX-10955,CUST-1258,2025-11-21,18,Electronics,4,1445.56,10.0,1095.85,819.43,5.0,South,2,280,0,14,2,14,5256.46,5204.02,799.32,0,Regular Customer
TX-10956,CUST-1580,2025-09-10,45,Home & Kitchen,5,362.45,5.0,208.96,7627.52,4.5,West,3,201,0,22,7,47,1790.68,1721.64,548.92,0,High Value Customer
TX-10957,CUST-1074,2026-01-09,37,Fitness,1,154.24,0.0,73.13,4905.16,2.9,North,6,76,0,34,4,47,225.56,154.24,-19.47,1,At-Risk Customer
TX-10958,CUST-1202,2026-06-07,42,Grocery,10,52.51,10.0,43.17,2957.95,4.7,East,4,255,0,16,5,23,542.21,472.59,-21.48,0,Regular Customer
TX-10959,CUST-1687,2026-07-15,31,Furniture,1,477.7,5.0,264.51,5250.04,2.7,North,2,355,0,30,3,27,505.08,453.81,101.55,1,At-Risk Customer
TX-10960,CUST-1071,2025-11-21,27,Clothing,1,122.34,10.0,48.38,6593.42,4.3,West,4,401,0,38,5,60,150.96,110.11,-55.18,0,Loyal Customer
TX-10961,CUST-1631,2026-07-17,50,Clothing,4,161.47,0.0,76.51,3254.7,5.0,South,1,64,0,27,3,28,715.12,645.88,286.52,0,Regular Customer
TX-10962,CUST-1373,2026-01-22,30,Grocery,6,72.72,0.0,51.42,1034.0,4.2,South,3,153,1,24,7,51,470.48,436.32,-48.5,1,High Value Customer
TX-10963,CUST-1252,2025-12-05,30,Fitness,2,132.06,5.0,66.93,3312.81,3.3,West,1,144,0,13,3,13,327.79,250.91,62.86,1,At-Risk Customer
TX-10964,CUST-1368,2025-10-21,40,Fitness,2,385.88,25.0,236.94,5201.99,3.7,East,4,320,0,23,4,33,653.52,578.82,8.91,1,At-Risk Customer
TX-10965,CUST-1473,2026-03-30,51,Clothing,4,191.48,10.0,92.36,4505.02,4.5,East,4,353,0,9,2,7,765.57,689.33,234.31,0,Regular Customer
TX-10966,CUST-1111,2025-11-11,40,Fitness,1,176.77,10.0,111.49,6433.14,3.3,North,4,135,0,18,4,21,193.86,159.09,-66.89,1,At-Risk Customer
TX-10967,CUST-1143,2026-05-16,40,Furniture,1,1155.63,10.0,655.54,4533.71,4.9,East,1,69,0,32,9,88,1065.66,1040.07,312.02,0,High Value Customer
TX-10968,CUST-1641,2025-09-22,47,Fitness,1,199.86,0.0,101.84,6419.92,4.8,North,4,19,0,14,5,21,269.82,199.86,-16.28,0,Regular Customer
TX-10969,CUST-1519,2026-07-03,36,Electronics,1,1244.05,15.0,863.58,1135.85,4.4,West,6,196,0,41,3,44,1106.9,1057.44,149.82,0,High Value Customer
TX-10970,CUST-1217,2025-09-01,56,Home & Kitchen,2,39.43,0.0,23.58,4924.83,2.6,East,2,216,0,19,9,52,120.02,78.86,-51.17,1,At-Risk Customer
TX-10971,CUST-1552,2026-04-12,37,Fitness,1,210.41,25.0,113.09,5143.37,5.0,South,4,338,0,34,3,32,235.54,157.81,-50.43,0,Regular Customer
TX-10972,CUST-1228,2026-06-11,44,Fitness,1,562.85,5.0,337.38,768.57,3.8,East,3,429,0,23,4,30,598.54,534.71,172.3,0,Regular Customer
TX-10973,CUST-1513,2026-05-02,41,Electronics,4,1479.84,10.0,1001.64,3487.66,4.7,West,3,269,0,14,1,7,5360.7,5327.42,1255.05,0,Regular Customer
TX-10974,CUST-1010,2026-07-19,21,Furniture,2,990.43,0.0,591.16,2934.32,4.2,South,5,205,0,15,2,13,2057.99,1980.86,732.03,0,Regular Customer
TX-10975,CUST-1143,2026-03-30,55,Furniture,2,991.5,25.0,638.72,4973.42,4.6,South,4,425,0,24,3,26,1541.52,1487.25,117.21,0,Regular Customer
TX-10976,CUST-1579,2026-07-17,25,Furniture,1,900.59,0.0,516.31,5967.0,2.9,West,2,224,0,19,8,50,944.03,900.59,285.78,1,At-Risk Customer
TX-10977,CUST-1041,2025-12-04,54,Grocery,6,65.71,5.0,53.4,4096.23,3.3,South,4,293,1,7,2,12,406.34,374.55,-53.0,1,At-Risk Customer
TX-10978,CUST-1378,2025-12-11,26,Electronics,1,1175.37,5.0,719.89,2718.25,3.1,South,3,92,0,8,5,14,1194.05,1116.6,342.44,1,At-Risk Customer
TX-10979,CUST-1369,2026-02-28,51,Grocery,2,70.86,5.0,55.34,1524.25,2.9,West,3,378,0,32,2,20,164.85,134.63,-12.41,1,At-Risk Customer
TX-10980,CUST-1040,2026-07-12,27,Clothing,6,238.64,5.0,112.32,6580.04,4.2,North,4,431,0,29,6,58,1392.64,1360.25,569.63,0,High Value Customer
TX-10981,CUST-1533,2026-07-04,52,Clothing,2,82.27,20.0,40.29,2246.86,3.6,East,2,206,0,18,3,23,189.53,131.63,8.35,1,At-Risk Customer
TX-10982,CUST-1583,2025-11-11,32,Grocery,6,67.71,10.0,53.48,6527.09,2.2,West,2,36,0,22,5,38,390.45,365.63,-62.15,1,At-Risk Customer
TX-10983,CUST-1669,2025-09-22,23,Home & Kitchen,2,433.56,5.0,235.43,1324.74,3.7,East,2,98,0,9,5,14,858.37,823.76,324.03,1,At-Risk Customer
TX-10984,CUST-1228,2026-05-05,37,Grocery,10,50.69,10.0,43.47,6148.91,4.9,East,5,29,0,1,3,6,523.96,456.21,-93.22,0,Regular Customer
TX-10985,CUST-1353,2026-04-20,55,Grocery,6,63.29,15.0,50.07,4239.68,5.0,North,4,81,0,22,1,11,344.57,322.78,-59.24,0,Regular Customer
TX-10986,CUST-1142,2026-03-27,51,Furniture,2,727.42,5.0,402.94,5997.74,4.1,South,1,158,0,24,3,23,1414.09,1382.1,481.75,0,Regular Customer
TX-10987,CUST-1658,2026-01-04,46,Furniture,2,419.53,5.0,247.05,5729.94,4.6,South,2,316,0,23,4,32,833.9,797.11,208.06,0,Regular Customer
TX-10988,CUST-1370,2026-06-18,43,Fitness,1,397.41,20.0,223.78,1933.87,3.6,North,1,271,0,27,5,44,358.06,317.93,60.64,0,Loyal Customer
TX-10989,CUST-1424,2026-01-30,31,Fitness,1,69.66,15.0,39.64,2136.31,3.6,North,2,191,0,26,8,67,92.41,59.21,-21.47,1,At-Risk Customer
TX-10990,CUST-1490,2026-04-16,39,Furniture,2,621.64,5.0,396.25,985.28,4.2,South,6,278,0,3,2,10,1209.58,1181.12,346.84,0,Regular Customer
TX-10991,CUST-1420,2025-08-25,24,Furniture,2,1184.38,0.0,675.44,991.11,2.4,North,4,60,1,27,1,16,2431.19,2368.76,-53.0,1,At-Risk Customer
TX-10992,CUST-1606,2025-11-04,18,Furniture,1,1055.7,15.0,736.05,6126.25,4.4,North,6,134,0,18,3,19,944.41,897.35,42.4,0,Regular Customer
TX-10993,CUST-1150,2025-09-11,27,Furniture,1,156.83,15.0,95.0,4569.91,4.0,East,3,267,0,46,3,44,154.45,133.31,-43.74,0,Regular Customer
TX-10994,CUST-1529,2026-03-09,28,Home & Kitchen,1,229.51,0.0,109.64,3200.16,5.0,North,3,195,0,28,7,57,300.54,229.51,58.37,0,Loyal Customer
TX-10995,CUST-1745,2026-07-18,18,Clothing,6,161.06,0.0,71.81,2555.19,5.0,North,5,198,0,31,3,34,1010.41,966.36,474.67,0,Regular Customer
TX-10996,CUST-1621,2026-04-12,36,Grocery,6,55.23,10.0,48.02,7494.63,3.5,South,7,96,0,8,7,20,360.98,298.24,-133.8,1,At-Risk Customer
TX-10997,CUST-1420,2026-06-17,43,Furniture,1,825.44,10.0,479.88,7640.76,3.1,South,1,74,0,10,9,27,794.64,742.9,143.9,1,At-Risk Customer
TX-10998,CUST-1523,2025-12-27,26,Furniture,1,163.63,15.0,107.03,4557.47,2.4,East,6,19,0,23,4,29,206.12,139.09,-63.31,1,At-Risk Customer
TX-10999,CUST-1610,2026-06-12,36,Electronics,3,462.32,0.0,315.6,926.66,4.2,South,3,214,0,17,6,36,1428.7,1386.96,412.76,0,High Value Customer
TX-11000,CUST-1135,2025-10-08,21,Electronics,1,1799.92,15.0,1154.25,5809.19,4.8,South,3,164,0,19,4,23,1551.06,1529.93,275.04,0,Regular Customer
TX-11001,CUST-1516,2026-07-30,28,Grocery,4,40.64,0.0,31.53,3212.12,4.0,South,2,95,0,35,5,56,239.51,162.56,-20.74,0,Loyal Customer
TX-11002,CUST-1181,2026-04-14,35,Home & Kitchen,2,226.59,10.0,119.86,7055.0,4.3,North,3,179,0,40,3,36,440.17,407.86,48.82,0,High Value Customer
TX-11003,CUST-1544,2026-04-28,23,Electronics,1,761.93,0.0,506.71,7078.7,4.3,North,2,103,0,30,4,40,805.96,761.93,140.04,0,High Value Customer
TX-11004,CUST-1133,2026-06-18,33,Home & Kitchen,3,391.95,0.0,198.96,6215.27,4.3,North,4,255,0,43,5,67,1224.99,1175.85,467.74,0,High Value Customer
TX-11005,CUST-1793,2026-07-27,35,Fitness,2,181.58,25.0,94.46,7625.81,4.6,West,3,438,0,42,5,67,349.55,272.37,-44.44,0,Loyal Customer
TX-11006,CUST-1379,2025-09-05,30,Fitness,1,125.22,5.0,69.26,7569.86,5.0,West,2,445,0,14,1,10,150.75,118.96,-72.85,0,Regular Customer
TX-11007,CUST-1493,2026-02-25,34,Clothing,3,122.87,20.0,50.25,2458.46,5.0,North,3,179,0,36,4,42,339.63,294.89,93.76,0,Regular Customer
TX-11008,CUST-1260,2026-04-15,37,Furniture,2,571.53,15.0,324.97,4770.1,4.0,North,4,367,0,34,2,20,1045.8,971.6,232.11,0,Regular Customer
TX-11009,CUST-1556,2026-03-11,25,Clothing,4,147.05,5.0,80.65,2757.84,4.8,South,1,237,1,14,2,10,623.19,558.79,-39.5,0,Regular Customer
TX-11010,CUST-1761,2025-08-17,39,Home & Kitchen,2,267.89,25.0,148.95,1930.24,4.4,North,3,51,0,24,6,43,442.19,401.83,61.48,0,High Value Customer
TX-11011,CUST-1384,2026-07-15,58,Furniture,2,517.94,15.0,361.99,5938.51,4.4,East,3,431,0,23,6,43,935.66,880.5,53.94,0,High Value Customer
TX-11012,CUST-1109,2025-11-01,33,Grocery,6,46.48,0.0,34.01,4184.83,4.3,East,4,92,0,41,4,54,357.32,278.88,-5.95,0,High Value Customer
TX-11013,CUST-1548,2026-03-18,18,Home & Kitchen,2,41.84,15.0,20.5,2505.92,3.4,East,6,114,0,22,3,19,148.28,71.13,-34.46,1,At-Risk Customer
TX-11014,CUST-1696,2026-03-05,21,Furniture,1,930.44,20.0,550.13,3730.63,2.9,West,3,381,0,3,6,9,801.93,744.35,124.76,1,At-Risk Customer
TX-11015,CUST-1570,2026-04-18,39,Furniture,3,389.1,20.0,231.01,2276.86,4.8,East,1,359,0,21,4,27,995.49,933.84,202.16,0,Regular Customer
TX-11016,CUST-1495,2025-12-21,38,Clothing,3,168.93,5.0,72.9,4074.65,4.9,East,2,177,0,19,5,33,556.36,481.45,192.63,0,Loyal Customer
TX-11017,CUST-1407,2025-10-23,28,Fitness,1,89.08,10.0,51.07,7563.53,5.0,North,4,171,0,21,3,26,101.43,80.17,-102.35,0,Regular Customer
TX-11018,CUST-1457,2026-08-07,44,Furniture,2,564.58,5.0,330.64,1764.51,4.1,North,3,293,0,17,1,12,1114.92,1072.7,371.45,0,Regular Customer
TX-11019,CUST-1410,2026-02-03,29,Home & Kitchen,3,400.46,10.0,164.59,5440.83,4.8,North,5,64,0,12,3,12,1109.04,1081.24,483.36,0,Regular Customer
TX-11020,CUST-1651,2025-08-16,40,Electronics,4,1530.12,20.0,1046.47,5333.23,4.5,South,5,180,0,1,10,11,4961.7,4896.38,608.01,0,Regular Customer
TX-11021,CUST-1614,2026-03-24,40,Electronics,1,399.38,0.0,308.73,3753.56,4.0,North,4,132,0,1,3,3,457.85,399.38,16.35,0,Regular Customer
TX-11022,CUST-1379,2025-09-23,37,Home & Kitchen,2,256.42,0.0,112.75,3790.53,3.9,North,3,166,0,36,3,39,560.06,512.84,216.98,0,Regular Customer
TX-11023,CUST-1410,2026-06-24,41,Fitness,2,58.43,0.0,29.75,4589.4,4.7,East,4,295,0,37,4,45,179.86,116.86,-29.48,0,Regular Customer
TX-11024,CUST-1611,2025-09-12,31,Furniture,2,509.18,0.0,349.37,5477.71,4.6,West,2,127,0,28,5,43,1054.73,1018.36,228.45,0,High Value Customer
TX-11025,CUST-1206,2026-07-16,55,Home & Kitchen,1,292.43,5.0,155.94,4944.62,4.7,East,3,117,0,13,6,30,302.9,277.81,34.2,0,Regular Customer
TX-11026,CUST-1613,2026-05-02,40,Home & Kitchen,2,367.9,5.0,214.2,1298.72,4.0,South,4,395,0,28,4,33,730.6,699.01,233.13,0,Regular Customer
TX-11027,CUST-1690,2025-09-01,46,Clothing,3,203.65,25.0,85.8,5737.96,4.8,South,5,343,0,12,3,11,500.69,458.21,92.24,0,Regular Customer
TX-11028,CUST-1161,2025-09-27,35,Clothing,2,235.27,20.0,89.39,3118.39,2.6,West,2,179,0,36,4,42,398.56,376.43,141.88,1,At-Risk Customer
TX-11029,CUST-1404,2026-03-09,24,Home & Kitchen,2,47.52,0.0,22.62,2849.96,4.3,South,1,299,0,16,6,33,164.52,95.04,2.55,0,Regular Customer
TX-11030,CUST-1754,2026-08-09,37,Electronics,5,1498.0,5.0,899.03,4380.07,3.5,North,4,147,0,5,5,14,7138.02,7115.5,2536.65,1,At-Risk Customer
TX-11031,CUST-1743,2026-05-27,27,Home & Kitchen,2,380.38,10.0,189.91,5826.9,3.8,East,2,172,0,15,5,22,705.47,684.68,208.46,0,Regular Customer
TX-11032,CUST-1283,2025-12-07,47,Home & Kitchen,3,311.76,15.0,170.33,5616.37,3.5,South,3,251,0,19,4,29,849.05,794.99,186.25,1,At-Risk Customer
TX-11033,CUST-1413,2026-06-04,50,Electronics,1,1799.13,15.0,1316.51,7395.66,3.9,East,3,413,0,12,2,9,1583.19,1529.26,88.32,1,At-Risk Customer
TX-11034,CUST-1518,2025-10-07,24,Home & Kitchen,2,225.02,25.0,97.41,4021.83,4.0,North,1,65,0,43,6,76,406.67,337.53,77.88,0,High Value Customer
TX-11035,CUST-1348,2025-10-12,23,Home & Kitchen,2,183.34,10.0,81.2,6496.68,3.7,East,2,237,0,14,2,14,358.75,330.01,61.16,1,At-Risk Customer
TX-11036,CUST-1588,2025-12-20,18,Fitness,1,92.41,10.0,48.97,3233.27,5.0,West,2,78,0,8,3,9,146.17,83.17,-23.3,0,Regular Customer
TX-11037,CUST-1576,2026-04-18,26,Furniture,2,305.11,5.0,171.77,654.96,3.7,East,3,149,0,13,3,20,657.08,579.71,212.84,1,At-Risk Customer
TX-11038,CUST-1469,2026-07-28,44,Grocery,10,25.8,5.0,21.24,3724.19,4.5,North,4,47,0,40,3,42,295.96,245.1,-41.16,0,Regular Customer
TX-11039,CUST-1264,2025-09-17,38,Grocery,6,16.65,15.0,12.9,5637.84,3.5,South,2,353,0,25,4,30,156.32,84.91,-86.05,1,At-Risk Customer
TX-11040,CUST-1235,2026-01-22,29,Grocery,2,78.07,20.0,66.29,3880.16,4.2,East,2,300,0,1,2,8,189.65,124.91,-74.87,0,Regular Customer
TX-11041,CUST-1009,2026-08-07,23,Clothing,2,63.41,10.0,33.23,4280.53,4.5,South,3,261,0,41,3,43,157.84,114.14,-30.03,0,Regular Customer
TX-11042,CUST-1408,2026-07-24,49,Fitness,1,220.73,5.0,134.54,2168.35,4.7,East,4,157,0,10,2,14,269.16,209.69,24.63,0,Regular Customer
TX-11043,CUST-1182,2026-04-14,44,Clothing,8,192.47,5.0,83.09,7836.86,2.4,East,3,427,0,17,9,51,1536.11,1462.77,667.0,1,At-Risk Customer
TX-11044,CUST-1587,2025-12-29,37,Furniture,1,301.86,0.0,181.35,591.26,3.6,South,1,151,0,35,2,29,364.81,301.86,107.14,1,At-Risk Customer
TX-11045,CUST-1204,2025-12-12,56,Fitness,1,115.77,25.0,63.06,2144.0,5.0,South,3,149,0,40,1,17,146.37,86.83,-21.89,0,Regular Customer
TX-11046,CUST-1211,2025-12-09,33,Furniture,1,364.93,5.0,239.12,2839.99,4.1,South,3,382,0,29,3,28,407.94,346.68,51.46,0,Regular Customer
TX-11047,CUST-1364,2025-11-01,18,Electronics,1,1525.53,20.0,960.23,4729.6,5.0,North,1,185,0,32,9,88,1253.08,1220.42,184.75,0,High Value Customer
TX-11048,CUST-1692,2026-07-19,44,Grocery,4,51.21,20.0,44.0,7321.03,4.9,North,2,159,0,18,3,16,214.36,163.87,-130.94,0,Regular Customer
TX-11049,CUST-1554,2025-09-04,33,Grocery,10,11.36,5.0,8.9,6236.46,3.5,East,4,190,0,7,3,11,181.71,107.92,-92.63,1,At-Risk Customer
TX-11050,CUST-1504,2026-06-04,50,Clothing,6,194.1,15.0,71.02,7618.34,4.4,West,5,34,0,7,5,14,1027.02,989.91,427.01,0,Regular Customer
TX-11051,CUST-1782,2026-05-02,40,Clothing,3,234.17,15.0,110.09,1648.14,3.7,West,3,361,0,22,8,58,623.93,597.13,228.64,1,At-Risk Customer
TX-11052,CUST-1590,2025-10-18,22,Electronics,1,646.45,5.0,449.07,5496.76,4.8,West,3,85,0,25,7,54,666.87,614.13,69.11,0,High Value Customer
TX-11053,CUST-1553,2025-08-30,46,Home & Kitchen,1,410.74,15.0,231.81,3464.66,4.0,East,2,239,0,5,8,12,427.92,349.13,56.35,0,Regular Customer
TX-11054,CUST-1702,2025-11-11,32,Grocery,10,75.04,15.0,55.16,7897.47,3.2,North,2,325,0,6,6,18,665.98,637.84,-41.22,1,At-Risk Customer
TX-11055,CUST-1471,2026-01-22,29,Fitness,1,449.18,20.0,210.12,4675.01,3.5,North,4,158,1,17,3,21,424.32,359.34,-53.0,1,At-Risk Customer
TX-11056,CUST-1215,2026-02-24,44,Home & Kitchen,1,242.96,0.0,104.47,5936.85,5.0,North,4,55,0,10,7,22,279.04,242.96,31.44,0,Regular Customer
TX-11057,CUST-1627,2025-12-24,19,Furniture,4,213.45,5.0,126.65,6021.09,3.1,East,1,278,0,26,1,10,847.85,811.11,209.69,1,At-Risk Customer
TX-11058,CUST-1482,2026-06-23,31,Clothing,2,156.41,5.0,76.75,3911.88,3.4,East,5,89,0,42,5,67,339.81,297.18,62.5,1,At-Risk Customer
TX-11059,CUST-1434,2025-11-29,41,Grocery,4,51.8,25.0,40.35,5995.14,3.0,East,3,300,0,16,7,40,177.12,155.4,-109.43,1,At-Risk Customer
TX-11060,CUST-1410,2026-01-04,34,Grocery,2,61.23,5.0,52.93,2178.37,3.6,South,4,78,0,24,9,65,138.5,116.34,-40.2,1,At-Risk Customer
TX-11061,CUST-1589,2026-07-31,36,Furniture,1,494.38,15.0,303.81,6955.4,3.8,North,2,269,0,27,4,37,488.09,420.22,3.08,0,Regular Customer
TX-11062,CUST-1241,2026-05-25,42,Grocery,2,51.35,0.0,36.79,5932.68,3.4,West,3,237,0,6,2,9,150.56,102.7,-73.37,1,At-Risk Customer
TX-11063,CUST-1756,2025-10-29,47,Grocery,6,29.81,5.0,22.26,6852.49,3.9,North,5,424,0,7,4,11,239.41,169.92,-88.93,1,At-Risk Customer
TX-11064,CUST-1511,2025-10-21,39,Fitness,3,49.2,20.0,24.61,6491.38,5.0,East,3,373,0,1,6,7,193.06,118.08,-66.62,0,Regular Customer
TX-11065,CUST-1307,2025-12-20,36,Home & Kitchen,5,168.12,0.0,89.54,7248.86,2.1,North,4,294,0,12,3,19,873.65,840.6,266.17,1,At-Risk Customer
TX-11066,CUST-1707,2025-11-05,27,Electronics,1,1394.2,0.0,1002.07,3732.28,3.4,South,4,403,0,15,2,9,1464.82,1394.2,318.15,1,At-Risk Customer
TX-11067,CUST-1487,2026-07-02,50,Electronics,1,1710.75,15.0,1202.51,2050.97,4.5,West,4,61,0,27,3,31,1530.23,1454.14,202.86,0,Regular Customer
TX-11068,CUST-1266,2026-02-14,35,Clothing,3,158.84,25.0,80.28,1361.62,4.3,East,6,416,0,28,2,19,427.24,357.39,69.13,0,Regular Customer
TX-11069,CUST-1421,2025-10-15,18,Clothing,8,82.0,5.0,42.12,920.99,2.7,South,4,35,0,34,5,57,649.57,623.2,254.43,1,At-Risk Customer
TX-11070,CUST-1665,2026-07-12,46,Home & Kitchen,2,314.48,15.0,164.66,7082.52,4.0,South,4,380,0,23,4,33,563.71,534.62,81.06,0,Regular Customer
TX-11071,CUST-1291,2026-02-11,44,Clothing,2,39.93,0.0,15.48,6215.91,3.5,West,4,98,0,21,3,22,122.95,79.86,-62.34,1,At-Risk Customer
TX-11072,CUST-1457,2025-09-23,30,Grocery,4,78.21,5.0,59.18,4845.23,4.5,East,2,237,0,27,1,15,343.45,297.2,-21.2,0,Regular Customer
TX-11073,CUST-1148,2025-11-07,29,Fitness,1,537.47,30.0,339.63,2731.47,4.3,East,6,288,0,5,3,10,452.66,376.23,-31.37,0,Regular Customer
TX-11074,CUST-1627,2026-06-02,32,Grocery,6,39.75,5.0,31.39,5504.45,3.6,North,4,245,1,42,5,63,303.49,226.57,-53.0,1,At-Risk Customer
TX-11075,CUST-1351,2025-12-08,42,Clothing,3,80.51,0.0,35.11,6029.35,3.7,East,4,193,0,42,5,69,264.33,241.53,27.76,0,Loyal Customer
TX-11076,CUST-1727,2025-12-28,27,Home & Kitchen,1,340.58,10.0,169.9,3585.77,3.1,West,3,314,0,29,7,62,351.16,306.52,69.34,1,At-Risk Customer
TX-11077,CUST-1455,2026-02-15,34,Fitness,2,591.83,10.0,273.05,4254.05,4.6,West,3,292,0,27,3,28,1123.49,1065.29,441.88,0,Regular Customer
TX-11078,CUST-1188,2025-08-25,40,Furniture,1,350.91,0.0,204.36,2089.15,3.4,South,1,273,0,53,3,51,409.55,350.91,110.71,1,At-Risk Customer
TX-11079,CUST-1761,2026-08-07,24,Fitness,2,40.34,0.0,25.13,3305.79,4.9,North,5,379,0,35,3,38,101.59,80.68,-41.67,0,Regular Customer
TX-11080,CUST-1406,2025-10-05,36,Electronics,1,1907.11,5.0,1164.83,3400.19,4.9,North,2,120,0,34,3,37,1875.33,1811.75,586.92,0,High Value Customer
TX-11081,CUST-1484,2026-05-21,27,Electronics,2,528.63,5.0,389.05,1080.67,4.4,North,2,142,0,17,3,17,1036.68,1004.4,201.09,0,Regular Customer
TX-11082,CUST-1536,2025-09-25,25,Electronics,2,254.06,20.0,195.04,3003.74,4.3,East,2,18,0,1,6,8,462.96,406.5,-37.64,0,Regular Customer
TX-11083,CUST-1086,2026-07-15,46,Grocery,6,78.55,15.0,55.54,2400.19,3.3,East,3,86,0,11,1,4,431.93,400.6,17.86,1,At-Risk Customer
TX-11084,CUST-1755,2026-01-06,25,Grocery,4,17.5,5.0,13.65,3718.79,3.9,South,4,346,0,22,6,42,118.25,66.5,-61.88,0,Loyal Customer
TX-11085,CUST-1174,2025-08-28,44,Electronics,1,709.21,20.0,447.16,2002.75,4.5,East,1,122,0,8,5,20,607.88,567.37,85.67,0,Regular Customer
TX-11086,CUST-1333,2026-04-14,18,Grocery,15,31.56,10.0,22.26,4255.29,3.8,East,4,129,0,1,5,5,455.23,426.06,10.33,1,At-Risk Customer
TX-11087,CUST-1138,2026-08-06,43,Home & Kitchen,1,217.02,0.0,129.49,5285.36,4.2,South,5,441,0,2,5,3,280.01,217.02,-14.25,0,Regular Customer
TX-11088,CUST-1467,2026-07-03,42,Fitness,1,110.53,20.0,53.92,1797.27,5.0,West,3,108,0,29,6,51,148.9,88.42,-5.96,0,Loyal Customer
TX-11089,CUST-1654,2026-05-14,37,Clothing,1,74.5,0.0,30.61,6659.69,3.5,East,4,239,0,21,4,29,125.83,74.5,-74.01,1,At-Risk Customer
TX-11090,CUST-1232,2025-09-28,36,Grocery,4,45.75,20.0,38.85,7990.21,4.0,East,3,116,0,35,7,73,223.91,146.4,-142.35,0,Loyal Customer
TX-11091,CUST-1266,2025-11-01,62,Clothing,4,193.99,15.0,70.55,6308.21,3.0,North,3,49,1,15,2,16,718.13,659.57,-48.5,1,At-Risk Customer
TX-11092,CUST-1776,2025-10-22,36,Clothing,2,54.15,10.0,28.39,1690.82,2.8,East,2,97,0,13,7,33,146.38,97.47,6.33,1,At-Risk Customer
TX-11093,CUST-1008,2026-08-01,23,Grocery,6,73.6,0.0,63.82,4528.06,4.2,West,5,117,0,25,2,23,480.32,441.6,-31.74,0,Regular Customer
TX-11094,CUST-1784,2026-03-22,37,Clothing,3,178.95,10.0,82.45,5694.75,3.8,South,3,242,0,14,5,25,553.26,483.16,136.89,0,Regular Customer
TX-11095,CUST-1561,2026-02-21,18,Furniture,1,615.77,5.0,359.18,7114.7,2.7,West,2,214,0,15,11,54,643.04,584.98,110.08,1,At-Risk Customer
TX-11096,CUST-1447,2026-03-04,31,Furniture,1,877.78,5.0,509.1,5182.95,4.6,South,5,98,0,14,5,28,855.47,833.89,224.55,0,Regular Customer
TX-11097,CUST-1661,2026-03-01,31,Grocery,6,9.17,0.0,7.82,3399.07,4.4,South,3,347,0,11,1,12,79.56,55.02,-56.39,0,Regular Customer
TX-11098,CUST-1432,2026-06-30,30,Furniture,3,1052.51,10.0,650.68,7782.72,3.9,East,6,399,0,21,2,20,2909.86,2841.78,746.0,1,At-Risk Customer
TX-11099,CUST-1760,2026-05-13,29,Clothing,2,171.29,10.0,66.79,7979.26,4.6,West,3,367,0,11,4,14,331.81,308.32,41.55,0,Regular Customer
TX-11100,CUST-1070,2025-11-15,41,Furniture,1,883.55,25.0,501.8,978.54,4.7,East,2,81,0,32,7,70,718.01,662.66,137.18,0,High Value Customer
TX-11101,CUST-1466,2026-06-26,47,Grocery,6,71.21,5.0,55.55,3870.78,4.2,East,3,167,0,22,3,27,446.92,405.9,1.04,0,Regular Customer
TX-11102,CUST-1503,2025-11-18,51,Clothing,3,137.5,15.0,63.82,2536.37,3.5,North,2,24,0,10,3,12,395.98,350.62,112.12,1,At-Risk Customer
TX-11103,CUST-1547,2025-08-25,41,Furniture,3,344.0,10.0,218.88,7073.06,3.9,North,3,417,0,7,1,8,965.39,928.8,152.56,1,At-Risk Customer
TX-11104,CUST-1128,2026-03-26,18,Fitness,1,597.36,0.0,382.21,2439.47,2.6,North,4,403,0,16,5,26,643.2,597.36,160.56,1,At-Risk Customer
TX-11105,CUST-1154,2025-08-21,36,Grocery,4,19.41,10.0,14.52,3800.25,4.7,South,5,101,0,1,1,3,95.37,69.88,-67.71,0,Low Value Customer
TX-11106,CUST-1319,2026-04-26,48,Clothing,4,186.17,5.0,87.91,7137.9,3.5,West,1,407,0,1,3,9,760.08,707.45,244.24,1,At-Risk Customer
TX-11107,CUST-1032,2026-01-30,43,Electronics,1,2131.09,10.0,1578.89,5541.81,4.8,South,2,211,0,15,6,30,1950.5,1917.98,246.96,0,Regular Customer
TX-11108,CUST-1794,2026-03-02,40,Electronics,5,552.05,10.0,392.1,3293.08,2.4,West,4,422,0,17,1,12,2546.85,2484.22,456.33,1,At-Risk Customer
TX-11109,CUST-1256,2026-02-25,27,Electronics,1,854.8,0.0,579.7,546.05,3.8,North,5,31,0,38,5,58,919.27,854.8,244.41,0,Loyal Customer
TX-11110,CUST-1731,2025-12-19,18,Grocery,10,74.39,0.0,59.46,3080.31,4.7,West,1,332,0,43,2,32,797.59,743.9,98.6,0,Regular Customer
TX-11111,CUST-1034,2025-11-23,30,Grocery,4,15.01,15.0,11.13,1495.16,4.0,North,4,406,0,25,2,17,115.74,51.03,-33.91,0,Regular Customer
TX-11112,CUST-1213,2026-04-13,22,Grocery,2,13.9,5.0,10.1,7189.77,3.0,East,5,184,0,10,7,22,67.3,26.41,-124.14,1,At-Risk Customer
TX-11113,CUST-1162,2026-07-02,44,Fitness,1,314.45,0.0,188.74,6015.26,3.4,North,5,90,0,25,6,47,378.02,314.45,12.98,1,At-Risk Customer
TX-11114,CUST-1562,2026-05-07,25,Electronics,2,364.09,30.0,254.24,3189.58,4.6,East,3,306,0,30,2,22,530.97,509.73,-60.1,0,Regular Customer
TX-11115,CUST-1305,2025-11-23,50,Clothing,1,63.87,15.0,30.09,6487.97,3.5,North,3,326,0,38,4,48,113.44,54.29,-86.62,1,At-Risk Customer
TX-11116,CUST-1223,2025-10-10,26,Furniture,1,1106.73,10.0,665.75,1945.93,4.0,West,3,198,0,7,2,6,1045.07,996.06,287.62,0,Regular Customer
TX-11117,CUST-1171,2026-01-02,38,Home & Kitchen,2,77.12,0.0,43.7,2728.62,4.2,North,6,85,0,17,3,22,202.48,154.24,-1.09,0,Regular Customer
TX-11118,CUST-1248,2025-08-18,54,Electronics,1,1179.07,20.0,733.95,7009.33,5.0,West,5,52,0,34,2,25,995.49,943.26,81.67,0,Regular Customer
TX-11119,CUST-1158,2026-02-20,30,Electronics,1,1452.09,10.0,1112.57,3921.82,4.6,South,5,169,0,16,7,40,1342.19,1306.88,112.98,0,High Value Customer
TX-11120,CUST-1093,2026-07-31,53,Home & Kitchen,2,225.98,25.0,105.61,3701.31,4.8,East,2,130,0,1,7,9,388.95,338.97,63.23,0,Regular Customer
TX-11121,CUST-1777,2026-06-30,31,Electronics,1,1588.05,20.0,1046.93,2966.79,5.0,North,3,117,0,1,5,8,1319.64,1270.44,165.51,0,Regular Customer
TX-11122,CUST-1157,2026-08-08,19,Home & Kitchen,1,98.52,10.0,47.26,6797.04,4.5,North,1,444,0,6,6,12,167.17,88.67,-65.05,0,Regular Customer
TX-11123,CUST-1238,2026-01-23,32,Home & Kitchen,1,167.22,0.0,79.31,6214.72,4.6,East,4,302,0,16,4,21,192.8,167.22,-23.31,0,Regular Customer
TX-11124,CUST-1449,2025-11-20,20,Electronics,2,284.39,5.0,198.93,1042.15,4.7,West,3,282,0,30,2,19,596.75,540.34,113.35,0,Regular Customer
TX-11125,CUST-1137,2025-12-20,42,Electronics,1,645.79,25.0,487.71,1038.11,4.7,West,7,311,0,15,4,24,516.1,484.34,-50.44,0,Regular Customer
TX-11126,CUST-1572,2026-01-11,39,Home & Kitchen,3,162.93,5.0,90.44,6541.88,2.6,West,1,42,0,19,6,39,533.95,464.35,90.4,1,At-Risk Customer
TX-11127,CUST-1191,2026-05-19,39,Clothing,1,243.56,10.0,100.77,3408.66,2.7,East,3,367,0,22,4,28,260.63,219.2,53.8,1,At-Risk Customer
TX-11128,CUST-1281,2026-06-16,41,Home & Kitchen,1,52.92,0.0,22.06,2970.29,5.0,South,6,282,1,37,8,88,123.37,52.92,-62.0,0,Loyal Customer
TX-11129,CUST-1158,2026-04-01,19,Clothing,1,215.75,0.0,102.33,547.83,2.3,East,3,345,0,42,2,33,291.24,215.75,91.7,1,At-Risk Customer
TX-11130,CUST-1464,2025-08-14,43,Fitness,3,214.87,0.0,108.29,5455.56,3.7,West,3,76,0,17,3,16,708.97,644.61,224.41,1,At-Risk Customer
TX-11131,CUST-1019,2026-06-27,18,Clothing,2,68.26,30.0,26.36,1191.94,3.3,South,2,270,0,17,6,36,170.78,95.56,15.96,1,At-Risk Customer
TX-11132,CUST-1064,2026-07-17,53,Home & Kitchen,3,401.87,20.0,193.07,1805.51,2.8,West,4,314,0,12,4,17,1043.97,964.49,340.2,1,At-Risk Customer
TX-11133,CUST-1699,2026-04-25,23,Home & Kitchen,2,76.26,0.0,36.28,6271.58,3.6,South,3,279,0,6,6,16,184.17,152.52,-27.61,1,At-Risk Customer
TX-11134,CUST-1330,2026-03-11,42,Fitness,2,131.68,5.0,61.53,5178.97,4.3,East,1,256,0,34,6,62,296.72,250.19,44.95,0,Loyal Customer
TX-11135,CUST-1535,2026-07-17,35,Electronics,1,1906.94,20.0,1256.47,3693.63,4.9,North,2,138,0,28,4,33,1598.17,1525.55,204.68,0,Regular Customer
TX-11136,CUST-1132,2025-11-13,35,Electronics,2,1114.47,0.0,703.24,3099.8,3.9,South,3,69,0,45,4,54,2272.47,2228.94,762.46,0,Regular Customer
TX-11137,CUST-1196,2025-10-03,38,Electronics,1,801.5,25.0,508.36,5628.91,4.2,West,2,362,0,16,1,12,668.25,601.12,-0.67,0,Regular Customer
TX-11138,CUST-1538,2026-06-29,39,Fitness,2,255.97,10.0,118.94,2268.21,3.6,East,4,208,1,10,3,16,492.49,460.75,-53.0,1,At-Risk Customer
TX-11139,CUST-1226,2026-06-20,45,Fitness,1,64.39,5.0,38.84,6080.6,4.1,North,2,449,1,42,2,32,101.5,61.17,-44.0,1,At-Risk Customer
TX-11140,CUST-1213,2026-07-15,42,Grocery,6,13.06,20.0,10.46,1025.64,5.0,North,5,360,0,6,5,13,130.28,62.69,-37.96,0,Regular Customer
TX-11141,CUST-1654,2025-09-14,32,Clothing,1,70.15,5.0,24.77,4732.75,2.5,West,3,412,0,12,6,22,116.36,66.64,-42.62,1,At-Risk Customer
TX-11142,CUST-1725,2025-09-12,53,Home & Kitchen,2,401.47,15.0,222.2,7901.92,4.9,East,2,396,0,15,5,25,727.07,682.5,110.57,0,Regular Customer
TX-11143,CUST-1751,2025-09-19,33,Clothing,3,150.87,25.0,68.75,7633.45,4.8,North,2,371,0,25,2,22,418.1,339.46,9.71,0,Regular Customer
TX-11144,CUST-1531,2025-10-02,36,Electronics,3,1961.12,10.0,1529.4,6838.5,4.3,South,3,261,0,11,3,17,5338.23,5295.02,590.75,0,Regular Customer
TX-11145,CUST-1194,2025-11-20,51,Home & Kitchen,3,329.32,5.0,191.78,5326.52,3.3,South,4,393,0,1,5,2,1017.22,938.56,265.32,1,At-Risk Customer
TX-11146,CUST-1183,2026-05-26,37,Fitness,1,366.82,20.0,167.73,4583.86,3.6,West,1,34,0,2,4,11,362.96,293.46,52.47,1,At-Risk Customer
TX-11147,CUST-1784,2026-07-06,38,Home & Kitchen,1,40.88,5.0,20.29,6923.2,5.0,East,2,137,0,29,3,27,97.0,38.84,-94.3,0,Regular Customer
TX-11148,CUST-1719,2026-07-20,54,Grocery,6,22.63,10.0,19.42,1174.58,4.3,North,2,376,0,1,8,8,196.07,122.2,-20.94,0,Regular Customer
TX-11149,CUST-1184,2026-05-22,54,Grocery,2,18.92,5.0,16.05,2285.19,3.2,East,3,300,0,22,1,10,108.59,35.95,-43.93,1,At-Risk Customer
TX-11150,CUST-1546,2026-06-17,30,Grocery,15,26.39,15.0,22.24,5041.84,4.8,East,3,257,0,1,1,9,406.49,336.47,-86.26,0,Regular Customer
TX-11151,CUST-1563,2026-01-27,48,Clothing,3,100.0,0.0,43.8,7611.55,3.8,West,3,160,0,52,4,68,351.94,300.0,40.93,0,Regular Customer
TX-11152,CUST-1440,2026-01-26,34,Home & Kitchen,1,351.82,5.0,187.27,1564.94,4.0,South,5,284,0,39,6,71,379.46,334.23,100.98,0,High Value Customer
TX-11153,CUST-1219,2026-02-22,41,Home & Kitchen,3,371.84,5.0,187.29,1675.04,4.6,East,4,26,0,41,1,16,1139.04,1059.74,454.75,0,Regular Customer
TX-11154,CUST-1463,2026-03-31,32,Grocery,15,79.28,15.0,61.88,2982.34,5.0,North,1,337,0,20,1,11,1075.98,1010.82,33.38,0,Regular Customer
TX-11155,CUST-1291,2026-06-15,26,Electronics,2,1452.05,10.0,980.0,4004.38,3.0,South,3,114,0,3,6,7,2654.62,2613.69,580.12,1,At-Risk Customer
TX-11156,CUST-1309,2025-08-17,41,Clothing,2,245.78,0.0,99.87,7050.06,4.1,South,1,15,0,34,1,13,516.21,491.56,181.57,0,Regular Customer
TX-11157,CUST-1322,2025-08-25,20,Fitness,1,187.85,10.0,117.38,3509.42,4.5,East,3,336,0,3,5,10,211.57,169.06,-14.46,0,Regular Customer
TX-11158,CUST-1523,2026-05-25,33,Home & Kitchen,1,361.81,10.0,176.47,4862.68,3.4,South,2,109,1,29,3,33,361.55,325.63,-44.0,1,At-Risk Customer
TX-11159,CUST-1471,2026-02-12,41,Furniture,2,1039.31,15.0,584.62,3488.66,3.2,South,3,33,0,18,8,44,1806.63,1766.83,531.76,1,At-Risk Customer
TX-11160,CUST-1596,2025-12-19,22,Furniture,2,907.27,0.0,518.88,3214.83,4.7,East,1,32,0,6,7,14,1834.99,1814.54,724.06,0,Regular Customer
TX-11161,CUST-1094,2026-06-02,34,Grocery,6,40.14,10.0,34.21,2724.01,4.7,South,2,50,0,24,5,35,242.22,216.76,-38.36,0,Loyal Customer
TX-11162,CUST-1740,2026-01-27,36,Grocery,15,74.14,10.0,63.37,5568.61,3.2,South,5,193,0,37,4,47,1024.7,1000.89,-55.69,1,At-Risk Customer
TX-11163,CUST-1706,2026-08-08,41,Home & Kitchen,1,232.74,0.0,99.41,2001.62,3.9,North,3,124,0,12,6,24,266.75,232.74,89.81,0,Regular Customer
TX-11164,CUST-1307,2025-09-02,40,Fitness,2,559.19,0.0,347.14,6425.93,4.3,West,2,395,0,23,5,33,1163.96,1118.38,318.71,0,Loyal Customer
TX-11165,CUST-1057,2026-02-01,46,Clothing,1,66.67,0.0,26.08,5429.1,5.0,West,1,144,0,40,4,54,132.61,66.67,-45.35,0,Regular Customer
TX-11166,CUST-1123,2025-12-08,33,Fitness,3,587.04,5.0,379.88,2345.56,4.2,North,1,268,0,40,2,30,1694.13,1673.06,493.74,0,Regular Customer
TX-11167,CUST-1647,2026-02-25,44,Electronics,1,372.21,10.0,287.96,6322.76,5.0,East,2,288,0,53,3,49,376.18,334.99,-56.81,0,High Value Customer
TX-11168,CUST-1326,2026-05-17,24,Home & Kitchen,3,278.65,5.0,127.89,2694.87,3.8,South,1,18,0,23,2,20,855.2,794.15,365.56,0,Regular Customer
TX-11169,CUST-1714,2025-12-05,35,Furniture,4,616.24,0.0,364.79,5678.22,3.6,North,3,329,0,1,7,11,2490.1,2464.96,907.13,1,At-Risk Customer
TX-11170,CUST-1402,2026-03-30,32,Home & Kitchen,5,237.83,20.0,141.07,2866.99,3.1,North,5,382,0,10,3,14,1001.36,951.32,180.47,1,At-Risk Customer
TX-11171,CUST-1296,2026-03-03,38,Furniture,1,568.06,25.0,297.7,3780.22,4.7,South,3,73,0,1,4,5,502.99,426.04,58.14,0,Regular Customer
TX-11172,CUST-1487,2026-06-02,42,Fitness,1,512.93,5.0,292.43,7784.71,4.9,North,4,258,0,15,3,20,518.87,487.28,60.08,0,Regular Customer
TX-11173,CUST-1268,2025-09-26,46,Grocery,4,53.37,15.0,40.96,6583.38,5.0,West,3,191,0,6,4,15,259.46,181.46,-94.63,0,Regular Customer
TX-11174,CUST-1133,2025-10-22,60,Grocery,4,33.26,10.0,23.75,2653.58,3.5,South,3,40,0,22,3,26,163.78,119.74,-28.57,1,At-Risk Customer
TX-11175,CUST-1667,2026-06-02,66,Furniture,2,438.74,5.0,265.27,6726.5,3.0,South,1,234,0,26,5,46,891.21,833.61,197.67,1,At-Risk Customer
TX-11176,CUST-1272,2026-03-22,32,Clothing,3,116.56,30.0,61.92,6310.73,4.7,North,5,247,0,1,5,7,271.34,244.78,-58.14,0,Regular Customer
TX-11177,CUST-1423,2026-03-18,50,Clothing,2,130.2,25.0,67.5,2071.01,3.8,East,2,185,0,29,5,45,238.17,195.3,20.23,0,Loyal Customer
TX-11178,CUST-1352,2026-06-14,18,Fitness,2,219.9,15.0,99.62,5407.69,4.3,North,6,165,0,26,6,48,413.69,373.83,66.47,0,High Value Customer
TX-11179,CUST-1173,2026-02-09,31,Home & Kitchen,3,147.19,5.0,67.56,3854.13,4.0,West,2,307,0,16,4,22,498.53,419.49,150.0,0,Regular Customer
TX-11180,CUST-1451,2025-09-05,37,Furniture,2,158.95,5.0,83.35,7292.63,3.0,South,1,243,0,14,4,22,376.17,302.0,21.42,1,At-Risk Customer
TX-11181,CUST-1159,2025-09-26,27,Electronics,2,1399.05,5.0,883.51,1324.67,3.7,North,3,243,0,27,2,17,2727.01,2658.19,857.8,1,At-Risk Customer
TX-11182,CUST-1635,2025-10-28,35,Clothing,3,134.09,0.0,56.32,2037.64,3.2,North,4,402,0,15,3,16,474.2,402.27,184.75,1,At-Risk Customer
TX-11183,CUST-1113,2026-01-17,62,Grocery,4,27.7,10.0,24.21,7950.63,4.3,West,3,361,1,32,5,47,154.78,99.72,-48.5,1,At-Risk Customer
TX-11184,CUST-1214,2026-05-16,29,Furniture,1,709.26,10.0,386.45,806.25,4.6,South,3,71,0,1,7,3,672.79,638.33,226.29,0,Regular Customer
TX-11185,CUST-1768,2025-12-24,43,Home & Kitchen,1,123.65,0.0,56.45,7350.28,5.0,West,2,193,0,36,7,77,144.54,123.65,-52.05,0,Loyal Customer
TX-11186,CUST-1144,2026-08-04,33,Fitness,1,146.13,0.0,66.2,690.57,4.8,North,2,122,0,18,2,17,174.98,146.13,60.57,0,Regular Customer
TX-11187,CUST-1679,2026-05-10,55,Electronics,3,1928.16,10.0,1481.6,3752.15,4.4,East,4,57,0,12,2,7,5262.91,5206.03,686.95,0,Regular Customer
TX-11188,CUST-1290,2025-11-24,48,Fitness,3,352.54,10.0,174.39,2276.3,4.9,East,4,176,0,17,7,43,973.0,951.86,376.54,0,High Value Customer
TX-11189,CUST-1670,2025-08-18,32,Electronics,2,551.98,15.0,338.67,6144.7,3.5,West,4,357,0,32,7,65,997.95,938.37,150.86,1,At-Risk Customer
TX-11190,CUST-1678,2026-07-17,44,Clothing,1,57.54,5.0,24.71,1162.24,3.1,North,3,143,1,24,8,60,96.96,54.66,-48.5,1,At-Risk Customer
TX-11191,CUST-1664,2026-02-27,25,Furniture,1,1116.28,15.0,737.98,7347.75,3.4,West,6,447,0,26,5,38,989.56,948.84,73.64,1,At-Risk Customer
TX-11192,CUST-1726,2025-10-03,47,Clothing,4,109.46,0.0,53.85,7262.38,4.3,West,2,27,0,8,4,10,486.61,437.84,104.5,0,Regular Customer
TX-11193,CUST-1544,2025-09-28,18,Furniture,2,968.92,25.0,663.89,878.51,4.0,South,5,183,0,14,4,25,1493.94,1453.38,89.92,0,Regular Customer
TX-11194,CUST-1468,2026-05-28,27,Fitness,2,595.67,20.0,325.31,507.24,4.4,North,3,308,1,21,4,33,986.15,953.07,-48.5,1,At-Risk Customer
TX-11195,CUST-1542,2026-01-17,20,Clothing,8,154.55,10.0,71.12,6846.74,5.0,West,2,136,0,1,2,9,1167.57,1112.76,432.1,0,Regular Customer
TX-11196,CUST-1160,2025-08-23,20,Clothing,1,96.06,5.0,45.37,815.96,5.0,East,3,264,0,18,3,21,166.04,91.26,20.15,0,Regular Customer
TX-11197,CUST-1309,2025-12-12,28,Home & Kitchen,1,418.42,30.0,194.95,7025.17,4.9,East,6,123,0,14,2,11,359.4,292.89,-34.43,0,Regular Customer
TX-11198,CUST-1640,2025-12-23,42,Grocery,4,20.7,10.0,17.24,7232.31,5.0,North,6,170,0,11,3,14,149.28,74.52,-129.92,0,Regular Customer
TX-11199,CUST-1286,2025-12-07,33,Furniture,2,992.46,5.0,552.16,2257.49,3.2,East,5,97,0,20,3,22,1963.57,1885.67,724.99,1,At-Risk Customer
TX-11200,CUST-1672,2025-10-23,26,Electronics,3,892.02,5.0,612.33,6546.11,3.1,West,2,428,0,14,9,40,2602.52,2542.26,598.08,1,At-Risk Customer
TX-11201,CUST-1694,2026-06-23,31,Fitness,1,368.56,10.0,181.81,3375.76,2.9,South,3,151,0,6,5,12,403.76,331.7,85.76,1,At-Risk Customer
TX-11202,CUST-1586,2025-10-31,47,Grocery,6,57.65,15.0,47.71,2408.19,4.1,East,3,26,0,28,1,10,365.74,294.01,-41.87,0,Regular Customer
TX-11203,CUST-1337,2026-03-31,27,Home & Kitchen,2,438.97,20.0,240.82,1716.36,4.8,South,3,90,0,6,1,2,774.14,702.35,181.47,0,Regular Customer
TX-11204,CUST-1141,2026-06-07,20,Home & Kitchen,2,68.02,0.0,36.73,711.43,4.4,South,5,254,0,1,4,5,208.34,136.04,29.41,0,Regular Customer
TX-11205,CUST-1316,2026-08-01,47,Fitness,1,516.62,25.0,302.57,3881.15,3.4,South,2,129,0,43,5,63,425.77,387.47,17.68,1,At-Risk Customer
TX-11206,CUST-1788,2025-10-27,48,Fitness,1,258.62,5.0,116.96,7617.54,3.8,South,2,434,0,15,1,9,301.37,245.69,5.47,1,At-Risk Customer
TX-11207,CUST-1570,2026-05-13,22,Fitness,2,594.96,15.0,288.27,1588.73,4.1,North,3,331,0,29,5,43,1042.67,1011.43,397.56,0,High Value Customer
TX-11208,CUST-1149,2025-08-29,49,Clothing,2,171.68,10.0,60.98,2056.48,5.0,West,2,254,0,9,1,5,346.76,309.02,147.22,0,Regular Customer
TX-11209,CUST-1310,2026-03-28,38,Fitness,1,261.21,25.0,122.52,2827.73,4.4,East,1,222,0,13,5,26,261.07,195.91,26.47,0,Regular Customer
TX-11210,CUST-1192,2025-10-07,37,Furniture,3,196.7,5.0,129.29,6534.06,3.8,South,4,316,1,27,3,28,615.58,560.59,-53.0,1,At-Risk Customer
TX-11211,CUST-1626,2026-06-25,58,Clothing,1,208.56,15.0,89.44,7671.25,3.7,South,1,168,0,25,4,34,215.69,177.28,-31.73,0,Regular Customer
TX-11212,CUST-1236,2026-07-31,43,Electronics,2,897.81,20.0,594.52,5661.3,3.6,East,4,186,1,21,4,29,1480.89,1436.5,-53.0,1,At-Risk Customer
TX-11213,CUST-1798,2026-04-15,18,Furniture,1,511.18,5.0,285.26,4609.6,4.6,West,4,266,0,33,3,31,538.99,485.62,113.22,0,Regular Customer
TX-11214,CUST-1382,2025-11-16,22,Grocery,15,60.89,0.0,49.71,6135.31,4.6,West,3,171,0,10,2,14,946.38,913.35,62.17,0,Regular Customer
TX-11215,CUST-1167,2025-11-20,39,Furniture,2,1024.51,0.0,543.52,6859.72,4.4,North,3,86,0,41,7,87,2123.07,2049.02,845.58,0,High Value Customer
TX-11216,CUST-1015,2025-12-30,48,Grocery,4,60.23,0.0,42.36,7978.19,3.4,South,3,229,0,7,2,10,318.0,240.92,-61.69,1,At-Risk Customer
TX-11217,CUST-1207,2025-11-26,39,Electronics,2,473.86,15.0,358.49,7005.12,3.9,South,4,137,0,22,4,34,860.15,805.56,-34.49,0,Regular Customer
TX-11218,CUST-1449,2026-06-25,37,Grocery,4,77.19,10.0,57.25,2245.02,4.2,East,4,310,0,1,3,3,336.02,277.88,-2.79,0,Regular Customer
TX-11219,CUST-1252,2026-03-20,49,Grocery,10,59.02,10.0,48.32,2455.94,4.7,North,5,320,0,10,8,30,567.56,531.18,-11.36,0,Regular Customer
TX-11220,CUST-1389,2026-01-21,20,Grocery,10,11.55,25.0,9.58,5134.99,3.9,North,3,260,0,11,6,23,160.92,86.62,-99.7,0,Regular Customer
TX-11221,CUST-1462,2026-04-04,27,Electronics,3,1862.03,5.0,1118.05,7135.41,3.8,South,5,308,0,34,3,38,5362.81,5306.79,1823.1,1,At-Risk Customer
TX-11222,CUST-1405,2025-09-03,20,Home & Kitchen,3,89.06,0.0,37.82,7827.61,4.0,West,3,25,0,18,7,41,342.31,267.18,22.81,0,Regular Customer
TX-11223,CUST-1645,2025-09-08,29,Furniture,2,637.7,5.0,423.11,6950.37,4.1,East,4,356,0,29,8,71,1250.94,1211.63,243.15,0,High Value Customer
TX-11224,CUST-1311,2026-01-07,32,Grocery,4,61.1,0.0,44.7,1539.66,4.9,South,5,149,0,38,4,45,267.61,244.4,20.01,0,Regular Customer
TX-11225,CUST-1627,2025-09-10,36,Fitness,1,303.42,0.0,162.63,7475.14,4.3,South,1,118,0,25,1,9,362.33,303.42,24.16,0,Regular Customer
TX-11226,CUST-1661,2026-04-02,22,Electronics,2,1426.69,10.0,870.53,5414.41,4.4,North,4,371,0,27,4,37,2619.46,2568.04,727.77,0,High Value Customer
TX-11227,CUST-1599,2026-08-05,24,Home & Kitchen,3,117.53,20.0,47.3,960.63,4.9,South,1,260,0,20,9,57,337.11,282.07,121.26,0,Loyal Customer
TX-11228,CUST-1331,2026-04-01,52,Electronics,2,2135.74,0.0,1350.12,2074.68,5.0,South,4,447,0,22,4,29,4327.27,4271.48,1522.12,0,Regular Customer
TX-11229,CUST-1729,2025-11-25,23,Grocery,4,51.72,20.0,41.64,5507.45,2.0,North,2,301,0,7,3,12,202.34,165.5,-92.67,1,At-Risk Customer
TX-11230,CUST-1708,2026-07-12,37,Fitness,2,436.4,20.0,215.36,2506.11,5.0,South,2,332,0,17,5,33,748.86,698.24,220.93,0,Regular Customer
TX-11231,CUST-1126,2025-09-29,40,Electronics,1,475.54,30.0,347.89,6677.54,3.3,West,2,437,0,1,5,5,399.36,332.88,-124.18,1,At-Risk Customer
TX-11232,CUST-1087,2026-05-09,40,Fitness,2,212.06,15.0,115.17,3451.0,4.3,West,2,101,0,27,3,30,400.39,360.5,69.4,0,Regular Customer
TX-11233,CUST-1523,2026-06-23,41,Furniture,2,569.97,20.0,342.65,5806.65,3.6,West,3,164,0,23,1,13,971.41,911.95,126.05,1,At-Risk Customer
TX-11234,CUST-1044,2025-11-09,32,Clothing,2,31.13,10.0,12.72,2695.62,3.9,South,2,354,0,18,5,34,126.41,56.03,-18.84,0,Regular Customer
TX-11235,CUST-1148,2025-11-13,40,Fitness,1,259.54,10.0,144.11,7836.18,4.0,North,3,164,0,1,4,6,298.44,233.59,-41.57,0,Regular Customer
TX-11236,CUST-1316,2026-03-30,29,Clothing,2,146.37,0.0,66.7,5774.21,4.7,South,4,108,0,17,4,22,335.96,292.74,54.73,0,Regular Customer
TX-11237,CUST-1134,2025-11-25,22,Electronics,2,286.32,10.0,206.13,2412.51,4.0,East,4,176,1,13,4,15,548.58,515.38,-53.0,1,At-Risk Customer
TX-11238,CUST-1509,2026-04-26,34,Home & Kitchen,1,285.32,10.0,146.59,7989.9,4.1,North,2,216,0,33,4,41,291.54,256.79,-18.65,0,Regular Customer
TX-11239,CUST-1505,2025-12-13,23,Furniture,2,530.87,25.0,371.57,5698.33,3.2,West,1,375,0,2,5,6,856.37,796.31,-36.81,1,At-Risk Customer
TX-11240,CUST-1452,2025-09-23,36,Home & Kitchen,2,48.89,5.0,19.84,6069.03,3.5,North,3,251,0,41,1,13,143.83,92.89,-51.32,1,At-Risk Customer
TX-11241,CUST-1560,2026-01-03,36,Home & Kitchen,1,446.02,5.0,223.83,1867.47,4.7,South,5,218,1,29,2,20,501.19,423.72,-57.5,0,Regular Customer
TX-11242,CUST-1151,2025-09-11,37,Fitness,1,454.62,5.0,275.16,4462.53,4.1,East,3,215,1,18,4,27,487.55,431.89,-48.5,1,At-Risk Customer
TX-11243,CUST-1033,2026-07-21,49,Home & Kitchen,5,87.0,0.0,50.08,6820.41,3.6,East,1,269,0,25,5,36,510.82,435.0,77.79,1,At-Risk Customer
TX-11244,CUST-1089,2025-09-08,19,Electronics,1,1108.88,10.0,743.25,1445.05,4.5,West,3,396,0,34,3,30,1065.74,997.99,219.57,0,Regular Customer
TX-11245,CUST-1165,2026-07-24,34,Clothing,1,65.39,0.0,35.64,3217.64,4.2,South,3,215,0,30,4,36,131.68,65.39,-32.01,0,Regular Customer
TX-11246,CUST-1767,2026-06-06,50,Clothing,2,25.01,10.0,13.41,5484.95,3.3,North,5,340,1,22,5,36,124.15,45.02,-57.5,1,At-Risk Customer
TX-11247,CUST-1306,2026-01-26,34,Clothing,4,78.8,25.0,37.52,3909.47,3.5,West,1,133,0,29,1,17,271.16,236.4,23.18,1,At-Risk Customer
TX-11248,CUST-1776,2026-03-20,32,Home & Kitchen,1,277.63,20.0,144.58,7363.25,3.1,North,1,177,0,1,4,7,252.98,222.1,-37.42,1,At-Risk Customer
TX-11249,CUST-1137,2025-10-15,22,Fitness,2,302.07,0.0,163.39,6371.76,5.0,East,3,115,0,1,4,10,665.54,604.14,168.28,0,Regular Customer
TX-11250,CUST-1423,2026-05-09,72,Furniture,2,1159.83,10.0,645.9,5755.99,3.1,South,1,273,0,12,4,18,2136.14,2087.69,705.05,1,At-Risk Customer
TX-11251,CUST-1111,2026-06-02,37,Fitness,2,572.84,5.0,288.9,1034.37,4.1,North,4,334,0,20,3,25,1147.91,1088.4,477.08,0,Regular Customer
TX-11252,CUST-1705,2026-06-19,18,Fitness,1,466.31,0.0,234.34,5894.53,4.0,East,1,211,0,1,5,6,533.65,466.31,139.05,0,Regular Customer
TX-11253,CUST-1324,2025-12-24,30,Home & Kitchen,1,391.35,20.0,172.08,2948.37,3.4,East,1,65,0,1,2,3,364.72,313.08,92.27,1,At-Risk Customer
TX-11254,CUST-1629,2026-05-29,23,Grocery,15,51.8,5.0,40.43,4338.46,3.5,West,5,239,0,15,7,36,806.79,738.15,44.12,1,At-Risk Customer
TX-11255,CUST-1184,2026-06-22,40,Furniture,1,236.43,10.0,135.96,5398.52,3.6,East,2,218,0,6,6,11,281.53,212.79,-13.15,1,At-Risk Customer
TX-11256,CUST-1001,2025-10-13,34,Electronics,2,703.51,5.0,543.96,6799.56,4.2,West,3,289,0,10,4,14,1399.54,1336.67,133.26,0,Regular Customer
TX-11257,CUST-1120,2025-11-28,24,Home & Kitchen,2,186.09,0.0,96.39,4672.31,3.9,West,4,219,0,2,7,7,450.01,372.18,91.32,1,At-Risk Customer
TX-11258,CUST-1341,2026-02-09,23,Home & Kitchen,1,79.04,5.0,37.47,4011.47,4.4,South,3,401,1,29,3,26,115.53,75.09,-48.5,1,At-Risk Customer
TX-11259,CUST-1206,2026-08-02,18,Clothing,2,191.9,5.0,100.82,3748.69,3.9,East,3,122,0,25,1,16,424.12,364.61,93.24,1,At-Risk Customer
TX-11260,CUST-1315,2026-01-14,33,Home & Kitchen,1,292.52,0.0,134.02,1444.75,3.4,East,4,140,0,31,7,69,365.31,292.52,118.83,1,At-Risk Customer
TX-11261,CUST-1116,2026-07-31,45,Clothing,3,238.1,0.0,95.38,5234.34,4.9,East,5,140,0,11,5,22,787.97,714.3,327.14,0,Regular Customer
TX-11262,CUST-1582,2026-06-25,40,Electronics,3,1985.78,0.0,1517.44,6630.74,3.3,South,4,140,0,17,6,30,5996.44,5957.34,1287.56,1,At-Risk Customer
TX-11263,CUST-1346,2026-07-24,36,Grocery,4,8.75,10.0,6.58,7821.36,3.4,West,5,343,0,21,5,38,94.45,31.5,-134.64,1,At-Risk Customer
TX-11264,CUST-1661,2025-10-22,49,Grocery,6,28.71,30.0,21.4,6532.41,3.7,South,2,175,0,40,7,84,155.88,120.58,-114.8,0,Loyal Customer
TX-11265,CUST-1549,2026-02-01,38,Grocery,6,60.29,10.0,45.73,1837.8,4.5,West,3,180,0,23,5,33,384.35,325.57,10.12,0,Loyal Customer
TX-11266,CUST-1057,2026-05-07,27,Clothing,1,242.42,5.0,115.02,3776.13,4.7,East,2,224,0,31,6,57,294.92,230.3,49.64,0,Loyal Customer
TX-11267,CUST-1019,2025-11-28,27,Home & Kitchen,1,412.68,5.0,206.46,3773.26,2.6,East,3,182,0,21,4,30,415.68,392.05,115.49,1,At-Risk Customer
TX-11268,CUST-1362,2025-09-16,38,Furniture,3,1062.75,5.0,551.14,5139.66,3.9,East,3,35,0,12,9,37,3067.44,3028.84,1284.82,0,Regular Customer
TX-11269,CUST-1347,2026-02-22,34,Fitness,1,201.53,5.0,100.13,5606.65,4.4,South,4,111,0,27,5,46,234.68,191.45,-10.78,0,Loyal Customer
TX-11270,CUST-1398,2025-11-17,40,Home & Kitchen,2,341.33,0.0,145.47,4187.58,3.1,North,3,239,0,24,1,9,711.45,682.66,315.41,1,At-Risk Customer
TX-11271,CUST-1769,2026-01-18,28,Fitness,1,496.39,0.0,314.29,2178.57,3.4,East,4,391,0,33,1,10,521.26,496.39,131.42,1,At-Risk Customer
TX-11272,CUST-1278,2026-03-13,38,Electronics,5,2103.72,10.0,1318.33,4756.21,4.9,West,2,432,0,20,9,60,9506.81,9466.74,2794.75,0,High Value Customer
TX-11273,CUST-1380,2026-04-02,49,Clothing,8,157.23,5.0,61.38,4745.65,3.2,South,4,199,0,38,6,69,1228.6,1194.95,614.72,1,At-Risk Customer
TX-11274,CUST-1179,2025-10-10,21,Clothing,1,182.84,0.0,67.3,4718.57,2.9,North,2,129,0,11,2,11,242.65,182.84,35.76,1,At-Risk Customer
TX-11275,CUST-1094,2026-03-29,33,Home & Kitchen,5,276.14,10.0,122.76,7805.93,4.0,North,3,408,0,34,4,44,1305.52,1242.63,498.24,0,High Value Customer
TX-11276,CUST-1512,2025-10-31,49,Furniture,3,431.7,15.0,245.21,5414.52,4.5,East,4,333,0,7,6,17,1158.07,1100.83,265.99,0,Regular Customer
TX-11277,CUST-1750,2026-05-09,48,Clothing,2,66.13,5.0,27.18,7871.79,4.6,East,3,446,0,35,4,43,152.1,125.65,-60.29,0,Regular Customer
TX-11278,CUST-1100,2026-05-05,28,Fitness,2,459.6,15.0,213.53,5404.41,2.9,South,2,430,0,26,7,59,828.68,781.32,264.19,1,At-Risk Customer
TX-11279,CUST-1037,2026-04-06,39,Grocery,4,71.89,10.0,62.49,3428.59,4.3,North,2,214,1,1,7,8,322.42,258.8,-44.0,1,At-Risk Customer
TX-11280,CUST-1045,2026-07-31,62,Home & Kitchen,2,151.65,10.0,84.71,3311.82,3.9,North,1,81,0,16,6,32,319.4,272.97,49.37,0,Regular Customer
TX-11281,CUST-1047,2025-10-05,29,Home & Kitchen,1,315.31,10.0,133.1,6346.86,2.8,East,1,177,1,22,3,26,338.57,283.78,-39.5,1,At-Risk Customer
TX-11282,CUST-1776,2026-01-20,40,Fitness,3,586.49,10.0,361.02,2034.08,5.0,South,6,376,0,20,6,38,1624.92,1583.52,442.95,0,High Value Customer
TX-11283,CUST-1197,2026-01-07,60,Clothing,1,98.64,20.0,48.14,6624.25,4.2,East,1,364,0,1,3,3,132.03,78.91,-73.09,0,Regular Customer
TX-11284,CUST-1687,2025-10-13,27,Clothing,2,38.43,20.0,17.08,5992.62,5.0,South,2,131,0,15,3,17,132.48,61.49,-71.56,0,Regular Customer
TX-11285,CUST-1117,2025-08-21,43,Home & Kitchen,1,400.17,25.0,173.79,6355.91,3.5,North,4,180,0,1,6,4,369.5,300.13,13.0,1,At-Risk Customer
TX-11286,CUST-1358,2026-05-22,30,Clothing,1,227.82,0.0,100.45,4047.38,2.8,East,4,286,0,23,2,22,256.29,227.82,48.66,1,At-Risk Customer
TX-11287,CUST-1721,2026-01-06,52,Home & Kitchen,2,181.9,10.0,93.86,4471.49,3.2,South,3,78,0,15,4,18,362.13,327.42,59.13,1,At-Risk Customer
TX-11288,CUST-1318,2026-06-23,31,Clothing,2,112.4,10.0,52.55,3040.04,3.9,West,4,52,1,26,2,17,254.08,202.32,-53.0,1,At-Risk Customer
TX-11289,CUST-1029,2026-04-12,45,Fitness,2,89.98,10.0,50.89,1868.07,4.6,North,1,436,0,9,4,13,238.88,161.96,27.66,0,Regular Customer
TX-11290,CUST-1055,2025-09-27,36,Grocery,15,53.27,5.0,41.72,4455.33,3.2,West,6,83,0,11,1,5,816.6,759.1,39.47,1,At-Risk Customer
TX-11291,CUST-1610,2026-06-13,52,Fitness,3,215.79,5.0,127.37,2331.2,4.1,West,3,76,0,30,2,25,661.02,615.0,184.42,0,Regular Customer
TX-11292,CUST-1319,2026-01-31,48,Furniture,2,363.12,20.0,196.23,2309.08,3.4,North,4,35,0,7,1,6,649.29,580.99,135.9,1,At-Risk Customer
TX-11293,CUST-1773,2026-04-09,57,Home & Kitchen,2,414.17,5.0,210.5,2788.95,4.2,South,3,165,0,36,6,64,840.77,786.92,310.59,0,High Value Customer
TX-11294,CUST-1715,2026-04-10,31,Electronics,1,1294.48,10.0,1007.88,4479.46,2.6,West,3,221,0,12,4,18,1196.75,1165.03,76.46,1,At-Risk Customer
TX-11295,CUST-1659,2026-08-12,31,Grocery,2,41.96,15.0,31.17,4548.66,3.7,West,3,120,0,5,3,6,139.72,71.33,-72.74,1,At-Risk Customer
TX-11296,CUST-1229,2025-10-26,66,Home & Kitchen,1,67.9,0.0,31.02,2867.29,4.7,East,3,106,0,16,5,24,126.99,67.9,-19.63,0,Regular Customer
TX-11297,CUST-1401,2025-11-15,39,Fitness,2,445.88,10.0,289.24,4361.1,3.6,East,4,57,0,35,4,48,840.33,802.58,140.69,1,At-Risk Customer
TX-11298,CUST-1332,2026-04-03,27,Grocery,2,56.3,10.0,42.4,1349.52,4.7,North,4,142,0,22,5,36,145.77,101.34,-21.7,0,Loyal Customer
TX-11299,CUST-1115,2026-02-09,48,Grocery,6,35.77,25.0,29.45,7533.39,3.6,West,5,330,0,13,2,16,200.18,160.97,-151.24,1,At-Risk Customer
TX-11300,CUST-1289,2026-02-08,22,Home & Kitchen,2,238.41,10.0,126.99,998.31,3.9,South,4,61,0,23,5,41,471.18,429.14,142.18,0,Loyal Customer
TX-11301,CUST-1415,2026-08-14,39,Electronics,3,669.83,5.0,442.42,4518.49,4.9,East,1,270,0,35,4,49,1948.26,1909.02,509.48,0,High Value Customer
TX-11302,CUST-1072,2026-01-15,37,Home & Kitchen,1,360.7,15.0,147.55,5176.62,4.5,West,2,258,0,4,2,8,343.98,306.59,72.4,0,Regular Customer
TX-11303,CUST-1423,2025-12-14,48,Home & Kitchen,2,214.08,15.0,95.84,3748.83,3.8,South,3,369,0,8,2,5,433.13,363.94,102.52,1,At-Risk Customer
TX-11304,CUST-1493,2026-02-26,40,Electronics,1,257.05,0.0,159.31,6844.26,3.5,East,4,311,0,26,5,43,284.35,257.05,-22.92,1,At-Risk Customer
TX-11305,CUST-1710,2026-06-12,37,Grocery,6,21.88,10.0,16.46,7761.32,5.0,West,2,71,0,25,3,26,149.83,118.15,-106.03,0,Regular Customer
TX-11306,CUST-1350,2026-05-19,21,Fitness,3,228.95,10.0,146.18,4792.31,3.6,South,4,113,0,28,4,39,685.39,618.16,89.74,1,At-Risk Customer
TX-11307,CUST-1685,2025-09-22,45,Fitness,2,107.35,5.0,49.84,6917.66,2.9,West,2,33,1,15,4,21,237.81,203.96,-44.0,1,At-Risk Customer
TX-11308,CUST-1610,2026-04-08,46,Clothing,4,31.57,0.0,14.41,7869.1,3.9,North,2,38,0,15,10,50,184.24,126.28,-58.4,0,Regular Customer
TX-11309,CUST-1180,2026-01-18,42,Grocery,10,74.23,10.0,52.03,849.75,3.1,North,2,178,0,28,1,10,717.96,668.07,126.02,1,At-Risk Customer
TX-11310,CUST-1701,2026-06-15,24,Grocery,6,67.85,0.0,58.2,1220.83,3.7,East,3,311,0,16,4,27,466.02,407.1,26.09,1,At-Risk Customer
TX-11311,CUST-1676,2025-09-14,46,Electronics,1,1751.52,0.0,1164.24,589.84,5.0,South,2,322,0,16,3,22,1779.56,1751.52,569.43,0,Regular Customer
TX-11312,CUST-1594,2026-07-05,21,Electronics,3,1889.46,5.0,1268.08,3449.16,4.3,South,4,281,0,20,3,24,5407.28,5384.96,1510.98,0,Regular Customer
TX-11313,CUST-1463,2026-05-13,47,Clothing,6,106.02,0.0,43.96,6254.66,3.6,West,4,308,0,19,9,53,715.97,636.12,260.54,1,At-Risk Customer
TX-11314,CUST-1457,2025-11-22,42,Furniture,1,607.59,5.0,390.11,4393.8,4.3,East,3,265,0,19,2,19,625.66,577.21,107.69,0,Regular Customer
TX-11315,CUST-1695,2026-01-16,27,Grocery,4,62.11,20.0,53.74,2242.28,3.9,East,1,178,0,24,4,30,218.87,198.75,-54.34,0,Regular Customer
TX-11316,CUST-1596,2025-08-18,38,Home & Kitchen,1,374.2,15.0,164.16,561.22,3.2,West,2,28,0,24,3,25,363.4,318.07,136.49,1,At-Risk Customer
TX-11317,CUST-1301,2025-09-14,28,Clothing,6,74.58,5.0,29.44,815.49,3.9,North,1,303,1,24,7,57,502.21,425.11,-39.5,1,At-Risk Customer
TX-11318,CUST-1573,2026-02-13,31,Electronics,1,1430.56,20.0,987.53,7260.41,3.7,East,2,432,0,14,3,15,1182.22,1144.45,39.01,1,At-Risk Customer
TX-11319,CUST-1240,2026-03-23,53,Fitness,2,373.71,20.0,239.48,2337.92,4.4,West,5,157,0,46,6,81,628.19,597.94,61.41,0,High Value Customer
TX-11320,CUST-1728,2026-02-25,58,Grocery,6,54.67,0.0,45.57,6426.18,5.0,West,3,328,0,38,1,18,364.74,328.02,-55.29,0,Regular Customer
TX-11321,CUST-1216,2026-07-19,33,Furniture,2,487.18,5.0,337.98,7910.41,3.7,West,3,127,0,5,5,13,986.64,925.64,117.53,1,At-Risk Customer
TX-11322,CUST-1568,2026-02-26,43,Clothing,2,90.88,0.0,43.09,5671.98,5.0,West,3,201,0,16,9,47,225.45,181.76,-3.0,0,Regular Customer
TX-11323,CUST-1686,2025-10-17,18,Furniture,2,746.94,10.0,482.09,1992.05,4.8,North,2,436,0,18,4,26,1375.44,1344.49,341.43,0,Regular Customer
TX-11324,CUST-1016,2025-10-26,18,Fitness,2,154.22,10.0,73.92,6819.8,4.0,West,4,147,0,16,2,11,334.31,277.6,9.46,0,Regular Customer
TX-11325,CUST-1139,2025-09-26,42,Furniture,1,312.81,15.0,190.19,4886.91,3.4,West,4,104,0,21,9,56,332.94,265.89,-15.61,1,At-Risk Customer
TX-11326,CUST-1712,2026-06-19,28,Grocery,2,35.99,5.0,28.38,4330.87,2.9,South,5,188,0,21,1,10,128.17,68.38,-75.84,1,At-Risk Customer
TX-11327,CUST-1434,2026-05-23,29,Grocery,4,53.4,20.0,38.79,7334.81,4.9,West,6,274,0,27,5,44,238.32,170.88,-121.3,0,Loyal Customer
TX-11328,CUST-1190,2026-03-19,37,Home & Kitchen,1,51.62,0.0,26.09,7251.62,4.2,North,5,24,0,19,6,36,121.24,51.62,-105.74,0,Loyal Customer
TX-11329,CUST-1748,2025-12-13,38,Fitness,2,330.22,0.0,175.43,921.69,5.0,East,5,54,0,7,5,18,721.22,660.44,273.25,0,Regular Customer
TX-11330,CUST-1559,2026-06-05,34,Clothing,2,129.16,20.0,69.61,7806.91,5.0,North,3,161,0,1,2,3,282.37,206.66,-63.17,0,Regular Customer
TX-11331,CUST-1581,2026-04-18,24,Fitness,2,286.67,10.0,149.46,6191.91,3.3,East,3,34,0,19,4,28,568.21,516.01,110.71,1,At-Risk Customer
TX-11332,CUST-1493,2026-08-02,48,Electronics,1,1735.75,15.0,1279.22,4184.87,4.5,South,3,438,0,28,3,26,1538.15,1475.39,119.89,0,Regular Customer
TX-11333,CUST-1539,2026-01-04,52,Grocery,6,47.86,10.0,38.02,5410.93,3.1,North,4,64,0,22,4,32,310.06,258.44,-68.84,1,At-Risk Customer
TX-11334,CUST-1624,2025-09-28,51,Furniture,1,354.44,25.0,246.84,3373.37,4.3,West,1,74,0,46,6,81,332.34,265.83,-36.11,0,Loyal Customer
TX-11335,CUST-1679,2026-07-22,28,Electronics,1,643.08,5.0,420.27,3266.97,3.4,East,4,195,0,26,4,34,658.46,610.93,123.65,1,At-Risk Customer
TX-11336,CUST-1351,2026-05-14,46,Electronics,3,744.0,0.0,483.94,5040.86,4.4,West,4,276,0,1,6,7,2284.75,2232.0,686.57,0,Regular Customer
TX-11337,CUST-1480,2026-06-03,34,Fitness,2,162.56,25.0,79.17,1100.11,2.6,East,3,329,0,38,4,46,265.88,243.84,55.5,1,At-Risk Customer
TX-11338,CUST-1301,2026-01-09,32,Furniture,1,922.62,0.0,521.4,7183.83,2.5,North,3,132,0,17,2,12,984.78,922.62,279.96,1,At-Risk Customer
TX-11339,CUST-1611,2026-01-16,35,Fitness,1,394.16,5.0,219.88,4586.26,4.5,East,3,97,0,25,9,73,401.59,374.45,72.28,0,High Value Customer
TX-11340,CUST-1484,2026-06-06,18,Furniture,1,1088.8,10.0,583.88,4355.31,3.9,North,2,67,0,27,4,39,1058.25,979.92,321.71,0,Regular Customer
TX-11341,CUST-1298,2026-06-29,47,Electronics,1,1257.91,10.0,807.2,4198.32,4.4,East,4,80,0,32,4,43,1186.48,1132.12,243.94,0,High Value Customer
TX-11342,CUST-1129,2026-04-29,49,Electronics,3,608.6,15.0,447.49,4294.76,4.3,East,1,363,0,1,5,7,1602.63,1551.93,140.54,0,Regular Customer
TX-11343,CUST-1630,2026-01-04,23,Clothing,1,231.01,15.0,102.64,5475.53,4.2,East,3,243,1,26,2,19,245.67,196.36,-48.5,1,At-Risk Customer
TX-11344,CUST-1114,2026-06-19,56,Furniture,1,1166.71,5.0,766.14,1232.21,4.5,South,1,385,0,25,1,11,1135.34,1108.37,319.25,0,Regular Customer
TX-11345,CUST-1378,2025-11-11,21,Clothing,4,209.98,10.0,76.87,3939.8,3.9,South,1,141,0,30,6,57,784.63,755.93,384.85,0,Loyal Customer
TX-11346,CUST-1540,2025-08-30,48,Clothing,2,66.3,0.0,35.16,1559.85,4.3,North,3,193,0,19,1,12,212.26,132.6,25.38,0,Regular Customer
TX-11347,CUST-1609,2025-10-31,27,Grocery,4,56.51,20.0,48.3,3051.07,3.5,West,2,411,0,7,3,9,234.3,180.83,-67.13,1,At-Risk Customer
TX-11348,CUST-1243,2026-07-18,24,Grocery,4,67.7,25.0,56.19,5485.98,4.7,South,1,177,0,17,2,11,252.46,203.1,-108.45,0,Regular Customer
TX-11349,CUST-1751,2026-02-06,34,Electronics,3,1291.53,0.0,803.76,3374.97,3.5,East,3,357,0,10,5,15,3935.7,3874.59,1399.19,1,At-Risk Customer
TX-11350,CUST-1118,2025-09-09,30,Furniture,2,934.19,0.0,632.21,6705.27,5.0,West,4,82,0,33,5,53,1923.59,1868.38,485.38,0,High Value Customer
TX-11351,CUST-1308,2026-04-14,48,Fitness,3,500.31,0.0,267.21,6800.85,3.2,South,2,321,0,31,4,44,1544.88,1500.93,588.29,1,At-Risk Customer
TX-11352,CUST-1722,2026-03-01,30,Grocery,2,44.19,10.0,36.29,2346.51,3.7,East,5,15,0,26,4,33,149.73,79.54,-50.74,1,At-Risk Customer
TX-11353,CUST-1445,2025-08-20,27,Clothing,2,182.21,5.0,66.25,627.46,2.4,West,2,37,0,4,6,11,386.74,346.2,195.29,1,At-Risk Customer
TX-11354,CUST-1323,2026-05-12,38,Fitness,1,250.55,10.0,153.61,2811.93,3.3,North,2,18,1,4,5,9,249.18,225.5,-44.0,1,At-Risk Customer
TX-11355,CUST-1544,2026-07-06,27,Clothing,2,143.32,15.0,65.04,7784.97,3.8,West,1,279,0,10,1,8,277.28,243.64,-7.71,1,At-Risk Customer
TX-11356,CUST-1667,2025-12-31,47,Clothing,4,29.72,10.0,12.75,3107.21,4.8,East,2,355,0,10,3,15,131.67,106.99,0.38,0,Regular Customer
TX-11357,CUST-1100,2025-12-22,54,Fitness,1,309.59,0.0,155.12,2694.38,4.6,West,3,365,0,29,1,9,374.68,309.59,100.55,0,Regular Customer
TX-11358,CUST-1691,2025-12-15,35,Fitness,1,244.62,10.0,131.9,6006.11,4.5,South,4,375,0,34,4,43,266.59,220.16,-19.83,0,Regular Customer
TX-11359,CUST-1693,2026-08-02,18,Furniture,2,1030.86,20.0,623.11,7403.88,4.2,East,1,424,0,11,4,13,1690.75,1649.38,287.6,0,Regular Customer
TX-11360,CUST-1688,2025-08-18,43,Electronics,1,921.91,5.0,604.43,1966.27,2.9,North,3,343,0,29,4,41,950.23,875.81,228.39,1,At-Risk Customer
TX-11361,CUST-1537,2025-10-06,31,Fitness,2,340.14,10.0,182.41,6386.4,4.8,West,1,384,0,11,3,17,684.7,612.25,147.14,0,Regular Customer
TX-11362,CUST-1742,2026-01-06,21,Clothing,1,145.24,0.0,78.54,7718.97,5.0,South,3,168,1,6,4,8,216.72,145.24,-48.5,0,Regular Customer
TX-11363,CUST-1634,2025-09-30,31,Electronics,5,1597.34,15.0,1133.69,3716.27,3.9,South,4,241,0,26,1,8,6841.27,6788.69,1046.5,1,At-Risk Customer
TX-11364,CUST-1653,2025-10-15,37,Fitness,2,74.61,10.0,44.6,5991.53,3.8,North,3,376,1,14,2,13,212.34,134.3,-48.5,1,At-Risk Customer
TX-11365,CUST-1619,2025-10-19,35,Grocery,2,9.68,0.0,7.87,2441.23,3.4,South,2,235,0,26,7,59,82.4,19.36,-42.0,1,At-Risk Customer
TX-11366,CUST-1712,2025-11-16,33,Clothing,3,84.69,15.0,37.29,4368.29,3.0,East,3,394,0,23,5,38,252.71,215.96,25.07,1,At-Risk Customer
TX-11367,CUST-1077,2026-07-07,34,Grocery,4,21.31,10.0,18.36,2475.81,3.1,East,2,388,0,4,7,13,122.53,76.72,-42.86,1,At-Risk Customer
TX-11368,CUST-1708,2026-07-21,36,Clothing,8,247.59,0.0,103.97,5993.38,3.8,East,2,322,0,13,7,31,2043.49,1980.72,1050.06,0,Regular Customer
TX-11369,CUST-1075,2026-01-02,38,Electronics,2,723.59,15.0,455.81,2991.16,3.4,West,2,335,0,22,4,33,1303.81,1230.1,264.62,1,At-Risk Customer
TX-11370,CUST-1061,2025-12-24,41,Clothing,2,141.77,10.0,60.58,7497.11,5.0,South,5,256,0,23,5,41,325.41,255.19,-0.93,0,Loyal Customer
TX-11371,CUST-1503,2025-11-24,39,Home & Kitchen,2,79.88,15.0,36.48,3154.81,4.3,West,4,248,0,7,3,8,207.95,135.8,-2.49,0,Regular Customer
TX-11372,CUST-1503,2025-10-08,51,Furniture,1,884.38,5.0,552.05,1250.59,4.7,West,2,312,0,17,7,40,913.4,840.16,260.35,0,High Value Customer
TX-11373,CUST-1658,2025-10-07,18,Grocery,2,42.97,0.0,30.55,6625.08,3.3,East,2,321,1,27,5,46,123.08,85.94,-44.0,1,At-Risk Customer
TX-11374,CUST-1074,2025-09-19,22,Home & Kitchen,1,113.55,20.0,66.5,3536.97,3.0,East,2,56,0,12,3,12,112.85,90.84,-37.71,1,At-Risk Customer
TX-11375,CUST-1019,2026-04-25,32,Furniture,2,920.04,5.0,605.7,6883.5,4.0,North,3,223,0,3,4,6,1818.17,1748.08,419.92,0,Regular Customer
TX-11376,CUST-1680,2026-03-01,34,Clothing,2,227.43,5.0,86.36,854.27,4.1,South,2,429,0,1,4,7,471.18,432.12,237.58,0,Regular Customer
TX-11377,CUST-1400,2026-06-04,30,Electronics,2,900.67,0.0,555.77,1670.9,5.0,West,1,212,0,27,5,40,1860.11,1801.34,660.24,0,High Value Customer
TX-11378,CUST-1413,2025-09-18,42,Home & Kitchen,1,210.68,15.0,90.7,7172.16,5.0,South,3,444,1,21,1,10,210.83,179.08,-48.5,0,Regular Customer
TX-11379,CUST-1705,2026-04-17,43,Electronics,1,1443.08,5.0,1039.36,5249.4,5.0,East,5,355,0,26,1,11,1431.14,1370.93,230.33,0,Regular Customer
TX-11380,CUST-1310,2026-03-07,43,Electronics,2,599.64,0.0,432.64,995.05,4.0,North,2,246,0,24,6,48,1269.18,1199.28,310.07,0,High Value Customer
TX-11381,CUST-1348,2025-09-24,42,Grocery,6,8.02,0.0,5.71,4848.24,3.1,East,2,448,0,32,7,70,119.61,48.12,-67.86,1,At-Risk Customer
TX-11382,CUST-1180,2026-05-24,58,Electronics,2,1720.18,25.0,1273.44,7867.24,2.3,West,4,308,0,35,1,18,2608.51,2580.27,-102.62,1,At-Risk Customer
TX-11383,CUST-1306,2026-08-05,23,Grocery,2,72.62,0.0,61.37,6643.04,3.9,North,1,412,0,13,4,16,195.72,145.24,-81.65,0,Regular Customer
TX-11384,CUST-1367,2026-04-20,43,Electronics,3,769.87,15.0,591.73,6401.53,4.2,West,1,21,0,27,2,16,2020.07,1963.17,87.46,0,Regular Customer
TX-11385,CUST-1143,2025-09-01,22,Furniture,1,708.45,5.0,394.11,4925.81,4.0,North,3,372,0,13,1,8,698.55,673.03,191.53,0,Regular Customer
TX-11386,CUST-1607,2025-12-14,49,Grocery,4,57.74,15.0,40.69,6032.63,3.7,West,5,303,1,13,2,13,259.06,196.32,-57.5,1,At-Risk Customer
TX-11387,CUST-1553,2026-07-09,19,Clothing,3,144.16,10.0,61.62,1113.49,5.0,West,5,147,0,32,5,50,448.04,389.23,165.17,0,High Value Customer
TX-11388,CUST-1460,2025-08-22,59,Electronics,5,1790.52,25.0,1195.4,597.21,5.0,East,3,36,0,28,3,32,6745.33,6714.45,714.99,0,Regular Customer
TX-11389,CUST-1738,2025-09-04,28,Grocery,4,52.64,0.0,44.51,5691.7,4.3,North,1,325,0,10,3,12,239.1,210.56,-57.36,0,Regular Customer
TX-11390,CUST-1669,2026-07-21,40,Home & Kitchen,1,435.65,30.0,259.6,7676.25,5.0,West,1,421,0,34,9,88,382.89,304.95,-74.29,0,High Value Customer
TX-11391,CUST-1549,2025-10-29,48,Fitness,1,300.42,0.0,174.89,3772.02,4.0,South,1,272,0,25,9,72,321.09,300.42,64.45,0,Loyal Customer
TX-11392,CUST-1037,2025-10-25,43,Grocery,2,26.97,0.0,21.28,3683.72,5.0,North,3,136,0,35,5,55,132.73,53.94,-57.38,0,Loyal Customer
TX-11393,CUST-1633,2025-09-06,34,Furniture,2,567.62,20.0,333.87,2977.61,3.9,South,3,43,1,12,2,13,961.81,908.19,-48.5,1,At-Risk Customer
TX-11394,CUST-1647,2025-09-08,18,Clothing,2,213.85,0.0,108.11,5388.21,3.5,North,1,51,0,2,7,6,461.83,427.7,126.16,1,At-Risk Customer
TX-11395,CUST-1174,2026-06-12,43,Electronics,2,1318.77,20.0,994.64,2410.57,3.7,North,3,46,0,48,2,30,2183.25,2110.03,71.09,0,Regular Customer
TX-11396,CUST-1609,2026-06-25,23,Furniture,1,474.56,10.0,246.57,6579.41,3.3,North,3,199,0,13,1,5,505.36,427.1,68.34,1,At-Risk Customer
TX-11397,CUST-1436,2026-02-02,49,Fitness,3,534.17,15.0,260.27,1531.73,3.5,West,4,124,0,2,4,8,1413.51,1362.13,540.35,1,At-Risk Customer
TX-11398,CUST-1700,2026-06-04,45,Home & Kitchen,1,192.3,15.0,106.51,6129.93,4.4,South,5,406,0,16,1,5,191.3,163.46,-57.5,0,Regular Customer
TX-11399,CUST-1218,2025-09-06,38,Home & Kitchen,2,227.91,30.0,135.1,4492.97,4.3,South,3,413,0,3,3,10,385.78,319.07,-32.02,0,Regular Customer
TX-11400,CUST-1123,2026-01-01,30,Furniture,1,773.13,10.0,430.36,1572.48,4.7,West,5,315,0,36,9,100,763.59,695.82,219.37,0,High Value Customer
TX-11401,CUST-1378,2026-05-24,24,Furniture,1,737.02,0.0,407.58,3370.93,4.0,West,3,422,0,36,5,55,770.41,737.02,265.38,0,High Value Customer
TX-11402,CUST-1595,2025-09-03,54,Furniture,2,565.16,15.0,286.2,7826.12,3.8,North,3,33,0,13,4,21,1040.39,960.77,257.48,1,At-Risk Customer
TX-11403,CUST-1647,2026-06-23,27,Grocery,15,27.52,15.0,20.43,3000.52,2.3,South,3,441,1,16,1,7,389.36,350.88,-48.5,1,At-Risk Customer
TX-11404,CUST-1498,2025-09-24,60,Electronics,2,1825.96,25.0,1229.45,2730.21,4.7,North,4,358,0,8,6,15,2769.45,2738.94,221.09,0,Regular Customer
TX-11405,CUST-1091,2026-08-10,40,Fitness,1,359.12,0.0,207.73,2979.85,4.5,East,3,34,0,35,5,53,384.45,359.12,93.19,0,High Value Customer
TX-11406,CUST-1791,2026-04-14,40,Fitness,2,516.06,15.0,242.08,4861.42,3.3,South,1,124,0,18,3,18,919.65,877.3,315.72,1,At-Risk Customer
TX-11407,CUST-1655,2025-12-30,45,Home & Kitchen,1,388.61,5.0,201.99,3562.2,3.9,West,2,265,0,16,3,21,416.88,369.18,104.76,0,Regular Customer
TX-11408,CUST-1178,2026-06-22,24,Fitness,1,499.7,0.0,259.13,5629.02,5.0,North,3,438,0,12,6,28,539.85,499.7,142.63,0,Regular Customer
TX-11409,CUST-1734,2026-04-26,49,Home & Kitchen,1,261.83,15.0,154.65,6037.53,3.6,North,1,208,0,39,4,50,263.5,222.56,-27.16,0,Regular Customer
TX-11410,CUST-1308,2026-02-08,46,Grocery,2,44.55,5.0,34.05,4359.15,4.6,North,1,403,0,28,1,17,116.48,84.64,-53.34,0,Regular Customer
TX-11411,CUST-1196,2025-10-13,31,Home & Kitchen,1,353.84,0.0,149.08,7763.11,3.4,North,5,64,0,27,4,36,407.37,353.84,65.81,1,At-Risk Customer
TX-11412,CUST-1779,2026-05-17,43,Home & Kitchen,3,64.36,15.0,27.38,7971.2,4.8,South,3,393,0,1,4,8,213.76,164.12,-51.09,0,Regular Customer
TX-11413,CUST-1641,2026-07-17,46,Furniture,4,927.34,5.0,549.3,1343.38,4.3,East,1,309,1,25,3,30,3594.56,3523.89,-39.5,1,At-Risk Customer
TX-11414,CUST-1115,2025-10-29,50,Fitness,1,477.66,5.0,279.09,6956.48,4.0,West,5,87,0,26,3,27,486.27,453.78,47.84,0,Regular Customer
TX-11415,CUST-1163,2026-07-23,25,Electronics,3,2046.68,5.0,1555.22,533.7,2.5,North,2,232,0,40,4,54,5876.33,5833.04,1150.37,1,At-Risk Customer
TX-11416,CUST-1291,2025-11-29,23,Grocery,4,24.45,5.0,18.77,872.52,4.7,East,3,129,0,11,6,23,156.57,92.91,-8.76,0,Regular Customer
TX-11417,CUST-1776,2026-04-03,47,Electronics,1,2044.5,20.0,1424.27,1921.1,3.8,North,3,371,0,15,2,11,1661.14,1635.6,169.01,1,At-Risk Customer
TX-11418,CUST-1550,2025-11-12,37,Furniture,1,1164.42,0.0,699.29,2335.95,3.6,North,2,103,0,18,4,22,1237.66,1164.42,421.09,1,At-Risk Customer
TX-11419,CUST-1118,2025-09-19,47,Furniture,1,1001.54,10.0,515.96,3826.26,4.2,West,2,203,0,1,1,5,938.17,901.39,319.03,0,Regular Customer
TX-11420,CUST-1333,2026-03-16,56,Furniture,2,812.17,10.0,559.04,2110.12,4.4,East,6,140,0,14,5,24,1485.19,1461.91,285.17,0,Regular Customer
TX-11421,CUST-1112,2026-01-27,18,Furniture,2,819.22,5.0,497.38,2583.03,3.3,North,3,142,0,24,1,14,1619.79,1556.52,509.51,1,At-Risk Customer
TX-11422,CUST-1422,2025-11-24,26,Grocery,4,36.46,5.0,25.96,6898.82,4.3,South,1,283,0,22,10,67,190.79,138.55,-73.27,0,Loyal Customer
TX-11423,CUST-1599,2026-04-19,46,Electronics,2,943.45,0.0,601.42,4238.0,4.2,West,3,158,0,29,3,27,1950.83,1886.9,606.99,0,Regular Customer
TX-11424,CUST-1624,2026-04-03,25,Furniture,2,639.74,30.0,391.02,7381.72,4.1,West,2,274,0,17,4,28,926.39,895.64,-6.13,0,Regular Customer
TX-11425,CUST-1468,2025-11-21,47,Fitness,2,473.14,5.0,220.6,5492.87,4.1,East,4,156,0,9,2,14,976.04,898.97,357.37,0,Regular Customer
TX-11426,CUST-1207,2026-02-01,45,Furniture,2,276.3,20.0,172.25,524.88,3.8,North,2,80,0,12,1,12,494.15,442.08,80.71,1,At-Risk Customer
TX-11427,CUST-1061,2026-01-04,49,Furniture,3,1146.3,15.0,696.62,2484.19,4.2,North,3,261,0,26,6,46,3000.46,2923.06,782.44,0,High Value Customer
TX-11428,CUST-1469,2026-03-16,54,Furniture,3,1076.68,5.0,751.46,5927.78,3.0,East,3,194,0,34,6,67,3118.09,3068.54,711.74,1,At-Risk Customer
TX-11429,CUST-1302,2026-06-19,35,Furniture,4,1147.12,0.0,639.87,2060.81,2.7,South,5,139,0,21,4,31,4666.78,4588.48,1975.59,1,At-Risk Customer
TX-11430,CUST-1566,2025-12-09,42,Electronics,2,347.19,10.0,231.54,2711.79,5.0,West,3,320,0,28,10,87,661.1,624.94,107.69,0,High Value Customer
TX-11431,CUST-1500,2025-12-02,52,Home & Kitchen,2,380.96,5.0,213.68,6011.41,3.9,West,4,139,0,33,2,20,747.66,723.82,188.29,0,Regular Customer
TX-11432,CUST-1285,2025-08-21,27,Fitness,2,242.18,5.0,136.61,5175.61,3.9,West,2,270,0,7,4,15,514.94,460.14,100.29,0,Regular Customer
TX-11433,CUST-1252,2025-12-18,22,Clothing,2,56.58,5.0,26.85,3199.99,4.3,West,2,22,0,45,4,57,147.25,107.5,-3.2,0,Regular Customer
TX-11434,CUST-1605,2025-10-29,18,Home & Kitchen,2,32.52,15.0,14.41,2601.52,3.9,North,2,398,0,18,8,42,126.25,55.28,-21.56,0,Regular Customer
TX-11435,CUST-1045,2025-09-03,26,Grocery,4,18.7,0.0,15.19,7293.7,3.3,North,1,281,0,29,2,25,150.99,74.8,-99.87,1,At-Risk Customer
TX-11436,CUST-1403,2026-04-16,41,Fitness,1,120.56,0.0,57.71,1183.0,4.4,North,4,77,0,11,2,9,172.81,120.56,27.11,0,Regular Customer
TX-11437,CUST-1246,2025-09-25,40,Home & Kitchen,3,407.92,5.0,199.12,5524.39,4.2,North,4,63,0,3,5,7,1203.23,1162.57,464.35,0,Regular Customer
TX-11438,CUST-1416,2025-12-03,41,Furniture,1,229.07,5.0,138.2,1815.4,4.2,East,5,138,0,28,6,50,276.3,217.62,29.69,0,Loyal Customer
TX-11439,CUST-1663,2025-09-29,38,Electronics,2,1789.53,0.0,1207.22,7893.26,5.0,West,4,293,0,23,3,25,3614.89,3579.06,1028.22,0,Regular Customer
TX-11440,CUST-1165,2026-08-09,18,Grocery,6,53.87,20.0,42.4,1966.68,5.0,North,2,136,0,1,4,5,309.38,258.58,-34.32,0,Regular Customer
TX-11441,CUST-1474,2025-10-23,30,Fitness,1,429.61,0.0,254.09,7363.09,4.2,West,6,128,0,9,3,11,494.53,429.61,38.07,0,Regular Customer
TX-11442,CUST-1379,2026-06-30,37,Grocery,15,69.99,10.0,52.16,2645.75,4.0,North,5,391,0,34,1,12,1023.6,944.86,100.28,0,Regular Customer
TX-11443,CUST-1072,2026-02-27,40,Fitness,2,54.73,20.0,31.09,7596.18,4.6,East,3,18,0,29,4,37,121.55,87.57,-102.05,0,Regular Customer
TX-11444,CUST-1303,2026-03-20,42,Clothing,3,26.25,10.0,14.4,3539.94,4.8,South,1,233,0,24,1,12,100.62,70.88,-29.92,0,Regular Customer
TX-11445,CUST-1082,2026-06-27,43,Clothing,2,65.13,15.0,28.29,6782.46,4.8,North,3,271,0,9,4,19,156.23,110.72,-61.1,0,Regular Customer
TX-11446,CUST-1690,2026-02-16,31,Electronics,1,252.83,0.0,162.35,5696.27,4.7,North,1,113,0,34,4,47,280.18,252.83,0.54,0,Regular Customer
TX-11447,CUST-1476,2026-06-26,20,Electronics,1,531.92,0.0,350.21,2628.94,4.4,East,4,388,0,14,2,15,577.98,531.92,124.28,0,Regular Customer
TX-11448,CUST-1663,2026-05-27,48,Fitness,1,433.06,25.0,212.3,4922.48,2.8,North,5,362,0,14,2,15,396.39,324.8,16.16,1,At-Risk Customer
TX-11449,CUST-1792,2025-11-26,22,Furniture,1,786.16,10.0,453.32,5622.82,4.5,East,5,310,0,37,4,51,780.01,707.54,147.38,0,High Value Customer
TX-11450,CUST-1116,2026-07-12,18,Grocery,6,27.82,5.0,21.13,5354.05,3.6,South,6,161,0,10,3,14,189.08,158.57,-75.52,1,At-Risk Customer
TX-11451,CUST-1779,2025-12-07,37,Clothing,3,240.38,5.0,130.9,6628.74,5.0,East,3,350,0,13,2,13,729.54,685.08,179.45,0,Regular Customer
TX-11452,CUST-1515,2026-07-28,39,Grocery,4,22.14,10.0,15.57,1873.93,5.0,East,6,321,1,4,2,9,108.85,79.7,-62.0,0,Regular Customer
TX-11453,CUST-1381,2026-02-06,31,Grocery,15,6.57,20.0,4.74,1148.49,4.2,West,3,320,0,18,5,30,116.68,78.84,-22.99,0,Regular Customer
TX-11454,CUST-1125,2026-04-11,25,Fitness,2,110.71,15.0,60.08,4597.35,4.0,East,1,270,0,13,1,4,255.63,188.21,-5.41,0,Regular Customer
TX-11455,CUST-1376,2026-07-24,25,Fitness,1,325.77,10.0,175.53,7865.61,4.6,North,3,422,0,15,7,37,318.78,293.19,-13.82,0,Regular Customer
TX-11456,CUST-1468,2025-09-27,39,Electronics,2,1956.76,0.0,1524.33,1748.93,4.7,West,2,48,0,16,5,26,3981.22,3913.52,829.63,0,Regular Customer
TX-11457,CUST-1295,2025-09-22,30,Electronics,3,1851.25,0.0,1170.56,2734.48,4.7,South,3,215,0,33,3,36,5574.97,5553.75,1987.55,0,High Value Customer
TX-11458,CUST-1713,2025-10-28,24,Grocery,15,11.78,10.0,9.37,3238.54,3.8,South,3,301,0,20,3,20,202.53,159.03,-43.6,1,At-Risk Customer
TX-11459,CUST-1533,2026-07-01,61,Electronics,1,541.54,5.0,365.61,1185.01,4.7,East,3,74,0,16,5,26,534.6,514.46,117.58,0,Regular Customer
TX-11460,CUST-1698,2026-05-18,36,Furniture,1,189.12,10.0,101.42,4016.15,3.3,West,5,338,0,17,2,12,227.24,170.21,-13.95,1,At-Risk Customer
TX-11461,CUST-1454,2026-07-10,48,Electronics,3,1340.86,25.0,827.78,1859.21,2.8,East,3,292,0,31,4,38,3055.49,3016.93,492.21,1,At-Risk Customer
TX-11462,CUST-1022,2025-12-10,46,Home & Kitchen,1,415.5,15.0,167.03,3578.52,2.7,East,4,312,0,33,5,50,413.41,353.18,114.47,1,At-Risk Customer
TX-11463,CUST-1351,2026-07-15,66,Fitness,2,248.86,10.0,147.53,6962.04,4.0,East,3,376,0,12,6,27,488.79,447.95,34.96,0,Regular Customer
TX-11464,CUST-1681,2026-08-05,26,Home & Kitchen,3,114.32,5.0,64.19,4449.92,5.0,West,3,375,0,43,7,93,396.89,325.81,52.99,0,High Value Customer
TX-11465,CUST-1580,2025-10-20,53,Clothing,2,58.24,5.0,29.19,4208.78,3.5,South,4,169,0,45,6,83,154.44,110.66,-28.86,1,At-Risk Customer
TX-11466,CUST-1232,2026-04-18,55,Clothing,2,97.49,25.0,50.58,1091.11,3.7,East,5,160,0,21,5,38,212.21,146.23,6.21,1,At-Risk Customer
TX-11467,CUST-1048,2025-10-28,23,Clothing,6,145.37,20.0,62.35,3912.3,2.4,East,2,53,0,13,6,31,766.15,697.78,255.99,1,At-Risk Customer
TX-11468,CUST-1170,2026-06-26,39,Furniture,2,661.65,5.0,341.73,4776.71,4.5,East,1,15,0,10,4,12,1330.57,1257.13,497.52,0,Regular Customer
TX-11469,CUST-1179,2026-08-11,25,Fitness,1,201.51,5.0,130.32,3697.59,4.2,South,2,29,0,29,3,29,261.67,191.43,-3.35,0,Regular Customer
TX-11470,CUST-1119,2025-09-04,36,Clothing,1,84.45,10.0,37.48,1436.42,3.9,South,4,119,0,27,5,44,98.94,76.01,-1.02,0,Loyal Customer
TX-11471,CUST-1378,2025-11-16,34,Furniture,3,1023.0,25.0,647.4,7036.13,4.4,North,5,353,0,15,4,21,2356.13,2301.75,231.51,0,Regular Customer
TX-11472,CUST-1352,2025-10-28,18,Clothing,2,167.36,10.0,88.95,2329.9,4.5,West,3,360,0,13,2,9,345.93,301.25,74.9,0,Regular Customer
TX-11473,CUST-1166,2026-05-14,44,Clothing,2,230.65,0.0,107.7,1803.38,4.2,North,3,349,0,31,6,62,532.71,461.3,205.35,0,High Value Customer
TX-11474,CUST-1414,2026-04-26,26,Furniture,1,898.79,15.0,489.69,7686.4,5.0,West,2,312,0,51,3,47,806.06,763.97,149.99,0,High Value Customer
TX-11475,CUST-1159,2025-08-16,51,Fitness,1,48.22,0.0,28.07,3562.15,3.7,East,3,322,0,22,9,64,77.63,48.22,-46.78,0,Loyal Customer
TX-11476,CUST-1302,2026-04-13,31,Clothing,4,127.17,10.0,53.96,7071.08,3.6,South,2,423,0,20,4,30,508.4,457.81,126.91,1,At-Risk Customer
TX-11477,CUST-1746,2026-03-28,41,Clothing,1,93.48,25.0,48.77,7342.81,3.1,North,5,120,0,12,2,7,147.89,70.11,-111.3,1,At-Risk Customer
TX-11478,CUST-1041,2025-10-24,36,Fitness,2,245.68,0.0,117.77,2887.95,3.6,North,1,335,0,35,4,43,562.71,491.36,208.0,0,Regular Customer
TX-11479,CUST-1411,2026-06-26,26,Furniture,1,1045.99,5.0,634.89,1245.7,4.2,West,3,294,0,6,8,19,1050.58,993.69,326.61,0,Regular Customer
TX-11480,CUST-1334,2025-09-11,53,Home & Kitchen,2,162.23,10.0,83.34,6177.04,3.3,South,3,275,0,34,2,26,338.93,292.01,19.18,1,At-Risk Customer
TX-11481,CUST-1227,2026-01-03,28,Furniture,2,830.27,5.0,474.67,1767.27,3.4,North,3,29,1,13,1,6,1646.48,1577.51,-48.5,1,At-Risk Customer
TX-11482,CUST-1456,2026-07-26,31,Fitness,1,320.63,15.0,185.72,925.63,3.9,North,1,351,0,15,5,27,324.83,272.54,68.43,0,Regular Customer
TX-11483,CUST-1403,2025-11-21,35,Grocery,2,21.5,0.0,15.7,6217.0,4.4,East,7,120,0,36,3,35,117.9,43.0,-113.16,0,Regular Customer
TX-11484,CUST-1523,2025-09-11,50,Fitness,3,49.19,10.0,26.26,6872.62,4.4,East,3,296,0,20,6,35,209.67,132.81,-62.56,0,Loyal Customer
TX-11485,CUST-1733,2026-03-20,43,Clothing,3,193.32,15.0,94.86,3345.64,4.4,West,1,434,0,12,5,19,539.8,492.97,153.7,0,Regular Customer
TX-11486,CUST-1291,2026-02-06,27,Clothing,1,162.34,10.0,83.52,6405.69,5.0,East,1,21,0,13,3,19,209.35,146.11,-38.0,0,Regular Customer
TX-11487,CUST-1574,2025-09-27,29,Furniture,2,1089.4,0.0,692.23,6634.05,3.9,West,5,384,0,22,3,20,2212.02,2178.8,672.33,1,At-Risk Customer
TX-11488,CUST-1425,2026-03-28,35,Clothing,2,53.84,0.0,28.86,4088.22,2.5,South,3,118,0,29,7,60,185.32,107.68,-24.86,1,At-Risk Customer
TX-11489,CUST-1434,2026-03-14,30,Furniture,2,925.41,5.0,585.9,968.48,4.4,North,1,178,0,19,4,23,1798.21,1758.28,567.45,0,Regular Customer
TX-11490,CUST-1310,2026-04-14,19,Home & Kitchen,1,364.9,10.0,202.46,5779.05,4.5,East,6,399,1,35,4,47,349.8,328.41,-62.0,1,At-Risk Customer
TX-11491,CUST-1604,2026-02-22,30,Electronics,5,318.92,5.0,207.18,5477.79,3.8,North,3,122,0,8,4,16,1561.31,1514.87,383.3,1,At-Risk Customer
TX-11492,CUST-1279,2026-03-14,26,Furniture,2,892.33,15.0,492.27,6482.93,4.9,West,4,128,0,7,3,15,1543.62,1516.96,417.18,0,Regular Customer
TX-11493,CUST-1773,2025-10-23,28,Furniture,2,317.16,5.0,159.15,6531.26,3.7,South,5,95,0,24,4,35,666.49,602.6,163.84,1,At-Risk Customer
TX-11494,CUST-1296,2026-05-24,50,Grocery,6,56.88,15.0,41.05,4649.66,3.9,North,4,121,0,26,5,44,318.13,290.09,-43.96,0,Loyal Customer
TX-11495,CUST-1309,2026-06-09,55,Clothing,1,62.24,10.0,30.55,4291.65,4.4,West,2,90,0,15,3,15,101.77,56.02,-47.91,0,Regular Customer
TX-11496,CUST-1474,2025-12-06,33,Electronics,1,1692.64,5.0,1220.18,4348.42,5.0,North,4,220,0,45,2,27,1660.49,1608.01,304.6,0,Regular Customer
TX-11497,CUST-1307,2026-07-07,39,Fitness,2,444.67,10.0,253.24,701.5,4.8,West,2,400,0,17,4,26,835.48,800.41,274.4,0,Regular Customer
TX-11498,CUST-1681,2026-01-08,49,Grocery,15,38.92,0.0,29.9,4149.75,4.4,South,2,383,0,17,4,24,639.77,583.8,64.05,0,Regular Customer
TX-11499,CUST-1704,2026-07-10,42,Furniture,2,246.34,25.0,139.48,7856.06,4.3,North,1,299,0,26,4,36,391.59,369.51,-31.79,0,High Value Customer
TX-11500,CUST-1283,2026-04-23,35,Electronics,2,1641.25,0.0,1134.69,4391.36,4.3,East,2,420,0,1,3,2,3323.43,3282.5,938.25,0,Regular Customer
TX-11501,CUST-1579,2026-03-25,21,Clothing,2,175.19,5.0,62.99,6135.64,3.4,West,2,355,0,6,5,17,409.6,332.86,105.85,1,At-Risk Customer
TX-11502,CUST-1122,2026-02-21,33,Home & Kitchen,2,232.44,20.0,134.79,4188.79,5.0,North,4,117,0,9,5,16,427.44,371.9,21.49,0,Regular Customer
TX-11503,CUST-1166,2026-06-07,39,Electronics,2,1617.33,5.0,1156.98,6793.94,4.2,South,5,60,0,9,3,8,3109.43,3072.93,634.56,0,Regular Customer
TX-11504,CUST-1709,2025-10-22,32,Clothing,3,80.4,10.0,33.62,6919.91,4.2,South,1,24,1,7,4,9,276.46,217.08,-39.5,1,At-Risk Customer
TX-11505,CUST-1369,2026-03-16,43,Fitness,2,481.68,10.0,272.16,2220.05,4.9,East,6,198,1,24,3,29,898.09,867.02,-62.0,0,Regular Customer
TX-11506,CUST-1298,2026-05-12,59,Fitness,3,532.5,10.0,320.59,6989.89,3.7,North,2,296,0,1,6,9,1503.94,1437.75,362.13,1,At-Risk Customer
TX-11507,CUST-1784,2026-07-01,48,Furniture,1,629.2,5.0,407.28,1248.93,3.5,North,2,128,0,28,4,35,663.0,597.74,162.73,1,At-Risk Customer
TX-11508,CUST-1171,2026-05-19,18,Clothing,1,186.07,5.0,73.39,1800.3,3.3,East,1,150,0,9,4,14,238.79,176.77,71.87,1,At-Risk Customer
TX-11509,CUST-1701,2026-01-15,29,Clothing,2,215.45,25.0,104.49,2327.02,3.4,East,5,28,1,24,3,27,390.62,323.17,-57.5,1,At-Risk Customer
TX-11510,CUST-1593,2026-02-10,31,Furniture,1,212.48,0.0,145.61,5283.76,3.7,North,4,31,0,29,3,32,248.44,212.48,-30.39,1,At-Risk Customer
TX-11511,CUST-1288,2026-02-20,40,Grocery,6,25.65,5.0,21.33,2010.91,4.4,West,3,215,0,28,5,48,202.25,146.2,-25.44,0,Loyal Customer
TX-11512,CUST-1166,2025-10-05,25,Furniture,2,648.79,5.0,440.0,1462.62,5.0,South,3,97,0,21,3,27,1292.28,1232.7,317.26,0,Regular Customer
TX-11513,CUST-1192,2026-05-27,50,Home & Kitchen,2,446.84,15.0,213.29,4837.78,4.9,North,1,188,0,15,1,13,793.19,759.63,255.98,0,Regular Customer
TX-11514,CUST-1078,2025-10-12,35,Furniture,1,475.95,10.0,268.3,5123.59,3.9,North,3,385,0,28,6,57,505.15,428.36,69.7,0,Loyal Customer
TX-11515,CUST-1319,2026-08-02,30,Clothing,2,207.62,15.0,94.19,5014.44,3.5,South,3,429,0,24,2,17,428.46,352.95,75.86,1,At-Risk Customer
TX-11516,CUST-1611,2026-05-08,55,Clothing,2,167.46,15.0,77.57,5399.41,3.7,South,5,348,0,51,5,81,337.63,284.68,26.05,0,Loyal Customer
TX-11517,CUST-1029,2025-10-13,20,Furniture,1,1018.14,25.0,542.54,3436.68,4.7,South,3,273,0,35,6,65,790.91,763.61,156.01,0,High Value Customer
TX-11518,CUST-1145,2026-08-01,48,Furniture,2,315.28,10.0,177.11,1182.8,3.1,East,1,380,0,22,3,27,634.38,567.5,191.04,1,At-Risk Customer
TX-11519,CUST-1133,2025-09-23,47,Grocery,4,76.82,0.0,56.16,5155.43,3.9,North,1,252,1,24,5,35,334.84,307.28,-39.5,1,At-Risk Customer
TX-11520,CUST-1793,2026-04-18,18,Grocery,4,22.22,20.0,16.12,732.54,4.7,North,3,251,0,32,8,79,101.6,71.1,-17.86,0,Loyal Customer
TX-11521,CUST-1033,2026-07-17,31,Home & Kitchen,1,231.89,10.0,106.6,2073.7,3.9,North,5,353,0,12,3,12,243.07,208.7,48.5,1,At-Risk Customer
TX-11522,CUST-1259,2025-09-05,42,Electronics,3,399.33,5.0,281.66,1985.01,4.8,East,5,41,0,23,5,41,1195.23,1138.09,240.84,0,High Value Customer
TX-11523,CUST-1772,2025-10-02,23,Electronics,1,1416.36,5.0,985.98,7322.18,4.7,South,6,108,0,7,6,19,1380.33,1345.54,222.73,0,Regular Customer
TX-11524,CUST-1204,2025-11-16,18,Fitness,1,367.82,20.0,190.37,7133.99,3.5,East,3,255,1,22,7,47,330.55,294.26,-48.5,1,At-Risk Customer
TX-11525,CUST-1149,2026-01-03,36,Home & Kitchen,1,86.23,5.0,41.14,5797.91,2.6,East,2,259,0,20,5,29,116.9,81.92,-55.19,1,At-Risk Customer
TX-11526,CUST-1512,2026-06-23,39,Furniture,2,390.11,0.0,207.19,836.75,3.8,North,4,30,0,41,4,51,821.65,780.22,335.29,0,Regular Customer
TX-11527,CUST-1592,2025-08-21,40,Home & Kitchen,1,253.79,10.0,143.41,4851.29,3.8,South,3,63,0,1,8,9,284.55,228.41,-1.27,1,At-Risk Customer
TX-11528,CUST-1288,2025-11-09,42,Home & Kitchen,2,245.87,15.0,146.04,6065.17,4.0,North,3,427,0,10,6,24,469.48,417.98,21.42,0,Regular Customer
TX-11529,CUST-1101,2025-12-01,38,Home & Kitchen,2,166.94,0.0,78.08,2560.66,5.0,West,3,42,0,16,5,29,379.12,333.88,125.81,0,Regular Customer
TX-11530,CUST-1603,2025-11-16,25,Grocery,15,30.05,15.0,21.18,1204.38,4.9,North,5,373,0,7,3,13,462.11,383.14,24.87,0,Regular Customer
TX-11531,CUST-1363,2026-02-24,42,Grocery,4,73.72,5.0,64.29,2864.86,4.9,South,3,443,0,18,2,13,320.24,280.14,-33.5,0,Regular Customer
TX-11532,CUST-1417,2025-10-10,24,Clothing,2,40.81,0.0,18.4,4179.15,4.9,North,4,68,0,29,5,43,109.54,81.62,-35.87,0,Loyal Customer
TX-11533,CUST-1532,2025-10-22,30,Grocery,6,63.61,0.0,55.12,4686.21,3.9,East,4,127,0,31,2,20,438.47,381.66,-37.35,0,Regular Customer
TX-11534,CUST-1570,2025-09-03,41,Electronics,1,1912.87,20.0,1222.92,7862.51,4.3,East,4,86,0,21,13,81,1561.92,1530.3,171.44,0,High Value Customer
TX-11535,CUST-1394,2026-01-06,33,Grocery,6,21.11,5.0,18.22,1512.17,2.1,East,4,78,0,2,6,7,173.67,120.33,-29.68,1,At-Risk Customer
TX-11536,CUST-1454,2025-12-07,34,Home & Kitchen,2,221.25,25.0,112.32,5391.27,3.3,West,3,156,0,31,1,17,399.93,331.88,12.87,1,At-Risk Customer
TX-11537,CUST-1438,2025-11-18,29,Electronics,2,767.69,0.0,554.97,6339.25,3.9,West,5,324,0,7,8,24,1563.46,1535.38,307.85,1,At-Risk Customer
TX-11538,CUST-1376,2025-11-13,34,Electronics,2,980.59,0.0,603.43,3932.46,5.0,West,1,395,0,43,2,27,2008.26,1961.18,690.83,0,Regular Customer
TX-11539,CUST-1405,2026-03-26,32,Home & Kitchen,1,192.69,10.0,113.58,3413.83,4.6,North,2,57,0,24,3,23,209.94,173.42,-0.37,0,Regular Customer
TX-11540,CUST-1404,2026-03-07,27,Fitness,1,529.51,15.0,293.14,2063.4,3.3,North,5,281,0,1,5,3,513.72,450.08,103.49,1,At-Risk Customer
TX-11541,CUST-1172,2025-09-16,41,Clothing,4,92.83,20.0,41.97,692.63,4.4,South,4,16,0,39,8,98,374.91,297.06,100.79,0,High Value Customer
TX-11542,CUST-1609,2026-03-08,39,Electronics,1,2198.85,15.0,1374.11,741.43,3.3,South,2,405,0,22,4,34,1909.79,1869.02,474.79,1,At-Risk Customer
TX-11543,CUST-1742,2026-04-26,25,Clothing,2,193.35,0.0,90.93,4950.89,3.9,East,2,304,0,32,7,72,453.64,386.7,121.58,0,Loyal Customer
TX-11544,CUST-1659,2026-03-06,42,Clothing,4,246.72,0.0,110.68,999.92,4.1,West,2,345,0,10,2,9,1048.88,986.88,520.16,0,Regular Customer
TX-11545,CUST-1414,2026-04-19,39,Home & Kitchen,5,430.63,25.0,212.37,7271.82,3.5,East,4,336,0,31,4,37,1674.69,1614.86,425.94,1,At-Risk Customer
TX-11546,CUST-1465,2025-10-08,47,Electronics,3,1202.32,5.0,752.15,5741.44,3.6,East,3,34,0,1,7,9,3498.16,3426.61,1070.54,1,At-Risk Customer
TX-11547,CUST-1236,2026-07-01,28,Furniture,1,534.35,10.0,300.33,6542.06,3.5,North,2,134,1,9,6,24,539.69,480.92,-44.0,1,At-Risk Customer
TX-11548,CUST-1054,2025-09-17,24,Grocery,15,8.33,15.0,6.07,4457.79,3.8,North,3,19,0,26,8,68,176.11,106.21,-65.21,0,Loyal Customer
TX-11549,CUST-1391,2026-06-19,37,Fitness,1,172.66,10.0,109.54,5159.3,5.0,East,1,209,0,15,2,9,228.62,155.39,-36.04,0,Regular Customer
TX-11550,CUST-1636,2026-06-29,51,Electronics,3,2022.42,5.0,1486.27,6990.17,5.0,North,2,33,0,24,3,24,5818.25,5763.9,1191.23,0,Regular Customer
TX-11551,CUST-1532,2026-04-23,37,Grocery,2,44.26,15.0,37.22,4406.58,3.7,South,4,51,0,18,4,26,145.66,75.24,-83.3,1,At-Risk Customer
TX-11552,CUST-1509,2026-04-22,31,Home & Kitchen,3,363.48,5.0,192.22,632.23,4.0,East,2,216,0,31,8,78,1111.5,1035.92,440.77,0,High Value Customer
TX-11553,CUST-1553,2026-05-20,37,Electronics,3,1599.63,0.0,986.91,6802.45,4.5,North,3,226,0,10,4,13,4859.47,4798.89,1722.62,0,Regular Customer
TX-11554,CUST-1121,2026-02-26,47,Grocery,6,78.37,0.0,57.76,5847.91,3.8,East,1,427,0,15,2,16,527.78,470.22,31.44,0,Regular Customer
TX-11555,CUST-1453,2026-04-06,38,Electronics,2,1382.46,10.0,1028.51,4371.63,5.0,North,3,395,0,25,4,30,2564.04,2488.43,352.33,0,Regular Customer
TX-11556,CUST-1675,2026-01-16,32,Fitness,1,47.09,0.0,24.88,4532.58,4.7,South,2,17,0,33,5,49,72.85,47.09,-54.78,0,Loyal Customer
TX-11557,CUST-1137,2026-01-20,18,Fitness,2,537.5,0.0,265.04,7654.82,2.8,West,6,34,0,35,1,19,1131.24,1075.0,403.1,1,At-Risk Customer
TX-11558,CUST-1112,2026-06-01,34,Fitness,3,534.57,5.0,256.46,3347.95,4.4,West,6,300,0,16,6,33,1586.12,1523.52,676.93,0,Regular Customer
TX-11559,CUST-1701,2026-05-17,25,Home & Kitchen,2,353.48,0.0,142.78,5972.36,4.7,West,1,308,0,33,4,39,742.49,706.96,327.31,0,High Value Customer
TX-11560,CUST-1160,2026-04-30,61,Electronics,2,1069.2,0.0,810.25,2172.9,4.4,West,6,218,0,14,4,22,2170.13,2138.4,458.31,0,Regular Customer
TX-11561,CUST-1605,2026-02-23,33,Home & Kitchen,2,320.72,20.0,180.82,6982.06,4.5,East,4,252,0,3,5,12,551.76,513.15,28.78,0,Regular Customer
TX-11562,CUST-1291,2026-01-25,54,Electronics,1,1190.57,20.0,781.8,7037.43,4.0,North,4,190,0,31,4,38,1014.86,952.46,47.09,0,High Value Customer
TX-11563,CUST-1131,2026-02-17,34,Clothing,3,170.47,0.0,74.59,5885.42,2.2,North,5,335,0,12,3,12,557.76,511.41,176.86,1,At-Risk Customer
TX-11564,CUST-1640,2026-02-04,37,Grocery,4,33.31,0.0,27.26,1818.87,4.0,North,5,97,0,1,2,8,157.28,133.24,-25.58,1,At-Risk Customer
TX-11565,CUST-1365,2026-03-12,35,Clothing,6,137.34,15.0,71.7,2964.23,4.1,North,1,216,0,32,2,23,732.33,700.43,221.27,0,Regular Customer
TX-11566,CUST-1253,2025-12-12,34,Fitness,2,177.46,5.0,100.3,5640.88,3.5,East,5,368,0,2,3,10,377.91,337.17,29.46,1,At-Risk Customer
TX-11567,CUST-1704,2025-09-16,28,Clothing,2,178.45,0.0,94.6,684.55,4.7,North,2,378,0,32,4,45,413.97,356.9,148.43,0,High Value Customer
TX-11568,CUST-1020,2026-05-16,25,Clothing,1,191.76,15.0,76.71,7258.74,4.4,North,3,244,0,23,4,30,234.16,163.0,-36.1,0,Regular Customer
TX-11569,CUST-1432,2026-05-31,36,Home & Kitchen,1,290.45,15.0,139.63,1012.14,3.3,West,2,348,0,10,5,16,298.8,246.88,83.07,1,At-Risk Customer
TX-11570,CUST-1712,2026-04-11,31,Home & Kitchen,1,47.34,20.0,25.39,6036.03,5.0,North,5,446,0,9,1,6,71.23,37.87,-100.56,0,Regular Customer
TX-11571,CUST-1386,2026-06-02,18,Grocery,6,18.61,15.0,16.27,4221.05,3.0,East,3,188,0,1,5,3,168.63,94.91,-79.52,1,At-Risk Customer
TX-11572,CUST-1500,2025-10-04,56,Fitness,1,431.28,0.0,233.8,3379.36,4.6,South,2,80,0,19,7,45,467.21,431.28,137.79,0,High Value Customer
TX-11573,CUST-1514,2026-07-21,35,Clothing,2,139.65,15.0,75.3,2510.18,3.9,South,4,278,0,15,5,26,277.25,237.41,31.15,0,Regular Customer
TX-11574,CUST-1372,2026-03-25,32,Furniture,3,433.88,0.0,255.66,7364.32,3.9,West,3,187,0,24,2,17,1359.33,1301.64,410.7,0,Regular Customer
TX-11575,CUST-1077,2026-05-15,33,Furniture,4,699.54,10.0,365.89,3350.65,3.9,East,3,384,0,6,3,12,2576.81,2518.34,991.02,0,Regular Customer
TX-11576,CUST-1304,2026-06-03,58,Grocery,10,63.04,15.0,55.09,5710.68,3.9,South,2,240,0,22,5,32,565.18,535.84,-109.72,0,Loyal Customer
TX-11577,CUST-1094,2026-06-06,42,Electronics,1,459.04,0.0,339.73,3758.65,3.2,East,3,19,0,23,3,24,503.56,459.04,49.43,1,At-Risk Customer
TX-11578,CUST-1580,2026-05-12,31,Grocery,4,53.43,5.0,45.22,6348.07,3.3,West,5,60,0,14,6,28,223.4,203.03,-95.57,1,At-Risk Customer
TX-11579,CUST-1078,2026-07-13,52,Clothing,3,114.9,10.0,49.88,639.71,4.4,East,3,351,0,8,5,14,362.15,310.23,137.49,0,Regular Customer
TX-11580,CUST-1552,2026-01-21,41,Furniture,2,735.78,15.0,400.7,6545.8,2.9,West,4,418,0,24,3,21,1326.16,1250.83,333.24,1,At-Risk Customer
TX-11581,CUST-1639,2026-05-04,48,Grocery,2,14.31,5.0,10.34,2976.98,4.3,South,4,359,0,23,4,27,106.58,27.19,-56.15,0,Regular Customer
TX-11582,CUST-1642,2026-08-09,51,Home & Kitchen,2,268.08,5.0,133.31,3657.71,4.1,South,2,249,0,30,7,66,576.86,509.35,178.87,0,High Value Customer
TX-11583,CUST-1218,2026-07-18,26,Fitness,2,344.62,5.0,194.1,6609.4,3.7,West,4,232,0,1,7,5,690.5,654.78,149.44,1,At-Risk Customer
TX-11584,CUST-1653,2026-05-13,50,Home & Kitchen,1,174.95,25.0,86.6,2899.62,4.9,West,2,443,0,6,4,10,171.44,131.21,-7.88,0,Regular Customer
TX-11585,CUST-1744,2026-06-30,46,Electronics,4,949.04,15.0,651.51,2325.73,4.0,South,1,144,0,3,6,14,3303.4,3226.74,581.31,0,Regular Customer
TX-11586,CUST-1151,2025-12-15,53,Furniture,1,858.98,0.0,431.25,1752.4,3.6,East,2,400,0,29,3,31,890.6,858.98,392.44,1,At-Risk Customer
TX-11587,CUST-1420,2026-01-24,34,Electronics,2,561.45,0.0,362.82,3680.94,5.0,South,3,314,0,44,8,106,1194.42,1122.9,328.55,0,High Value Customer
TX-11588,CUST-1273,2026-01-07,49,Fitness,1,405.71,10.0,228.95,6872.53,3.3,South,4,372,0,21,2,15,411.91,365.14,15.1,1,At-Risk Customer
TX-11589,CUST-1615,2025-12-12,27,Grocery,6,6.65,0.0,5.72,7942.55,4.4,South,1,398,0,7,3,12,61.73,39.9,-118.06,0,Regular Customer
TX-11590,CUST-1196,2025-08-28,31,Furniture,2,865.15,5.0,596.54,2512.05,4.8,East,3,280,0,25,6,47,1694.38,1643.78,399.52,0,High Value Customer
TX-11591,CUST-1573,2026-03-25,22,Grocery,4,40.8,0.0,35.88,5102.05,3.1,North,2,263,0,16,4,26,241.79,163.2,-65.85,1,At-Risk Customer
TX-11592,CUST-1279,2025-10-22,43,Electronics,3,474.75,20.0,340.3,6007.3,3.4,East,3,15,0,29,5,45,1169.27,1139.4,14.89,1,At-Risk Customer
TX-11593,CUST-1284,2026-07-17,32,Home & Kitchen,1,128.16,15.0,51.64,7693.17,4.6,South,1,155,0,10,4,17,136.6,108.94,-62.6,0,Regular Customer
TX-11594,CUST-1043,2026-04-19,31,Electronics,2,1772.22,10.0,1258.51,1221.5,3.0,North,3,18,0,19,3,17,3232.03,3190.0,641.15,1,At-Risk Customer
TX-11595,CUST-1085,2026-01-21,35,Home & Kitchen,3,263.7,10.0,151.9,1352.78,4.6,East,3,238,0,1,3,1,743.73,711.99,222.5,0,Regular Customer
TX-11596,CUST-1416,2026-02-16,34,Fitness,1,385.8,20.0,223.23,2969.35,3.6,North,3,133,0,29,4,37,378.96,308.64,27.37,1,At-Risk Customer
TX-11597,CUST-1741,2025-10-24,34,Furniture,1,779.48,5.0,442.16,4387.15,5.0,North,3,280,0,17,5,32,817.98,740.51,219.04,0,Regular Customer
TX-11598,CUST-1512,2025-10-14,24,Home & Kitchen,3,278.52,5.0,166.92,4827.4,3.9,East,3,419,0,7,2,12,842.25,793.78,207.11,1,At-Risk Customer
TX-11599,CUST-1092,2025-12-13,47,Home & Kitchen,1,384.71,10.0,175.91,1963.65,3.2,North,2,276,0,23,3,28,379.27,346.24,131.87,1,At-Risk Customer
TX-11600,CUST-1320,2026-01-29,34,Home & Kitchen,2,68.45,0.0,40.49,6671.47,2.3,West,4,356,0,1,10,6,209.47,136.9,-62.15,1,At-Risk Customer
TX-11601,CUST-1761,2025-12-12,27,Grocery,4,65.27,0.0,53.17,7682.86,2.8,South,5,235,0,38,5,59,319.58,261.08,-89.34,1,At-Risk Customer
TX-11602,CUST-1179,2025-12-01,22,Clothing,2,157.59,10.0,83.1,5119.51,4.2,West,5,186,0,1,5,10,329.05,283.66,18.17,0,Regular Customer
TX-11603,CUST-1603,2025-09-11,38,Grocery,15,34.9,0.0,26.09,2951.84,4.6,East,3,262,0,25,6,49,579.62,523.5,74.37,0,High Value Customer
TX-11604,CUST-1115,2026-01-23,40,Home & Kitchen,2,126.84,10.0,50.89,4082.38,4.2,West,3,249,0,11,4,15,304.28,228.31,51.8,0,Regular Customer
TX-11605,CUST-1252,2026-01-03,39,Furniture,1,1190.76,25.0,680.15,5064.7,4.1,East,4,64,0,7,2,10,965.91,893.07,118.95,0,Regular Customer
TX-11606,CUST-1376,2026-01-18,30,Electronics,5,419.63,0.0,293.78,1247.16,3.9,North,6,219,0,1,7,9,2124.84,2098.15,583.54,1,At-Risk Customer
TX-11607,CUST-1678,2025-09-10,32,Fitness,1,206.4,10.0,99.07,6694.77,2.7,South,1,227,0,4,2,10,240.94,185.76,-18.23,1,At-Risk Customer
TX-11608,CUST-1393,2026-01-19,52,Fitness,1,132.22,20.0,66.29,4799.94,3.5,East,1,181,0,6,4,9,148.8,105.78,-37.01,1,At-Risk Customer
TX-11609,CUST-1701,2025-10-15,55,Home & Kitchen,2,188.35,0.0,81.32,3931.99,4.0,South,3,367,0,15,3,13,409.77,376.7,141.58,0,Regular Customer
TX-11610,CUST-1397,2025-08-18,40,Grocery,6,67.01,15.0,48.21,5737.95,4.0,East,3,251,0,38,4,52,419.67,341.75,-47.08,0,High Value Customer
TX-11611,CUST-1774,2025-12-12,30,Clothing,1,197.72,5.0,85.4,4767.12,3.5,South,4,402,0,18,2,15,221.32,187.83,12.93,1,At-Risk Customer
TX-11612,CUST-1164,2026-03-26,23,Fitness,2,97.51,0.0,54.08,7383.32,4.3,East,2,356,0,16,7,33,231.46,195.02,-32.89,0,Regular Customer
TX-11613,CUST-1785,2026-07-09,35,Grocery,6,26.86,15.0,21.3,5826.18,2.8,North,3,392,0,17,4,23,175.84,136.99,-91.71,1,At-Risk Customer
TX-11614,CUST-1082,2026-04-22,36,Grocery,4,47.2,5.0,38.95,3259.54,3.5,West,2,69,0,17,2,14,247.89,179.36,-34.33,1,At-Risk Customer
TX-11615,CUST-1340,2026-03-18,38,Electronics,2,595.39,5.0,373.12,4685.36,5.0,South,7,142,0,19,7,45,1164.62,1131.24,283.22,0,High Value Customer
TX-11616,CUST-1518,2025-09-16,50,Clothing,2,73.63,5.0,30.36,3959.91,4.0,West,3,292,0,34,6,66,211.54,139.9,6.28,0,Loyal Customer
TX-11617,CUST-1560,2026-01-28,36,Grocery,6,72.76,0.0,52.8,5341.71,5.0,North,2,176,0,27,1,13,462.16,436.56,30.63,0,Regular Customer
TX-11618,CUST-1656,2026-07-08,26,Furniture,1,744.0,10.0,435.11,7865.39,3.8,West,4,445,0,34,2,23,711.75,669.6,98.51,1,At-Risk Customer
TX-11619,CUST-1139,2025-08-15,44,Grocery,10,41.34,0.0,35.63,7590.22,3.8,South,5,170,0,16,3,14,472.66,413.4,-79.25,1,At-Risk Customer
TX-11620,CUST-1321,2026-06-04,22,Electronics,3,1865.82,10.0,1331.95,2744.9,4.7,North,1,102,0,27,4,37,5101.16,5037.71,996.19,0,High Value Customer
TX-11621,CUST-1528,2026-08-14,56,Fitness,1,245.75,0.0,131.51,3235.53,5.0,South,2,429,0,25,2,16,295.8,245.75,56.71,0,Regular Customer
TX-11622,CUST-1702,2026-03-12,29,Clothing,2,240.22,5.0,92.45,3616.89,4.1,West,5,375,0,34,4,45,510.49,456.42,194.76,0,High Value Customer
TX-11623,CUST-1752,2025-10-21,31,Clothing,1,149.85,0.0,65.37,7129.18,4.2,South,4,389,0,42,4,52,218.82,149.85,-40.46,0,Regular Customer
TX-11624,CUST-1335,2026-01-05,43,Furniture,1,523.05,15.0,331.28,7790.81,3.4,North,3,112,0,7,6,16,516.87,444.59,-17.05,1,At-Risk Customer
TX-11625,CUST-1186,2026-03-03,40,Grocery,6,58.6,0.0,41.87,4683.36,4.1,South,5,387,1,3,4,9,416.53,351.6,-57.5,1,At-Risk Customer
TX-11626,CUST-1023,2026-05-26,34,Fitness,1,364.98,10.0,219.08,6229.3,3.7,South,2,119,0,16,6,35,359.32,328.48,6.96,1,At-Risk Customer
TX-11627,CUST-1473,2025-11-23,25,Clothing,6,150.31,0.0,54.0,2594.55,3.1,South,3,150,1,14,5,25,946.42,901.86,-48.5,1,At-Risk Customer
TX-11628,CUST-1632,2026-03-21,42,Home & Kitchen,2,209.45,0.0,94.26,5250.16,3.1,East,1,233,0,11,3,18,445.38,418.9,147.13,1,At-Risk Customer
TX-11629,CUST-1376,2025-11-09,43,Home & Kitchen,1,191.41,5.0,99.86,4738.72,2.8,North,2,302,1,3,4,10,246.62,181.84,-44.0,1,At-Risk Customer
TX-11630,CUST-1538,2026-03-24,45,Grocery,4,28.72,20.0,22.43,2256.18,3.0,West,1,361,1,32,2,25,157.92,91.9,-39.5,1,At-Risk Customer
TX-11631,CUST-1730,2025-11-26,41,Furniture,2,597.26,20.0,298.82,3014.65,4.7,East,3,183,0,21,6,45,1012.52,955.62,299.26,0,High Value Customer
TX-11632,CUST-1506,2026-02-25,33,Furniture,4,231.85,0.0,146.4,3695.91,4.4,West,1,79,0,22,8,58,977.82,927.4,281.86,0,High Value Customer
TX-11633,CUST-1614,2025-12-02,30,Clothing,3,142.87,20.0,61.39,6806.34,5.0,South,3,185,0,25,4,30,364.4,342.89,43.12,0,Regular Customer
TX-11634,CUST-1418,2025-10-27,53,Electronics,4,1965.57,30.0,1452.44,6087.02,4.7,East,4,63,0,29,5,48,5551.22,5503.6,-415.47,0,High Value Customer
TX-11635,CUST-1241,2026-06-26,40,Grocery,4,9.37,5.0,6.85,6788.45,4.5,South,3,20,0,3,4,4,104.97,35.61,-107.12,0,Regular Customer
TX-11636,CUST-1700,2026-07-11,43,Grocery,2,42.99,25.0,31.23,1442.68,3.2,North,4,244,1,35,6,68,86.43,64.48,-53.0,1,At-Risk Customer
TX-11637,CUST-1136,2026-01-26,23,Fitness,2,181.59,5.0,107.89,6425.58,4.7,West,5,218,0,17,4,23,402.19,345.02,10.36,0,Regular Customer
TX-11638,CUST-1730,2026-02-26,43,Fitness,1,497.46,0.0,226.71,4947.2,5.0,West,4,334,0,22,5,40,544.23,497.46,178.54,0,High Value Customer
TX-11639,CUST-1262,2025-09-20,33,Electronics,3,263.46,10.0,181.95,5057.94,3.4,North,3,401,1,19,2,13,789.64,711.34,-48.5,1,At-Risk Customer
TX-11640,CUST-1240,2026-04-12,44,Clothing,3,177.96,5.0,93.32,6662.9,2.5,North,3,427,1,10,5,23,550.81,507.19,-48.5,1,At-Risk Customer
TX-11641,CUST-1516,2026-06-27,54,Grocery,4,49.35,10.0,43.08,6599.96,3.8,East,2,31,0,1,5,3,198.17,177.66,-102.66,1,At-Risk Customer
TX-11642,CUST-1687,2026-02-19,29,Furniture,1,1050.44,0.0,694.78,6152.1,4.2,North,5,316,0,1,2,3,1118.8,1050.44,240.88,0,Regular Customer
TX-11643,CUST-1266,2025-11-08,23,Home & Kitchen,1,214.19,5.0,94.16,3121.69,4.0,West,3,114,0,28,6,50,250.16,203.48,49.0,0,Loyal Customer
TX-11644,CUST-1479,2025-10-20,44,Electronics,1,1909.93,5.0,1260.78,7243.42,2.4,East,2,215,0,8,6,19,1865.01,1814.43,436.0,1,At-Risk Customer
TX-11645,CUST-1443,2025-10-25,35,Clothing,4,201.22,10.0,103.71,7002.1,3.0,North,7,28,0,22,2,15,781.83,724.39,173.02,1,At-Risk Customer
TX-11646,CUST-1130,2026-04-26,31,Clothing,3,90.94,5.0,32.41,1431.79,3.8,East,4,312,0,25,2,20,335.49,259.18,122.47,1,At-Risk Customer
TX-11647,CUST-1289,2025-12-26,26,Home & Kitchen,3,119.93,25.0,50.02,7658.82,3.5,East,3,449,0,21,6,44,302.08,269.84,-8.6,1,At-Risk Customer
TX-11648,CUST-1446,2025-11-06,35,Clothing,1,117.69,10.0,49.64,4918.59,4.2,West,2,440,0,15,1,12,147.36,105.92,-26.5,0,Regular Customer
TX-11649,CUST-1154,2026-05-25,35,Fitness,1,508.28,5.0,247.06,3279.52,3.6,West,4,257,1,21,6,44,517.64,482.87,-53.0,1,At-Risk Customer
TX-11650,CUST-1152,2025-09-10,30,Furniture,1,526.95,5.0,348.76,1417.56,4.7,South,2,85,1,19,5,35,529.42,500.6,-44.0,0,Loyal Customer
TX-11651,CUST-1266,2025-11-05,32,Fitness,2,204.66,15.0,121.02,1879.0,4.4,West,2,202,0,15,2,10,395.13,347.92,68.7,0,Regular Customer
TX-11652,CUST-1506,2025-09-03,30,Grocery,6,19.77,5.0,15.11,2371.53,5.0,East,1,122,0,1,2,9,183.98,112.69,-18.04,0,Regular Customer
TX-11653,CUST-1574,2026-04-19,48,Grocery,2,35.94,5.0,28.4,3260.09,4.6,West,2,163,0,46,2,30,117.05,68.29,-46.42,0,Regular Customer
TX-11654,CUST-1737,2025-10-28,36,Electronics,2,542.58,0.0,398.21,7172.11,3.0,East,1,135,1,31,5,47,1163.05,1085.16,-39.5,1,At-Risk Customer
TX-11655,CUST-1290,2025-11-14,43,Furniture,1,1062.17,0.0,552.51,828.72,3.3,East,3,395,0,1,3,4,1118.06,1062.17,483.73,1,At-Risk Customer
TX-11656,CUST-1679,2026-06-09,38,Furniture,3,869.01,0.0,493.3,4591.55,5.0,North,3,228,0,9,4,11,2675.97,2607.03,1044.76,0,Regular Customer
TX-11657,CUST-1584,2025-11-14,40,Grocery,2,20.68,0.0,15.49,773.69,4.7,North,3,363,0,33,4,40,114.3,41.36,-14.73,0,Regular Customer
TX-11658,CUST-1510,2026-07-26,39,Electronics,2,279.46,20.0,170.65,5980.96,4.2,East,2,117,1,21,1,8,483.17,447.14,-44.0,1,At-Risk Customer
TX-11659,CUST-1697,2026-07-28,42,Electronics,5,1537.35,0.0,1107.3,753.76,4.2,West,2,34,0,39,4,49,7763.14,7686.75,2129.94,0,High Value Customer
TX-11660,CUST-1108,2026-01-26,32,Furniture,3,933.44,0.0,504.32,2529.18,5.0,North,4,291,0,28,4,38,2851.3,2800.32,1231.42,0,High Value Customer
TX-11661,CUST-1724,2026-07-17,35,Grocery,4,37.48,0.0,29.27,6815.47,4.6,West,4,291,0,1,4,3,176.89,149.92,-87.39,0,Regular Customer
TX-11662,CUST-1275,2026-06-14,39,Fitness,3,581.07,15.0,271.05,7198.89,4.6,North,6,295,0,37,5,55,1529.07,1481.73,533.6,0,High Value Customer
TX-11663,CUST-1044,2026-07-15,27,Home & Kitchen,1,202.53,10.0,101.81,7694.28,4.0,West,3,120,0,24,4,30,223.23,182.28,-48.45,0,Regular Customer
TX-11664,CUST-1749,2026-06-01,37,Furniture,1,739.07,15.0,454.11,524.53,3.9,South,5,160,0,4,3,7,651.24,628.21,143.73,1,At-Risk Customer
TX-11665,CUST-1659,2026-01-05,22,Clothing,8,29.84,0.0,11.32,7512.73,3.9,North,2,110,0,23,1,13,281.71,238.72,26.47,0,Regular Customer
TX-11666,CUST-1560,2026-06-18,18,Grocery,4,54.81,20.0,45.95,7538.5,2.8,North,6,123,0,1,5,8,236.41,175.39,-148.49,1,At-Risk Customer
TX-11667,CUST-1182,2025-12-14,35,Grocery,4,17.67,0.0,12.5,5251.38,3.3,North,2,356,1,25,1,10,120.35,70.68,-44.0,1,At-Risk Customer
TX-11668,CUST-1213,2025-11-05,40,Grocery,6,59.37,0.0,44.2,2109.56,4.4,West,6,261,0,26,4,35,426.94,356.22,32.38,0,Regular Customer
TX-11669,CUST-1770,2026-07-14,42,Furniture,1,485.74,5.0,262.1,3044.44,5.0,North,1,104,0,20,4,25,509.95,461.45,149.19,0,Regular Customer
TX-11670,CUST-1442,2026-01-19,49,Fitness,3,48.11,10.0,30.12,6153.54,4.5,South,1,79,0,21,4,25,162.56,129.9,-57.27,0,Regular Customer
TX-11671,CUST-1098,2026-02-18,40,Home & Kitchen,3,262.92,10.0,154.5,3120.24,4.1,South,5,340,0,3,8,7,759.51,709.88,177.08,0,Regular Customer
TX-11672,CUST-1397,2026-04-14,38,Clothing,1,201.24,5.0,81.18,4308.31,5.0,West,2,176,0,1,4,2,268.59,191.18,36.37,0,Regular Customer
TX-11673,CUST-1432,2026-02-18,20,Home & Kitchen,1,81.36,30.0,34.14,4767.07,3.0,South,2,189,0,47,7,96,85.42,56.95,-57.69,1,At-Risk Customer
TX-11674,CUST-1436,2025-09-30,31,Electronics,4,845.63,0.0,566.32,6640.73,4.7,East,4,218,0,14,1,5,3421.61,3382.52,999.63,0,Regular Customer
TX-11675,CUST-1692,2025-12-06,25,Fitness,2,180.51,15.0,91.82,4023.37,5.0,South,2,20,0,41,7,86,350.72,306.87,53.88,0,High Value Customer
TX-11676,CUST-1539,2026-07-02,24,Fitness,3,151.99,10.0,94.9,6583.63,5.0,North,3,356,0,28,8,66,446.83,410.37,13.42,0,High Value Customer
TX-11677,CUST-1447,2025-09-23,25,Grocery,4,9.22,15.0,6.8,1255.28,5.0,East,3,157,0,37,2,25,52.65,31.35,-28.18,0,Regular Customer
TX-11678,CUST-1130,2026-07-30,33,Clothing,1,204.86,10.0,91.29,7555.16,3.9,South,2,182,0,21,7,47,264.35,184.37,-29.24,0,Loyal Customer
TX-11679,CUST-1302,2026-06-01,48,Electronics,2,689.51,10.0,432.59,532.54,2.3,North,4,203,0,3,9,16,1288.26,1241.12,349.95,1,At-Risk Customer
TX-11680,CUST-1525,2025-10-08,34,Home & Kitchen,1,361.7,10.0,152.35,3973.81,4.2,West,3,449,0,21,4,33,388.04,325.53,100.07,0,Regular Customer
TX-11681,CUST-1475,2026-07-18,48,Fitness,1,409.4,0.0,246.44,3216.23,4.8,East,4,440,0,29,4,40,440.48,409.4,96.72,0,High Value Customer
TX-11682,CUST-1599,2025-09-24,53,Home & Kitchen,2,345.83,5.0,168.65,7605.04,5.0,North,1,406,0,21,8,50,691.9,657.08,201.2,0,High Value Customer
TX-11683,CUST-1677,2026-04-07,18,Furniture,2,1020.44,10.0,510.84,5454.7,3.5,South,7,67,0,25,3,27,1891.28,1836.79,701.79,1,At-Risk Customer
TX-11684,CUST-1046,2025-09-25,35,Grocery,4,18.26,10.0,14.34,6559.6,4.5,East,1,400,0,26,6,46,93.19,65.74,-94.52,0,Loyal Customer
TX-11685,CUST-1741,2026-04-03,28,Fitness,2,219.88,15.0,126.24,3971.43,4.1,West,3,153,0,26,7,53,424.04,373.8,48.24,0,High Value Customer
TX-11686,CUST-1271,2026-02-04,45,Furniture,3,1032.93,0.0,538.09,3607.7,3.7,South,4,232,0,15,4,24,3168.5,3098.79,1412.4,1,At-Risk Customer
TX-11687,CUST-1764,2026-06-19,23,Clothing,1,79.4,10.0,34.03,6666.7,3.3,North,2,35,0,41,4,49,148.66,71.46,-71.57,1,At-Risk Customer
TX-11688,CUST-1018,2025-08-16,29,Grocery,4,46.97,20.0,34.02,1319.75,3.3,North,5,245,1,13,2,15,216.66,150.3,-57.5,1,At-Risk Customer
TX-11689,CUST-1671,2026-04-15,28,Grocery,4,73.6,0.0,56.92,2907.03,5.0,West,3,347,0,19,2,16,360.01,294.4,9.61,0,Regular Customer
TX-11690,CUST-1762,2026-06-18,25,Fitness,1,86.63,0.0,53.57,3192.77,4.7,West,1,172,0,8,1,6,130.56,86.63,-19.33,0,Regular Customer
TX-11691,CUST-1631,2026-02-14,36,Fitness,1,505.92,20.0,278.34,4148.2,4.2,West,5,191,0,1,6,9,448.37,404.74,41.67,0,Regular Customer
TX-11692,CUST-1089,2025-10-17,27,Furniture,1,314.85,10.0,195.52,7099.04,4.3,North,3,298,0,48,3,49,307.43,283.37,-32.14,0,Regular Customer
TX-11693,CUST-1016,2026-08-05,43,Furniture,2,163.05,0.0,101.22,1857.26,3.1,North,3,220,0,14,1,12,373.36,326.1,82.3,1,At-Risk Customer
TX-11694,CUST-1664,2025-10-27,43,Fitness,1,175.2,5.0,97.23,1805.32,5.0,South,3,211,0,18,3,18,235.01,166.44,28.63,0,Regular Customer
TX-11695,CUST-1641,2026-05-16,45,Furniture,1,172.96,10.0,117.98,963.64,5.0,North,6,248,0,32,7,66,196.98,155.66,-3.77,0,Loyal Customer
TX-11696,CUST-1474,2025-10-28,25,Grocery,6,56.01,0.0,41.66,3409.04,3.9,West,4,270,1,27,9,76,400.93,336.06,-53.0,1,At-Risk Customer
TX-11697,CUST-1170,2025-10-31,35,Fitness,1,184.14,25.0,106.36,2142.34,3.9,West,5,351,0,28,7,63,182.05,138.1,-22.89,0,Loyal Customer
TX-11698,CUST-1482,2025-08-24,37,Grocery,6,24.14,10.0,17.14,5568.23,4.5,South,3,45,0,1,3,3,155.78,130.36,-69.51,0,Regular Customer
TX-11699,CUST-1583,2026-03-02,36,Electronics,5,2172.5,0.0,1436.02,805.21,4.3,East,3,344,1,13,8,30,10941.46,10862.5,-48.5,1,At-Risk Customer
TX-11700,CUST-1645,2026-08-14,40,Grocery,10,7.03,0.0,5.84,4842.27,4.2,West,3,125,0,36,2,24,98.54,70.3,-74.23,0,Regular Customer
TX-11701,CUST-1754,2026-06-06,45,Home & Kitchen,1,440.07,5.0,186.4,6771.64,3.0,East,1,274,1,15,6,32,487.9,418.07,-39.5,1,At-Risk Customer
TX-11702,CUST-1409,2026-04-19,36,Home & Kitchen,3,238.18,30.0,139.95,6964.51,3.9,West,6,87,0,24,5,39,548.76,500.18,-51.14,0,Loyal Customer
TX-11703,CUST-1062,2026-05-11,61,Electronics,1,1191.6,20.0,923.67,1252.48,3.8,West,5,447,0,33,2,19,989.61,953.28,-11.68,1,At-Risk Customer
TX-11704,CUST-1566,2025-09-15,46,Clothing,6,165.64,5.0,85.97,1165.04,2.1,West,3,177,0,37,3,36,1020.56,944.15,397.35,1,At-Risk Customer
TX-11705,CUST-1119,2026-04-24,37,Home & Kitchen,1,50.86,15.0,28.98,1770.23,4.2,East,1,147,0,14,3,16,67.66,43.23,-16.8,0,Regular Customer
TX-11706,CUST-1446,2025-08-24,24,Furniture,3,457.99,0.0,252.68,6563.36,4.2,East,3,220,0,37,4,44,1403.25,1373.97,503.98,0,High Value Customer
TX-11707,CUST-1480,2026-02-06,41,Grocery,10,69.54,5.0,59.32,7179.63,4.2,South,3,275,0,28,5,44,683.04,660.63,-53.76,0,High Value Customer
TX-11708,CUST-1601,2026-07-30,30,Clothing,2,65.42,10.0,23.99,6136.78,3.3,West,2,443,0,1,8,3,138.44,117.76,-31.28,1,At-Risk Customer
TX-11709,CUST-1300,2026-08-13,27,Grocery,2,9.49,10.0,7.48,3837.84,5.0,West,3,142,0,5,3,8,74.11,17.08,-68.95,0,Regular Customer
TX-11710,CUST-1689,2026-07-14,59,Fitness,3,167.41,20.0,93.53,939.96,4.7,East,3,16,0,6,3,7,451.2,401.78,93.59,0,Regular Customer
TX-11711,CUST-1165,2026-06-28,35,Furniture,4,695.8,30.0,432.19,4451.97,3.9,East,6,381,0,24,5,40,1972.34,1948.24,125.7,0,Loyal Customer
TX-11712,CUST-1088,2026-07-21,56,Grocery,4,22.56,5.0,19.58,2859.5,3.4,South,2,218,0,19,4,26,148.07,85.73,-44.48,1,At-Risk Customer
TX-11713,CUST-1160,2026-06-20,26,Grocery,2,47.03,15.0,34.35,2498.94,4.5,North,5,296,0,10,8,31,104.57,79.95,-48.73,0,Regular Customer
TX-11714,CUST-1505,2026-01-16,27,Furniture,1,726.89,25.0,438.93,2601.12,3.7,South,2,420,0,14,3,16,607.81,545.17,58.22,1,At-Risk Customer
TX-11715,CUST-1018,2026-02-13,38,Clothing,6,26.6,10.0,10.72,7862.35,4.5,East,2,135,0,10,5,16,206.15,143.64,-47.62,0,Regular Customer
TX-11716,CUST-1178,2026-04-28,60,Electronics,2,1138.03,20.0,865.2,4329.32,2.8,North,2,116,0,3,6,9,1847.24,1820.85,16.51,1,At-Risk Customer
TX-11717,CUST-1116,2026-06-26,30,Furniture,1,898.95,0.0,481.65,3327.42,4.6,North,3,71,0,18,8,50,966.32,898.95,353.89,0,High Value Customer
TX-11718,CUST-1498,2025-12-24,24,Clothing,4,51.85,30.0,19.86,3177.3,3.9,East,2,243,0,11,9,32,203.32,145.18,9.08,0,Regular Customer
TX-11719,CUST-1788,2026-05-26,50,Clothing,1,209.25,5.0,98.29,2216.12,4.3,South,5,436,0,1,5,5,225.88,198.79,44.76,0,Regular Customer
TX-11720,CUST-1527,2026-06-19,42,Fitness,2,343.81,15.0,201.93,1048.39,4.2,North,4,55,0,26,2,17,658.19,584.48,146.89,0,Regular Customer
TX-11721,CUST-1448,2026-04-05,32,Electronics,2,480.17,20.0,341.81,4191.45,4.7,North,4,278,0,27,4,35,814.64,768.27,3.78,0,Regular Customer
TX-11722,CUST-1624,2025-10-05,25,Home & Kitchen,2,248.23,10.0,145.8,1721.08,3.0,North,3,348,0,5,4,8,501.55,446.81,115.9,1,At-Risk Customer
TX-11723,CUST-1171,2026-07-02,52,Electronics,2,460.51,0.0,333.99,2528.9,2.2,South,2,30,0,48,5,74,959.59,921.02,206.11,1,At-Risk Customer
TX-11724,CUST-1160,2026-01-10,32,Fitness,2,505.99,20.0,302.26,6355.75,2.9,West,2,68,0,8,3,8,866.58,809.58,100.73,1,At-Risk Customer
TX-11725,CUST-1510,2025-10-03,31,Furniture,2,372.48,5.0,190.01,4571.62,2.7,East,6,133,0,16,3,20,737.78,707.71,232.12,1,At-Risk Customer
TX-11726,CUST-1141,2025-10-15,40,Furniture,4,432.61,0.0,259.67,1996.42,5.0,West,6,386,0,10,8,30,1777.95,1730.44,634.81,0,Regular Customer
TX-11727,CUST-1787,2025-08-17,36,Furniture,1,945.36,15.0,474.02,6371.2,4.3,West,3,237,0,6,3,7,849.51,803.56,220.47,0,Regular Customer
TX-11728,CUST-1517,2025-11-09,52,Electronics,2,1733.72,0.0,1263.65,4506.02,4.6,East,3,73,0,21,4,33,3545.51,3467.44,859.05,0,Regular Customer
TX-11729,CUST-1772,2026-03-14,35,Clothing,4,194.81,15.0,94.26,1649.24,4.7,South,2,294,0,9,7,27,729.78,662.35,251.58,0,Regular Customer
TX-11730,CUST-1771,2026-05-12,29,Grocery,6,52.77,5.0,44.87,1425.15,4.0,South,3,35,0,25,3,22,339.95,300.79,-3.31,0,Regular Customer
TX-11731,CUST-1439,2026-03-13,23,Grocery,6,71.29,10.0,52.32,5029.59,4.3,West,4,214,0,15,5,29,457.82,384.97,-22.4,0,Regular Customer
TX-11732,CUST-1528,2026-07-29,53,Clothing,2,74.11,0.0,29.3,1059.6,5.0,North,3,272,0,10,4,20,210.1,148.22,60.23,0,Regular Customer
TX-11733,CUST-1788,2025-08-19,41,Fitness,1,550.89,5.0,263.24,2336.09,4.8,North,4,416,0,1,5,2,588.55,523.35,207.06,0,Regular Customer
TX-11734,CUST-1322,2026-03-07,40,Furniture,2,675.43,15.0,433.32,6762.35,3.4,West,3,377,1,33,5,48,1173.41,1148.23,-48.5,1,At-Risk Customer
TX-11735,CUST-1777,2025-09-01,48,Fitness,3,50.64,5.0,32.3,6250.93,4.2,South,3,318,0,14,3,18,176.47,144.32,-59.84,0,Regular Customer
TX-11736,CUST-1059,2026-07-03,50,Fitness,1,338.25,10.0,192.67,4816.73,4.5,East,2,48,0,25,1,9,337.89,304.43,30.5,0,Regular Customer
TX-11737,CUST-1697,2026-08-07,38,Home & Kitchen,2,239.15,15.0,133.75,2805.2,3.8,East,4,353,0,2,2,5,464.07,406.56,78.98,1,At-Risk Customer
TX-11738,CUST-1321,2026-02-06,30,Electronics,4,1360.42,15.0,940.48,7878.58,2.4,East,2,109,0,19,1,12,4686.67,4625.43,736.33,1,At-Risk Customer
TX-11739,CUST-1625,2025-10-28,56,Fitness,1,520.8,10.0,311.84,6684.93,4.2,West,4,132,0,20,4,26,548.45,468.72,38.61,0,Regular Customer
TX-11740,CUST-1210,2026-05-19,51,Home & Kitchen,2,362.43,15.0,214.17,7620.32,3.5,West,1,76,0,28,6,54,664.39,616.13,68.99,1,At-Risk Customer
TX-11741,CUST-1800,2026-07-12,33,Grocery,6,52.17,10.0,36.63,5865.46,4.5,South,4,315,0,10,3,17,341.41,281.72,-44.04,0,Regular Customer
TX-11742,CUST-1086,2025-09-01,18,Home & Kitchen,2,156.1,10.0,92.02,7619.42,4.0,East,4,425,0,21,7,50,325.39,280.98,-35.35,0,Loyal Customer
TX-11743,CUST-1736,2025-10-17,40,Home & Kitchen,2,73.41,25.0,37.8,1632.35,3.6,East,1,260,0,38,1,18,144.14,110.11,5.53,1,At-Risk Customer
TX-11744,CUST-1523,2026-05-23,57,Clothing,1,127.85,5.0,45.83,3160.41,3.8,East,3,58,0,10,4,17,176.54,121.46,14.72,1,At-Risk Customer
TX-11745,CUST-1163,2025-08-25,36,Electronics,3,741.27,5.0,565.24,7740.93,2.7,East,1,425,0,26,1,16,2163.11,2112.62,296.29,1,At-Risk Customer
TX-11746,CUST-1792,2026-01-16,33,Fitness,1,599.28,10.0,366.28,3620.13,3.8,West,2,264,0,39,8,95,592.37,539.35,109.77,0,Loyal Customer
TX-11747,CUST-1113,2025-09-13,49,Clothing,2,181.63,10.0,70.2,3197.84,4.5,East,4,275,0,10,9,30,379.75,326.93,120.57,0,Regular Customer
TX-11748,CUST-1362,2025-10-16,32,Electronics,1,367.68,5.0,231.15,4395.34,4.2,North,4,16,0,1,2,8,394.42,349.3,34.22,0,Regular Customer
TX-11749,CUST-1586,2025-08-16,41,Grocery,6,75.01,10.0,60.95,6398.49,5.0,East,3,69,0,25,1,14,475.83,405.05,-70.12,0,Regular Customer
TX-11750,CUST-1763,2026-06-07,36,Home & Kitchen,2,321.81,0.0,182.59,7734.02,3.5,South,3,222,0,16,6,35,716.56,643.62,148.93,1,At-Risk Customer
TX-11751,CUST-1291,2026-07-21,57,Fitness,1,285.31,20.0,146.59,1731.28,4.5,South,4,211,0,2,5,6,286.68,228.25,37.69,0,Regular Customer
TX-11752,CUST-1532,2025-12-18,21,Electronics,1,1221.77,5.0,848.92,4283.07,3.2,East,3,422,0,16,3,19,1214.82,1160.68,234.02,1,At-Risk Customer
TX-11753,CUST-1197,2026-02-14,39,Grocery,2,44.87,5.0,37.24,2565.85,4.1,North,1,97,0,29,2,24,147.45,85.25,-32.21,0,Regular Customer
TX-11754,CUST-1435,2026-03-12,24,Electronics,5,1108.44,5.0,702.71,7422.45,3.4,North,3,227,1,28,3,29,5308.25,5265.09,-48.5,1,At-Risk Customer
TX-11755,CUST-1133,2026-04-14,33,Furniture,1,848.56,5.0,592.52,3860.35,3.8,West,4,389,1,5,6,17,855.9,806.13,-53.0,1,At-Risk Customer
TX-11756,CUST-1693,2026-05-10,54,Grocery,4,14.46,15.0,12.0,4993.74,4.4,West,1,45,0,13,2,15,127.19,49.16,-78.24,0,Regular Customer
TX-11757,CUST-1598,2026-04-26,25,Fitness,2,276.04,10.0,139.97,980.39,2.5,West,2,168,0,25,2,15,537.55,496.87,193.23,1,At-Risk Customer
TX-11758,CUST-1705,2026-04-21,34,Fitness,3,546.58,30.0,308.83,3904.21,5.0,West,5,294,0,22,5,39,1210.48,1147.82,140.26,0,High Value Customer
TX-11759,CUST-1147,2026-04-29,39,Furniture,1,524.39,15.0,334.48,5430.04,4.4,West,5,337,0,17,8,40,495.45,445.73,7.3,0,High Value Customer
TX-11760,CUST-1132,2026-08-09,49,Home & Kitchen,2,380.01,0.0,164.3,7013.96,4.2,North,3,357,0,22,3,19,836.95,760.02,312.71,0,Regular Customer
TX-11761,CUST-1466,2026-04-13,44,Electronics,2,1964.55,0.0,1471.74,2929.34,4.0,South,3,37,0,20,6,38,3959.98,3929.1,928.18,0,High Value Customer
TX-11762,CUST-1378,2025-10-13,19,Home & Kitchen,1,352.44,10.0,192.16,654.66,1.3,West,5,316,1,13,5,22,343.47,317.2,-57.5,1,At-Risk Customer
TX-11763,CUST-1378,2026-06-02,23,Clothing,2,180.95,0.0,90.01,5081.55,4.4,North,4,259,0,18,5,27,383.13,361.9,87.66,0,Regular Customer
TX-11764,CUST-1120,2026-02-20,44,Clothing,2,114.91,15.0,49.18,5307.44,4.5,East,1,159,0,4,4,11,235.49,195.35,12.88,0,Regular Customer
TX-11765,CUST-1497,2025-08-28,24,Furniture,1,397.5,15.0,232.51,4533.87,3.8,South,4,142,0,29,4,36,368.11,337.88,19.36,0,Regular Customer
TX-11766,CUST-1431,2025-09-07,49,Clothing,1,63.61,0.0,23.68,1761.74,4.9,East,2,322,0,41,2,25,87.92,63.61,4.5,0,Regular Customer
TX-11767,CUST-1757,2026-04-21,40,Electronics,2,1600.54,25.0,1155.36,4303.83,3.4,North,1,239,0,16,6,35,2461.5,2400.81,21.03,1,At-Risk Customer
TX-11768,CUST-1069,2025-09-05,40,Grocery,6,16.9,15.0,12.25,2542.45,4.4,West,5,381,0,21,6,42,107.97,86.19,-47.95,0,Loyal Customer
TX-11769,CUST-1579,2026-04-02,40,Clothing,4,146.85,5.0,70.77,829.07,3.2,West,4,446,0,26,5,46,592.41,558.03,244.51,1,At-Risk Customer
TX-11770,CUST-1737,2026-06-20,50,Furniture,1,229.78,0.0,118.0,3655.03,4.7,South,3,298,0,18,4,22,297.95,229.78,43.45,0,Regular Customer
TX-11771,CUST-1471,2026-04-01,23,Fitness,1,480.64,5.0,245.88,7419.85,4.2,West,4,325,0,16,7,33,486.54,456.61,81.43,0,Regular Customer
TX-11772,CUST-1745,2026-01-27,42,Electronics,1,1800.33,10.0,1156.9,7176.64,3.5,West,2,148,0,15,6,31,1670.72,1620.3,346.75,1,At-Risk Customer
TX-11773,CUST-1404,2026-02-03,43,Home & Kitchen,2,376.86,0.0,211.6,3479.28,3.3,North,5,447,0,29,4,34,821.92,753.72,255.83,1,At-Risk Customer
TX-11774,CUST-1453,2026-01-03,26,Fitness,1,134.57,0.0,87.0,7665.25,4.0,North,5,204,0,19,7,44,208.5,134.57,-89.91,0,Loyal Customer
TX-11775,CUST-1724,2025-08-26,18,Home & Kitchen,1,373.57,0.0,153.08,5659.87,4.3,East,5,75,0,20,2,13,449.71,373.57,113.09,0,Regular Customer
TX-11776,CUST-1126,2026-07-09,28,Home & Kitchen,1,237.2,5.0,97.28,2113.3,3.7,North,1,124,0,13,5,20,298.77,225.34,91.86,0,Regular Customer
TX-11777,CUST-1633,2026-05-18,20,Home & Kitchen,2,69.08,5.0,40.67,2715.14,4.0,North,6,147,0,23,4,34,184.59,131.25,-17.82,0,Regular Customer
TX-11778,CUST-1534,2025-11-18,18,Grocery,4,50.13,15.0,41.18,1874.96,3.9,North,5,118,0,6,2,11,247.39,170.44,-44.9,1,At-Risk Customer
TX-11779,CUST-1544,2025-11-14,46,Electronics,2,1404.12,5.0,878.41,7990.04,4.9,East,2,125,0,10,9,27,2709.55,2667.83,782.16,0,Regular Customer
TX-11780,CUST-1251,2026-08-10,28,Home & Kitchen,1,201.73,10.0,115.48,4511.43,4.7,West,6,270,1,5,3,10,238.98,181.56,-62.0,1,At-Risk Customer
TX-11781,CUST-1546,2026-06-20,47,Clothing,4,196.69,5.0,105.96,2131.57,5.0,West,4,74,0,1,5,10,814.78,747.42,273.61,0,Regular Customer
TX-11782,CUST-1503,2025-08-25,37,Clothing,3,116.35,30.0,45.3,3239.65,2.8,West,1,101,0,27,3,27,270.06,244.33,55.34,1,At-Risk Customer
TX-11783,CUST-1024,2026-05-11,23,Clothing,1,144.42,5.0,69.4,3956.8,5.0,West,4,353,0,5,6,17,205.49,137.2,-9.55,0,Regular Customer
TX-11784,CUST-1117,2025-10-03,44,Home & Kitchen,3,205.13,0.0,114.56,4908.84,5.0,South,4,373,0,30,5,46,679.44,615.39,180.08,0,High Value Customer
TX-11785,CUST-1187,2025-12-22,40,Electronics,1,579.86,0.0,355.7,6794.14,4.9,South,4,201,0,41,4,54,656.92,579.86,104.25,0,High Value Customer
TX-11786,CUST-1417,2026-07-27,29,Furniture,1,762.82,15.0,411.88,1661.47,4.0,North,3,169,0,27,6,51,672.96,648.4,198.09,0,High Value Customer
TX-11787,CUST-1333,2025-11-14,40,Electronics,1,646.48,5.0,492.28,7382.4,3.5,North,6,396,0,12,5,22,635.18,614.16,-15.86,1,At-Risk Customer
TX-11788,CUST-1101,2026-01-24,27,Furniture,2,597.39,20.0,320.04,3422.36,3.8,West,4,347,0,20,2,15,1005.66,955.82,246.41,1,At-Risk Customer
TX-11789,CUST-1264,2026-02-22,34,Electronics,2,2110.58,0.0,1319.92,2349.85,4.4,North,2,103,0,35,3,35,4300.36,4221.16,1537.07,0,Regular Customer
TX-11790,CUST-1770,2026-06-15,42,Home & Kitchen,2,162.9,10.0,89.57,3626.19,3.8,South,2,35,0,40,1,12,333.6,293.22,50.69,0,Regular Customer
TX-11791,CUST-1770,2026-04-29,28,Grocery,4,32.15,15.0,24.94,5940.66,4.6,North,3,321,0,22,3,22,175.52,109.31,-93.06,0,Regular Customer
TX-11792,CUST-1325,2026-04-08,27,Home & Kitchen,3,354.23,25.0,167.08,2414.32,4.4,West,4,44,0,26,6,46,828.9,797.02,241.56,0,High Value Customer
TX-11793,CUST-1029,2026-03-10,42,Fitness,2,302.67,15.0,191.64,1264.65,3.7,South,3,420,0,18,4,21,567.23,514.54,98.79,1,At-Risk Customer
TX-11794,CUST-1019,2025-12-29,33,Home & Kitchen,2,64.91,10.0,32.74,2435.37,5.0,North,2,380,0,4,2,11,184.2,116.84,5.83,0,Regular Customer
TX-11795,CUST-1568,2026-07-13,40,Furniture,2,337.8,0.0,232.86,1902.74,3.2,East,3,267,0,45,2,32,728.22,675.6,167.84,1,At-Risk Customer
TX-11796,CUST-1456,2025-09-25,37,Fitness,1,68.0,15.0,44.05,4493.98,4.4,South,2,267,0,13,4,23,107.02,57.8,-62.66,0,Regular Customer
TX-11797,CUST-1145,2026-02-21,18,Home & Kitchen,2,183.31,5.0,92.61,7224.86,3.0,South,4,439,0,1,5,10,426.5,348.29,36.7,1,At-Risk Customer
TX-11798,CUST-1550,2026-03-18,21,Home & Kitchen,1,164.69,15.0,93.0,6330.13,4.2,West,5,58,1,20,2,18,176.4,139.99,-57.5,1,At-Risk Customer
TX-11799,CUST-1475,2026-06-27,50,Clothing,2,135.99,20.0,69.23,6019.28,5.0,South,2,441,1,1,4,10,278.74,217.58,-44.0,0,Regular Customer
TX-11800,CUST-1493,2025-12-31,38,Home & Kitchen,1,408.34,15.0,242.5,7447.78,3.6,East,3,84,0,10,1,8,423.11,347.09,-20.63,1,At-Risk Customer
TX-11801,CUST-1389,2026-02-09,25,Fitness,1,291.93,10.0,150.42,4126.95,4.2,South,2,371,0,19,2,15,301.77,262.74,41.41,0,Regular Customer
TX-11802,CUST-1522,2026-01-05,31,Electronics,1,1618.37,10.0,976.85,1220.28,4.3,South,2,343,0,22,2,19,1511.92,1456.53,452.38,0,Regular Customer
TX-11803,CUST-1576,2025-09-18,26,Clothing,6,179.07,15.0,81.62,5950.47,3.7,North,4,398,0,10,6,19,986.75,913.26,316.28,1,At-Risk Customer
TX-11804,CUST-1125,2025-10-24,32,Fitness,1,57.14,0.0,30.82,3448.2,5.0,East,3,133,0,13,1,7,126.82,57.14,-38.9,0,Regular Customer
TX-11805,CUST-1215,2026-06-22,37,Home & Kitchen,1,217.8,20.0,116.06,4333.68,3.0,East,2,340,0,29,8,72,228.3,174.24,-15.83,1,At-Risk Customer
TX-11806,CUST-1350,2026-07-05,47,Clothing,1,150.7,5.0,69.09,6590.03,2.6,West,2,346,0,1,3,7,213.09,143.16,-33.78,1,At-Risk Customer
TX-11807,CUST-1678,2026-01-25,33,Clothing,3,195.45,20.0,87.12,7179.06,5.0,South,5,123,0,18,4,21,494.74,469.08,77.53,0,Regular Customer
TX-11808,CUST-1613,2026-01-29,47,Electronics,5,1688.4,10.0,1128.01,6614.36,4.3,South,3,439,0,35,3,38,7643.52,7597.8,1845.03,0,High Value Customer
TX-11809,CUST-1002,2026-06-21,49,Grocery,4,62.22,0.0,44.88,559.7,4.3,North,4,255,0,12,2,9,326.06,248.88,42.96,0,Regular Customer
TX-11810,CUST-1688,2025-11-10,52,Grocery,4,28.12,30.0,24.01,503.0,4.8,West,3,128,0,12,5,24,155.8,78.74,-38.35,0,Regular Customer
TX-11811,CUST-1551,2025-09-24,40,Fitness,2,391.05,5.0,208.49,2493.47,4.0,North,1,24,0,39,7,87,793.66,743.0,284.11,0,High Value Customer
TX-11812,CUST-1687,2026-03-29,26,Fitness,1,402.43,0.0,201.82,786.39,5.0,North,5,57,0,23,4,33,471.55,402.43,166.31,0,Regular Customer
TX-11813,CUST-1385,2026-06-17,34,Clothing,1,174.29,10.0,65.56,7649.24,3.9,West,3,141,0,1,5,8,196.69,156.86,-36.94,0,Regular Customer
TX-11814,CUST-1786,2026-08-05,36,Electronics,2,1901.9,10.0,1351.99,6586.18,4.7,North,5,306,0,26,3,26,3452.99,3423.42,598.15,0,Regular Customer
TX-11815,CUST-1197,2026-03-29,56,Electronics,1,1274.95,0.0,773.33,1652.34,4.9,South,3,378,0,18,3,21,1308.77,1274.95,463.33,0,Regular Customer
TX-11816,CUST-1776,2026-01-04,18,Fitness,1,235.17,5.0,144.28,3710.23,3.3,East,5,200,0,18,4,26,298.2,223.41,0.98,1,At-Risk Customer
TX-11817,CUST-1628,2026-06-30,20,Clothing,1,178.77,10.0,84.13,5066.54,5.0,South,1,356,0,29,2,17,227.69,160.89,-3.74,0,Regular Customer
TX-11818,CUST-1505,2026-02-15,42,Electronics,2,1918.28,25.0,1482.18,3587.17,3.3,East,3,242,0,1,3,6,2927.41,2877.42,-154.25,1,At-Risk Customer
TX-11819,CUST-1720,2026-08-10,45,Home & Kitchen,1,171.79,5.0,96.76,1207.7,3.5,South,3,308,1,12,3,14,193.22,163.2,-48.5,1,At-Risk Customer
TX-11820,CUST-1653,2026-03-04,24,Electronics,1,1153.13,10.0,883.16,3226.11,5.0,East,3,52,0,9,3,8,1080.64,1037.82,92.77,0,Regular Customer
TX-11821,CUST-1505,2025-11-09,48,Home & Kitchen,1,81.38,5.0,39.48,5764.86,4.0,South,4,432,0,23,1,14,128.3,77.31,-66.64,0,Regular Customer
TX-11822,CUST-1579,2026-07-24,27,Fitness,1,232.07,5.0,134.36,3533.71,3.8,South,3,76,1,13,2,14,276.89,220.47,-48.5,1,At-Risk Customer
TX-11823,CUST-1131,2025-09-16,45,Furniture,4,648.95,0.0,331.28,5513.16,5.0,East,3,402,0,26,1,14,2669.75,2595.8,1174.48,0,Regular Customer
TX-11824,CUST-1233,2026-05-08,41,Fitness,1,579.28,10.0,336.05,5663.2,3.4,East,2,437,0,17,2,16,583.38,521.35,91.35,1,At-Risk Customer
TX-11825,CUST-1694,2025-08-25,38,Fitness,1,230.12,5.0,137.29,3113.87,3.6,East,3,120,0,47,3,45,281.51,218.61,21.12,1,At-Risk Customer
TX-11826,CUST-1464,2025-08-15,38,Grocery,10,60.02,15.0,47.61,2328.32,4.1,North,7,431,0,36,6,64,569.19,510.17,-32.35,0,High Value Customer
TX-11827,CUST-1330,2026-03-23,57,Grocery,2,37.48,10.0,29.02,1818.39,4.7,East,3,396,0,20,3,23,116.98,67.46,-31.35,0,Regular Customer
TX-11828,CUST-1530,2026-04-09,18,Grocery,4,61.24,15.0,52.84,1483.91,4.4,East,4,399,0,2,1,2,279.12,208.22,-43.4,0,Regular Customer
TX-11829,CUST-1044,2025-12-06,34,Electronics,2,663.46,5.0,506.84,3057.47,5.0,East,3,148,0,43,5,70,1307.61,1260.57,187.53,0,High Value Customer
TX-11830,CUST-1545,2026-03-31,38,Clothing,2,103.56,5.0,50.98,6389.37,4.5,North,3,20,0,32,6,60,272.5,196.76,-14.54,0,Loyal Customer
TX-11831,CUST-1342,2025-09-24,25,Home & Kitchen,1,246.94,10.0,123.9,722.25,3.5,North,2,399,0,42,4,53,283.25,222.25,78.51,1,At-Risk Customer
TX-11832,CUST-1231,2026-08-02,40,Grocery,6,46.42,10.0,39.35,2402.53,4.8,North,4,29,0,32,2,24,290.49,250.67,-39.47,0,Regular Customer
TX-11833,CUST-1201,2025-11-06,49,Clothing,2,81.9,25.0,43.55,1075.02,3.2,East,1,70,1,1,4,8,150.68,122.85,-39.5,1,At-Risk Customer
TX-11834,CUST-1640,2025-10-02,43,Electronics,3,810.67,0.0,531.8,4345.85,5.0,West,2,96,0,24,5,42,2466.96,2432.01,762.42,0,High Value Customer
TX-11835,CUST-1024,2026-06-13,22,Fitness,1,498.51,10.0,241.04,3534.16,3.6,East,2,87,0,1,1,7,514.76,448.66,145.61,1,At-Risk Customer
TX-11836,CUST-1253,2025-10-08,36,Grocery,4,8.43,5.0,6.06,6620.89,4.1,South,2,371,0,25,4,32,102.16,32.03,-100.52,0,Regular Customer
TX-11837,CUST-1055,2026-01-31,18,Home & Kitchen,2,203.22,0.0,110.12,7417.43,3.8,South,4,177,0,58,4,69,438.16,406.44,56.94,0,Regular Customer
TX-11838,CUST-1794,2026-06-17,34,Home & Kitchen,1,380.74,10.0,172.44,4320.78,5.0,West,5,51,0,5,4,14,363.95,342.67,82.91,0,Regular Customer
TX-11839,CUST-1640,2026-03-30,22,Home & Kitchen,2,329.9,15.0,173.41,5233.69,5.0,North,1,212,0,3,1,8,595.61,560.83,131.0,0,Regular Customer
TX-11840,CUST-1062,2025-08-31,38,Grocery,4,40.9,10.0,28.76,1173.11,4.9,East,3,395,0,19,4,24,208.18,147.24,1.1,0,Regular Customer
TX-11841,CUST-1710,2025-09-16,34,Furniture,1,343.11,10.0,207.21,4589.22,4.0,North,4,427,0,14,1,8,386.86,308.8,14.75,1,At-Risk Customer
TX-11842,CUST-1452,2025-09-11,35,Clothing,2,111.17,0.0,54.61,7260.67,4.7,West,1,112,0,26,2,15,247.19,222.34,-0.29,0,Regular Customer
TX-11843,CUST-1693,2025-09-11,21,Home & Kitchen,2,90.46,10.0,45.42,6679.49,4.9,North,4,154,0,19,4,23,228.69,162.83,-46.2,0,Regular Customer
TX-11844,CUST-1390,2026-03-07,36,Electronics,1,431.1,0.0,333.23,7166.64,3.2,West,3,17,0,7,3,14,482.72,431.1,-23.13,1,At-Risk Customer
TX-11845,CUST-1613,2026-07-17,26,Home & Kitchen,1,253.64,10.0,151.02,1793.79,5.0,North,3,34,0,15,3,13,265.43,228.28,36.85,0,Regular Customer
TX-11846,CUST-1475,2026-03-21,30,Home & Kitchen,1,223.13,10.0,114.97,1779.94,3.7,North,3,408,0,15,6,30,234.62,200.82,45.65,1,At-Risk Customer
TX-11847,CUST-1691,2025-08-27,43,Grocery,15,39.93,5.0,32.22,3412.02,3.9,East,5,300,0,1,3,1,623.91,569.0,12.02,1,At-Risk Customer
TX-11848,CUST-1110,2025-10-05,32,Electronics,1,1970.62,5.0,1280.59,6798.76,4.2,North,5,448,0,35,6,65,1927.98,1872.09,467.02,0,High Value Customer
TX-11849,CUST-1198,2026-06-03,27,Furniture,1,1157.46,5.0,707.2,2213.23,2.4,East,4,278,0,11,5,17,1166.61,1099.59,341.19,1,At-Risk Customer
TX-11850,CUST-1492,2026-06-27,36,Grocery,2,46.52,10.0,35.04,4161.22,4.2,South,2,41,0,37,2,26,127.47,83.74,-57.76,0,Regular Customer
TX-11851,CUST-1045,2025-09-13,30,Furniture,1,305.64,0.0,195.61,6511.45,4.3,East,5,168,0,8,6,19,368.26,305.64,-10.14,0,Regular Customer
TX-11852,CUST-1525,2026-07-13,36,Clothing,1,95.79,5.0,38.57,876.05,4.4,East,1,74,0,20,6,41,120.1,91.0,34.79,0,Loyal Customer
TX-11853,CUST-1554,2025-10-27,38,Furniture,1,876.58,20.0,553.14,7108.46,4.3,West,3,170,0,21,2,18,759.74,701.26,28.0,0,Regular Customer
TX-11854,CUST-1351,2026-01-10,51,Clothing,2,187.02,5.0,88.82,5328.84,3.0,North,3,203,0,27,3,27,398.22,355.34,84.27,1,At-Risk Customer
TX-11855,CUST-1673,2026-07-27,18,Furniture,1,539.85,5.0,278.36,6469.18,3.9,North,2,443,0,7,4,9,591.0,512.86,128.46,0,Regular Customer
TX-11856,CUST-1572,2025-09-10,32,Grocery,4,15.26,15.0,12.02,4799.13,4.2,East,2,138,0,47,7,103,112.11,51.88,-77.18,0,Loyal Customer
TX-11857,CUST-1205,2026-07-07,45,Furniture,2,1089.68,15.0,658.09,2925.48,5.0,North,2,30,0,5,6,12,1887.01,1852.46,483.39,0,Regular Customer
TX-11858,CUST-1683,2026-04-14,32,Fitness,2,565.04,10.0,267.86,5246.77,3.4,West,3,362,0,16,6,31,1087.88,1017.07,389.15,1,At-Risk Customer
TX-11859,CUST-1339,2026-06-06,45,Home & Kitchen,2,158.21,0.0,74.04,7415.47,3.8,East,4,213,0,31,4,38,362.46,316.42,39.11,0,Regular Customer
TX-11860,CUST-1428,2026-01-29,25,Furniture,1,620.45,20.0,311.81,4975.76,4.5,North,1,204,0,17,2,14,561.35,496.36,105.41,0,Regular Customer
TX-11861,CUST-1043,2026-04-24,42,Furniture,1,749.87,10.0,388.48,3110.6,5.0,North,1,236,0,33,4,44,721.28,674.88,235.24,0,High Value Customer
TX-11862,CUST-1709,2025-12-09,45,Grocery,6,49.29,15.0,42.24,7640.14,4.5,South,7,150,0,20,10,62,285.15,251.38,-148.16,0,Loyal Customer
TX-11863,CUST-1752,2026-01-30,50,Fitness,1,461.35,15.0,264.71,6299.32,4.4,West,4,52,0,29,7,66,431.87,392.15,14.95,0,High Value Customer
TX-11864,CUST-1188,2025-08-17,36,Clothing,6,155.0,10.0,61.83,4448.79,2.8,North,2,208,1,18,5,34,904.36,837.0,-44.0,1,At-Risk Customer
TX-11865,CUST-1030,2026-05-25,20,Electronics,1,421.49,0.0,303.2,5558.5,3.8,South,3,395,0,2,7,11,496.45,421.49,21.41,1,At-Risk Customer
TX-11866,CUST-1199,2026-07-03,59,Home & Kitchen,2,285.74,5.0,138.02,3335.28,3.5,East,5,62,1,17,4,25,590.63,542.91,-57.5,1,At-Risk Customer
TX-11867,CUST-1030,2025-11-23,43,Furniture,2,292.6,10.0,188.48,7515.65,3.9,East,2,253,0,32,2,26,551.09,526.68,27.99,0,Regular Customer
TX-11868,CUST-1268,2025-11-11,47,Clothing,3,214.84,5.0,98.97,6091.88,4.8,South,4,160,0,16,3,20,640.95,612.29,206.01,0,Regular Customer
TX-11869,CUST-1022,2025-11-12,34,Clothing,3,146.28,5.0,63.75,7597.47,2.6,North,4,440,1,3,5,13,492.77,416.9,-53.0,1,At-Risk Customer
TX-11870,CUST-1693,2025-10-23,38,Grocery,4,64.45,5.0,54.61,4986.94,4.1,North,4,88,0,27,6,54,281.4,244.91,-66.33,0,Loyal Customer
TX-11871,CUST-1215,2026-01-17,41,Grocery,2,28.86,5.0,21.48,5115.64,2.6,South,3,286,0,25,3,27,81.75,54.83,-78.36,1,At-Risk Customer
TX-11872,CUST-1381,2026-07-18,20,Furniture,1,1118.1,0.0,586.6,7650.97,3.6,West,1,160,0,33,4,46,1168.32,1118.1,412.24,0,Regular Customer
TX-11873,CUST-1066,2025-10-13,42,Furniture,1,964.04,15.0,510.59,1322.36,3.7,South,6,122,0,48,5,72,895.28,819.43,262.01,1,At-Risk Customer
TX-11874,CUST-1196,2026-05-13,30,Grocery,4,19.0,10.0,13.77,7392.71,2.7,East,1,128,0,5,4,13,124.66,68.4,-102.07,1,At-Risk Customer
TX-11875,CUST-1439,2026-07-05,45,Furniture,1,701.02,0.0,379.64,4570.28,2.9,North,3,129,0,10,3,13,759.49,701.02,239.33,1,At-Risk Customer
TX-11876,CUST-1601,2025-11-18,46,Home & Kitchen,2,292.46,5.0,157.44,3130.17,4.7,East,5,253,0,26,4,30,634.63,555.67,171.34,0,Regular Customer
TX-11877,CUST-1335,2025-12-18,45,Electronics,1,1934.82,0.0,1278.97,3243.12,3.9,East,2,173,0,22,1,9,1998.41,1934.82,598.2,0,Regular Customer
TX-11878,CUST-1520,2026-06-09,49,Grocery,2,37.88,15.0,27.69,3392.86,3.5,South,3,167,0,30,4,39,95.37,64.4,-55.38,1,At-Risk Customer
TX-11879,CUST-1481,2026-07-19,31,Home & Kitchen,1,185.84,0.0,86.55,1740.46,3.5,North,2,280,0,2,7,7,260.97,185.84,64.18,1,At-Risk Customer
TX-11880,CUST-1397,2026-07-10,33,Home & Kitchen,2,414.14,25.0,173.82,6161.75,5.0,East,4,189,0,8,11,26,683.07,621.21,163.14,0,Regular Customer
TX-11881,CUST-1475,2025-11-13,39,Clothing,2,175.33,25.0,93.61,3972.2,3.9,East,2,397,0,15,8,41,302.42,263.0,7.19,0,Regular Customer
TX-11882,CUST-1494,2026-04-24,45,Grocery,4,19.38,0.0,14.92,4885.91,5.0,East,3,331,0,21,2,17,150.12,77.52,-68.95,0,Regular Customer
TX-11883,CUST-1653,2026-06-08,42,Fitness,2,349.51,15.0,205.19,687.28,2.5,North,4,352,0,19,3,17,639.59,594.17,155.48,1,At-Risk Customer
TX-11884,CUST-1207,2026-04-02,47,Furniture,1,265.64,10.0,169.1,2041.49,3.7,West,5,78,0,32,2,27,271.7,239.08,16.85,1,At-Risk Customer
TX-11885,CUST-1435,2026-02-23,54,Home & Kitchen,5,395.45,20.0,170.55,7721.37,4.3,South,5,395,0,23,7,48,1613.61,1581.8,590.73,0,High Value Customer
TX-11886,CUST-1383,2025-12-22,38,Home & Kitchen,3,138.76,0.0,79.06,5331.05,5.0,North,4,383,0,31,2,26,490.18,416.28,81.13,0,Regular Customer
TX-11887,CUST-1086,2026-01-12,32,Grocery,4,29.71,5.0,22.65,4748.23,4.9,East,4,36,0,29,6,55,174.61,112.9,-66.93,0,Loyal Customer
TX-11888,CUST-1042,2026-04-09,18,Home & Kitchen,2,422.75,10.0,221.98,6112.27,4.3,East,3,363,0,26,6,49,785.88,760.95,211.81,0,High Value Customer
TX-11889,CUST-1478,2026-03-23,53,Grocery,6,37.88,0.0,26.83,1562.95,4.9,East,1,299,0,22,3,21,248.61,227.28,38.36,0,Regular Customer
TX-11890,CUST-1324,2025-12-31,29,Grocery,15,57.62,30.0,48.47,4622.13,5.0,North,2,296,0,20,2,13,626.08,605.01,-200.37,0,Regular Customer
TX-11891,CUST-1239,2025-12-27,29,Fitness,3,237.76,10.0,125.74,804.57,4.5,North,3,215,0,1,4,7,670.29,641.95,239.16,0,Regular Customer
TX-11892,CUST-1084,2026-01-11,28,Home & Kitchen,1,236.03,5.0,138.42,667.81,3.8,North,4,405,0,34,3,36,285.95,224.23,57.79,0,Regular Customer
TX-11893,CUST-1233,2025-10-03,20,Electronics,1,868.29,10.0,535.4,1388.97,4.2,North,4,39,0,23,7,53,835.49,781.46,207.23,0,High Value Customer
TX-11894,CUST-1559,2025-11-24,29,Clothing,2,184.4,15.0,101.09,2345.82,4.9,South,3,393,0,18,7,39,367.2,313.48,62.61,0,High Value Customer
TX-11895,CUST-1256,2026-01-15,47,Fitness,1,177.62,0.0,107.09,6045.34,5.0,East,3,333,0,1,5,3,231.57,177.62,-33.65,0,Regular Customer
TX-11896,CUST-1618,2025-10-23,34,Fitness,2,492.25,10.0,226.48,6866.55,5.0,East,4,374,1,12,2,9,921.75,886.05,-53.0,0,Regular Customer
TX-11897,CUST-1306,2026-01-05,44,Clothing,3,229.28,5.0,116.29,4602.23,3.4,West,2,271,0,16,3,19,707.44,653.45,226.54,1,At-Risk Customer
TX-11898,CUST-1593,2026-07-15,24,Electronics,5,1423.39,20.0,1097.94,6553.09,4.3,West,2,39,0,14,4,23,5740.3,5693.56,96.56,0,Regular Customer
TX-11899,CUST-1779,2025-10-29,19,Grocery,6,79.0,0.0,62.06,4356.03,3.9,South,2,319,0,12,1,11,546.17,474.0,27.3,1,At-Risk Customer
TX-11900,CUST-1767,2025-11-29,22,Grocery,4,64.18,5.0,46.54,3311.98,3.6,South,5,40,0,1,4,5,269.32,243.88,-14.46,1,At-Risk Customer
TX-11901,CUST-1565,2026-04-10,45,Fitness,1,426.07,15.0,215.31,5281.94,4.9,West,4,301,0,31,6,59,414.7,362.16,49.62,0,High Value Customer
TX-11902,CUST-1087,2026-01-21,18,Furniture,1,599.2,0.0,391.43,5502.34,4.1,West,2,284,0,30,3,26,671.11,599.2,116.23,0,Regular Customer
TX-11903,CUST-1714,2026-03-15,36,Furniture,2,176.2,0.0,91.82,1620.63,4.9,West,4,150,0,29,7,62,410.72,352.4,126.45,0,High Value Customer
TX-11904,CUST-1571,2025-08-29,48,Clothing,1,45.87,5.0,23.2,6960.77,3.5,South,3,151,0,9,9,26,99.98,43.58,-97.54,1,At-Risk Customer
TX-11905,CUST-1131,2026-01-17,18,Fitness,3,171.45,15.0,101.81,1400.29,5.0,North,5,298,0,21,1,13,477.02,437.2,88.26,0,Regular Customer
TX-11906,CUST-1674,2026-02-11,28,Clothing,3,157.49,5.0,71.17,3956.18,3.6,South,3,19,0,20,6,36,471.24,448.85,162.49,1,At-Risk Customer
TX-11907,CUST-1702,2026-03-08,32,Fitness,1,117.65,0.0,76.38,2836.57,4.6,East,2,178,0,20,2,12,175.81,117.65,-10.28,0,Regular Customer
TX-11908,CUST-1023,2026-05-31,33,Electronics,1,1584.3,0.0,1160.37,551.49,3.7,South,6,266,0,40,5,61,1638.65,1584.3,388.66,1,At-Risk Customer
TX-11909,CUST-1338,2026-05-31,42,Fitness,1,184.86,15.0,83.31,1304.61,4.7,West,4,202,0,1,2,3,206.39,157.13,36.25,0,Regular Customer
TX-11910,CUST-1209,2026-03-02,18,Electronics,2,1273.89,0.0,918.72,6518.45,4.1,West,4,159,0,1,4,7,2570.57,2547.78,594.56,0,Regular Customer
TX-11911,CUST-1111,2026-01-29,34,Home & Kitchen,2,397.23,5.0,203.0,803.84,3.3,West,5,421,0,37,3,38,797.98,754.74,314.18,1,At-Risk Customer
TX-11912,CUST-1311,2025-09-30,49,Furniture,3,827.25,10.0,512.25,6756.38,4.9,North,1,118,0,24,2,18,2288.96,2233.58,590.98,0,Regular Customer
TX-11913,CUST-1181,2025-08-30,66,Fitness,2,44.53,5.0,20.9,1309.34,3.0,West,1,72,1,10,4,18,138.66,84.61,-39.5,1,At-Risk Customer
TX-11914,CUST-1203,2025-09-18,40,Grocery,4,59.69,0.0,45.75,6218.14,3.9,East,1,315,0,16,3,17,259.93,238.76,-42.01,0,Regular Customer
TX-11915,CUST-1298,2026-07-17,57,Home & Kitchen,1,97.09,15.0,45.3,1959.95,4.8,North,5,165,0,23,5,34,105.12,82.53,-14.67,0,Loyal Customer
TX-11916,CUST-1377,2026-05-06,39,Electronics,2,1758.76,5.0,1318.48,5583.03,4.2,South,4,90,0,34,3,32,3403.48,3341.64,602.94,0,Regular Customer
TX-11917,CUST-1420,2026-03-02,31,Furniture,2,1021.94,0.0,578.84,5414.32,4.7,North,3,141,0,44,7,95,2103.9,2043.88,791.49,0,High Value Customer
TX-11918,CUST-1428,2026-04-15,29,Fitness,1,574.49,15.0,279.95,2384.66,3.4,North,3,421,0,17,3,15,516.96,488.32,159.1,1,At-Risk Customer
TX-11919,CUST-1211,2025-10-19,36,Furniture,1,270.49,10.0,146.0,1863.48,4.5,East,4,265,0,11,5,22,294.77,243.44,51.49,0,Regular Customer
TX-11920,CUST-1726,2026-07-20,23,Grocery,10,14.36,25.0,10.17,1367.64,4.1,South,2,435,0,7,1,3,133.69,107.7,-23.51,0,Regular Customer
TX-11921,CUST-1317,2026-06-10,29,Furniture,3,546.43,15.0,350.68,6318.95,5.0,West,2,358,0,33,1,13,1445.6,1393.4,237.57,0,Regular Customer
TX-11922,CUST-1007,2025-10-26,43,Grocery,10,30.29,0.0,25.57,5877.13,4.6,North,4,154,0,21,8,51,377.93,302.9,-58.96,0,High Value Customer
TX-11923,CUST-1619,2025-12-18,33,Home & Kitchen,1,31.25,15.0,17.55,1614.52,3.3,East,5,317,0,13,4,15,90.32,26.56,-37.71,1,At-Risk Customer
TX-11924,CUST-1502,2026-04-06,35,Grocery,6,77.65,5.0,67.13,522.76,5.0,North,4,199,0,40,2,30,482.26,442.61,13.98,0,Regular Customer
TX-11925,CUST-1294,2026-07-10,40,Grocery,10,63.96,10.0,47.21,1321.44,3.7,East,4,440,0,20,3,20,625.61,575.64,65.72,1,At-Risk Customer
TX-11926,CUST-1728,2026-01-13,49,Grocery,4,73.72,0.0,53.95,4224.91,3.0,South,4,208,0,20,6,40,330.87,294.88,-2.29,1,At-Risk Customer
TX-11927,CUST-1183,2026-06-26,36,Fitness,3,519.63,15.0,254.13,6565.19,4.5,West,3,249,0,1,3,6,1367.41,1325.06,450.69,0,Regular Customer
TX-11928,CUST-1674,2025-11-15,35,Fitness,1,170.92,15.0,88.79,7724.19,3.9,North,4,241,0,9,4,17,174.72,145.28,-77.37,1,At-Risk Customer
TX-11929,CUST-1044,2025-12-14,43,Furniture,1,703.34,20.0,393.22,6167.0,3.5,East,4,335,0,19,3,25,631.43,562.67,58.95,1,At-Risk Customer
TX-11930,CUST-1550,2026-01-10,33,Fitness,1,467.44,15.0,260.4,4736.93,4.4,North,2,176,0,22,4,33,466.37,397.32,56.87,0,Regular Customer
TX-11931,CUST-1739,2025-12-03,37,Grocery,2,63.02,5.0,46.74,5747.1,3.6,West,3,226,0,1,3,1,195.98,119.74,-73.45,1,At-Risk Customer
TX-11932,CUST-1566,2025-10-15,42,Clothing,2,95.53,20.0,46.37,3103.31,3.5,North,4,193,0,26,7,61,225.79,152.85,-4.44,1,At-Risk Customer
TX-11933,CUST-1516,2026-01-27,33,Grocery,2,28.94,20.0,25.25,3923.26,3.5,West,3,375,0,15,4,22,80.15,46.3,-76.54,1,At-Risk Customer
TX-11934,CUST-1212,2026-04-30,29,Electronics,1,994.14,15.0,692.24,7450.37,3.6,West,5,235,1,21,5,32,899.51,845.02,-57.5,1,At-Risk Customer
TX-11935,CUST-1654,2026-08-04,33,Fitness,1,347.8,5.0,173.16,3413.18,2.0,West,1,303,0,20,3,18,388.99,330.41,101.55,1,At-Risk Customer
TX-11936,CUST-1763,2026-03-06,39,Furniture,3,1109.91,0.0,644.08,1550.51,3.8,West,1,338,1,4,5,11,3366.5,3329.73,-39.5,1,At-Risk Customer
TX-11937,CUST-1256,2025-10-11,24,Fitness,1,568.83,15.0,330.62,7460.66,4.0,South,2,323,0,14,1,10,546.48,483.51,31.98,0,Regular Customer
TX-11938,CUST-1766,2026-04-08,26,Grocery,4,32.51,10.0,23.26,7236.57,5.0,West,2,73,0,37,7,83,137.28,117.04,-93.55,0,Loyal Customer
TX-11939,CUST-1561,2026-07-16,50,Furniture,2,224.9,10.0,134.58,4382.11,5.0,West,2,438,0,26,4,31,434.82,404.82,60.93,0,Regular Customer
TX-11940,CUST-1285,2025-11-04,21,Furniture,1,439.01,5.0,281.19,7466.34,4.4,North,2,82,0,28,3,27,490.37,417.06,14.87,0,Regular Customer
TX-11941,CUST-1181,2026-01-11,37,Electronics,4,1062.47,0.0,811.47,2611.01,3.7,West,2,48,0,16,4,24,4298.92,4249.88,955.83,1,At-Risk Customer
TX-11942,CUST-1687,2025-08-19,56,Fitness,2,41.49,15.0,23.54,7169.23,3.8,East,1,273,0,11,5,21,113.67,70.53,-88.59,0,Regular Customer
TX-11943,CUST-1366,2025-11-13,54,Furniture,1,213.25,5.0,114.1,3282.93,2.8,North,2,401,0,30,3,32,264.42,202.59,30.24,1,At-Risk Customer
TX-11944,CUST-1545,2025-12-02,41,Grocery,4,53.03,15.0,40.52,5851.13,4.8,North,3,101,0,20,4,30,207.45,180.3,-83.04,0,Regular Customer
TX-11945,CUST-1535,2026-07-08,35,Fitness,2,371.32,5.0,191.13,7462.38,3.6,North,3,138,0,27,4,35,760.2,705.51,197.81,1,At-Risk Customer
TX-11946,CUST-1315,2026-03-29,31,Electronics,2,1765.62,0.0,1303.68,6641.63,2.1,North,1,98,1,27,3,30,3580.84,3531.24,-39.5,1,At-Risk Customer
TX-11947,CUST-1386,2025-11-25,32,Furniture,2,836.38,0.0,497.81,4945.44,4.3,East,5,217,0,22,3,22,1730.58,1672.76,580.46,0,Regular Customer
TX-11948,CUST-1204,2025-09-29,25,Electronics,2,302.64,10.0,218.61,6944.17,4.2,West,3,136,1,33,8,79,623.29,544.75,-48.5,1,High Value Customer
TX-11949,CUST-1014,2026-02-02,31,Furniture,2,320.4,5.0,223.6,2367.33,3.8,North,3,280,0,24,3,24,688.24,608.76,112.55,0,Regular Customer
TX-11950,CUST-1098,2026-07-20,37,Furniture,1,214.89,0.0,133.99,1935.09,4.6,South,5,32,1,1,9,5,238.12,214.89,-57.5,1,At-Risk Customer
TX-11951,CUST-1524,2025-10-08,36,Clothing,3,63.89,0.0,31.06,6473.71,5.0,East,1,213,0,17,6,30,262.36,191.67,-3.12,0,Regular Customer
TX-11952,CUST-1194,2026-06-29,22,Furniture,3,457.09,15.0,273.78,6407.85,3.7,West,1,193,0,12,6,28,1198.41,1165.58,243.62,0,Regular Customer
TX-11953,CUST-1123,2025-12-10,26,Furniture,2,304.49,5.0,194.72,1921.23,3.6,North,2,181,0,3,7,9,608.59,578.53,151.27,1,At-Risk Customer
TX-11954,CUST-1177,2025-08-21,20,Grocery,6,16.08,5.0,13.06,6916.24,3.3,East,1,290,1,28,2,25,163.87,91.66,-39.5,1,At-Risk Customer
TX-11955,CUST-1217,2026-04-05,38,Furniture,2,726.4,0.0,457.93,2754.48,4.3,North,3,76,0,4,5,8,1487.54,1452.8,482.12,0,Regular Customer
TX-11956,CUST-1285,2026-07-12,33,Home & Kitchen,2,291.23,25.0,126.66,6405.7,4.6,East,2,34,1,45,7,97,495.91,436.85,-44.0,0,High Value Customer
TX-11957,CUST-1223,2026-03-12,33,Clothing,3,214.35,0.0,117.76,3265.66,2.7,West,4,26,0,24,6,50,679.16,643.05,222.79,1,At-Risk Customer
TX-11958,CUST-1104,2026-08-13,18,Home & Kitchen,5,156.86,20.0,71.02,6625.84,2.9,South,2,162,0,13,3,16,668.73,627.44,163.95,1,At-Risk Customer
TX-11959,CUST-1097,2026-06-17,43,Clothing,1,230.45,10.0,87.36,507.7,5.0,West,3,402,0,37,9,97,241.52,207.41,98.93,0,Loyal Customer
TX-11960,CUST-1789,2026-08-04,32,Furniture,1,298.76,15.0,168.73,6824.42,4.0,East,3,266,0,17,8,46,278.42,253.95,-30.65,0,Regular Customer
TX-11961,CUST-1779,2026-08-01,22,Clothing,4,190.83,5.0,95.08,599.82,4.1,West,3,330,1,1,4,10,771.51,725.15,-48.5,1,At-Risk Customer
TX-11962,CUST-1018,2026-06-21,42,Home & Kitchen,2,76.82,0.0,38.24,6443.73,4.9,West,3,302,0,1,2,8,193.62,153.64,-33.0,0,Regular Customer
TX-11963,CUST-1655,2025-12-11,46,Home & Kitchen,2,354.65,20.0,150.61,1838.77,2.7,North,1,241,0,29,4,39,601.76,567.44,234.14,1,At-Risk Customer
TX-11964,CUST-1631,2025-10-16,30,Clothing,4,202.5,0.0,93.0,5820.55,4.2,South,2,248,0,18,2,13,875.84,810.0,341.69,0,Regular Customer
TX-11965,CUST-1775,2025-12-16,24,Home & Kitchen,1,214.84,5.0,98.52,692.78,3.5,North,1,366,1,14,5,27,253.47,204.1,-39.5,1,At-Risk Customer
TX-11966,CUST-1383,2026-04-26,57,Clothing,1,33.43,5.0,15.62,4247.63,4.3,South,4,420,0,8,2,11,51.91,31.76,-65.58,0,Regular Customer
TX-11967,CUST-1209,2026-07-08,38,Electronics,3,724.92,15.0,479.12,4191.86,3.6,South,2,223,0,22,4,28,1898.52,1848.55,339.31,1,At-Risk Customer
TX-11968,CUST-1612,2026-03-29,54,Fitness,2,279.24,25.0,125.82,2427.2,4.1,East,3,290,0,35,3,33,478.41,418.86,117.31,0,Regular Customer
TX-11969,CUST-1325,2026-07-09,39,Electronics,1,854.23,5.0,623.05,6545.69,4.5,West,5,290,0,24,2,17,857.53,811.52,67.78,0,Regular Customer
TX-11970,CUST-1295,2025-08-26,24,Furniture,2,529.29,10.0,335.24,4331.23,4.2,East,1,337,0,4,3,10,995.78,952.72,212.77,0,Regular Customer
TX-11971,CUST-1210,2026-05-17,29,Electronics,1,458.15,20.0,297.65,7897.69,4.0,South,4,84,0,29,5,45,406.53,366.52,-67.6,0,High Value Customer
TX-11972,CUST-1712,2025-12-05,38,Home & Kitchen,2,314.13,5.0,126.02,5794.04,4.7,West,3,399,0,19,8,51,641.98,596.85,244.4,0,High Value Customer
TX-11973,CUST-1187,2026-03-28,46,Fitness,1,179.51,0.0,109.58,4454.7,4.0,North,3,399,1,18,4,27,237.35,179.51,-48.5,1,At-Risk Customer
TX-11974,CUST-1503,2025-09-18,49,Furniture,2,1059.28,15.0,612.87,2752.06,4.8,North,4,92,0,5,4,10,1845.25,1800.78,515.76,0,Regular Customer
TX-11975,CUST-1144,2025-11-26,53,Furniture,1,799.31,5.0,413.38,6025.5,3.7,North,3,30,0,40,3,42,819.59,759.34,242.08,0,Regular Customer
TX-11976,CUST-1562,2025-11-26,45,Furniture,1,1055.74,5.0,728.84,3953.48,4.7,North,5,350,0,28,6,53,1046.92,1002.95,192.31,0,High Value Customer
TX-11977,CUST-1478,2026-01-20,26,Furniture,1,758.69,0.0,436.02,6259.0,3.7,South,1,384,0,4,5,11,781.02,758.69,224.29,1,At-Risk Customer
TX-11978,CUST-1180,2026-06-20,27,Furniture,3,895.86,25.0,517.82,3628.33,4.3,East,7,86,0,7,3,12,2047.78,2015.68,376.3,0,Regular Customer
TX-11979,CUST-1459,2026-07-05,36,Furniture,1,155.77,10.0,99.99,2474.03,3.2,East,4,131,0,9,5,19,182.74,140.19,-14.91,1,At-Risk Customer
TX-11980,CUST-1492,2025-09-23,26,Clothing,2,160.82,15.0,76.82,7007.39,3.8,West,2,417,0,29,1,10,307.68,273.39,5.64,1,At-Risk Customer
TX-11981,CUST-1482,2026-03-27,24,Grocery,2,61.89,0.0,43.5,1515.84,4.5,West,4,417,0,23,6,45,187.93,123.78,-3.96,0,Loyal Customer
TX-11982,CUST-1493,2025-08-24,28,Grocery,4,9.9,5.0,7.47,5385.95,4.3,West,4,242,0,8,1,10,115.31,37.62,-91.05,0,Regular Customer
TX-11983,CUST-1777,2026-01-14,52,Home & Kitchen,2,51.81,15.0,28.48,6568.86,5.0,South,1,99,0,22,2,15,135.64,88.08,-71.92,0,Regular Customer
TX-11984,CUST-1179,2025-12-23,18,Grocery,4,30.77,30.0,22.7,3220.34,4.4,West,5,420,0,36,3,32,134.92,86.16,-75.45,0,Regular Customer
TX-11985,CUST-1290,2026-02-22,37,Home & Kitchen,1,257.35,5.0,136.26,6510.2,3.8,West,4,209,1,39,2,25,274.6,244.48,-53.0,1,At-Risk Customer
TX-11986,CUST-1139,2026-04-11,36,Furniture,2,475.51,0.0,239.21,7044.0,4.1,South,3,17,0,14,6,31,984.7,951.02,353.44,0,Regular Customer
TX-11987,CUST-1004,2025-08-20,40,Home & Kitchen,2,247.26,15.0,124.2,6066.95,4.6,East,3,66,0,33,4,46,441.29,420.34,67.44,0,High Value Customer
TX-11988,CUST-1425,2026-03-04,28,Fitness,1,222.9,20.0,112.87,5277.33,3.5,East,4,189,0,15,7,37,216.44,178.32,-31.71,1,At-Risk Customer
TX-11989,CUST-1315,2026-07-08,33,Home & Kitchen,2,102.66,15.0,57.6,1460.78,2.6,North,1,148,0,9,1,10,250.13,174.52,32.91,1,At-Risk Customer
TX-11990,CUST-1039,2025-10-16,53,Grocery,2,31.95,5.0,23.87,7950.73,4.0,South,5,190,0,26,8,66,140.24,60.7,-128.8,0,Loyal Customer
TX-11991,CUST-1446,2025-12-22,40,Fitness,2,244.49,0.0,119.54,7672.16,5.0,East,4,82,0,21,1,15,557.6,488.98,116.82,0,Regular Customer
TX-11992,CUST-1500,2026-07-05,36,Fitness,1,358.62,20.0,189.56,1137.94,3.0,East,2,206,0,9,4,16,344.93,286.9,71.27,1,At-Risk Customer
TX-11993,CUST-1666,2026-02-27,30,Grocery,6,15.93,10.0,13.88,2918.65,3.8,South,2,243,0,18,5,26,110.49,86.02,-50.04,0,Regular Customer
TX-11994,CUST-1035,2026-02-15,44,Fitness,1,551.99,10.0,249.59,6863.57,4.2,North,1,54,0,27,3,24,554.81,496.79,139.75,0,Regular Customer
TX-11995,CUST-1660,2025-10-28,45,Clothing,2,88.8,10.0,38.07,6278.43,2.9,West,3,341,0,37,5,60,208.81,159.84,-23.98,1,At-Risk Customer
TX-11996,CUST-1150,2025-12-22,32,Furniture,1,1149.15,10.0,625.44,7221.97,5.0,South,5,94,1,34,3,35,1108.11,1034.24,-57.5,0,Regular Customer
TX-11997,CUST-1789,2025-09-30,46,Fitness,1,109.53,20.0,52.25,2074.76,4.6,West,3,325,0,46,5,67,113.56,87.62,-9.25,0,Loyal Customer
TX-11998,CUST-1600,2025-09-24,42,Home & Kitchen,2,162.18,15.0,82.58,1902.95,4.9,South,2,96,0,14,6,27,337.77,275.71,73.0,0,Regular Customer
TX-11999,CUST-1169,2026-03-20,21,Clothing,1,136.29,5.0,67.46,1377.71,4.7,East,7,103,0,32,8,74,168.82,129.48,9.85,0,Loyal Customer
TX-12000,CUST-1545,2026-07-17,62,Grocery,4,71.6,15.0,60.07,4620.43,3.2,East,2,24,0,36,3,39,291.88,243.44,-75.15,1,At-Risk Customer
TX-12001,CUST-1770,2025-09-28,49,Electronics,1,1830.77,5.0,1333.95,850.63,3.7,East,5,402,0,3,5,5,1765.98,1739.23,370.02,1,At-Risk Customer
TX-12002,CUST-1275,2025-11-29,41,Fitness,1,358.74,5.0,195.18,7924.29,5.0,West,3,139,0,6,6,11,415.95,340.8,13.26,0,Regular Customer
TX-12003,CUST-1006,2025-11-08,40,Grocery,15,21.53,10.0,17.9,2455.23,4.8,North,6,449,1,28,6,51,330.94,290.66,-62.0,0,Loyal Customer
TX-12004,CUST-1792,2026-08-05,25,Grocery,10,41.74,20.0,36.54,4292.37,3.0,West,1,76,0,21,3,26,401.72,333.92,-100.37,1,At-Risk Customer
TX-12005,CUST-1750,2026-03-22,36,Furniture,2,310.71,0.0,166.27,5464.16,4.4,South,3,83,0,5,4,11,672.56,621.42,193.42,0,Regular Customer
TX-12006,CUST-1720,2025-10-21,34,Furniture,2,619.1,0.0,323.48,1081.5,4.7,West,4,300,0,10,3,14,1297.77,1238.2,557.02,0,Regular Customer
TX-12007,CUST-1112,2026-04-01,55,Home & Kitchen,2,242.38,20.0,136.58,4142.36,4.9,South,2,350,0,36,5,52,434.69,387.81,43.51,0,High Value Customer
TX-12008,CUST-1060,2025-11-15,40,Furniture,1,538.28,0.0,355.16,3091.89,3.9,East,1,382,0,33,8,77,612.83,538.28,132.24,0,Loyal Customer
TX-12009,CUST-1418,2026-03-27,18,Fitness,3,429.53,10.0,208.94,1006.77,5.0,North,5,295,0,22,2,14,1194.82,1159.73,495.31,0,Regular Customer
TX-12010,CUST-1170,2025-09-23,28,Clothing,2,38.42,20.0,15.78,7863.11,5.0,North,2,211,0,3,4,9,104.53,61.47,-97.03,0,Regular Customer
TX-12011,CUST-1283,2025-09-15,23,Clothing,4,83.49,15.0,43.56,6281.9,4.5,North,6,229,0,16,3,19,339.82,283.87,-11.6,0,Regular Customer
TX-12012,CUST-1489,2026-04-19,51,Fitness,1,326.8,10.0,207.16,5542.98,3.4,North,3,210,1,25,4,34,323.58,294.12,-48.5,1,At-Risk Customer
TX-12013,CUST-1272,2025-08-17,30,Fitness,1,558.95,0.0,349.08,7290.48,3.9,North,3,342,0,30,4,36,629.24,558.95,87.01,0,Regular Customer
TX-12014,CUST-1534,2025-08-17,18,Grocery,4,49.98,15.0,37.36,1656.99,4.0,East,6,369,0,19,1,9,206.22,169.93,-31.36,1,At-Risk Customer
TX-12015,CUST-1484,2026-02-02,52,Home & Kitchen,1,57.54,10.0,26.41,4148.62,2.9,West,3,21,0,41,5,59,97.02,51.79,-50.35,1,At-Risk Customer
TX-12016,CUST-1698,2026-02-05,36,Clothing,2,130.56,5.0,69.22,3688.98,4.5,South,3,313,0,22,3,27,301.86,248.06,40.79,0,Regular Customer
TX-12017,CUST-1681,2026-03-06,44,Grocery,4,15.14,15.0,11.51,2815.88,3.1,North,3,313,0,20,5,29,130.37,51.48,-50.3,1,At-Risk Customer
TX-12018,CUST-1338,2025-10-04,31,Electronics,1,1301.57,5.0,836.2,2657.34,3.7,West,2,86,0,15,1,5,1276.56,1236.49,351.43,1,At-Risk Customer
TX-12019,CUST-1411,2025-10-24,27,Electronics,4,1315.35,0.0,919.88,3555.33,3.7,North,4,371,0,1,2,1,5308.27,5261.4,1510.55,1,At-Risk Customer
TX-12020,CUST-1286,2026-08-07,46,Furniture,2,371.44,10.0,201.88,3160.16,4.0,East,1,424,0,21,4,32,700.89,668.59,212.93,0,Regular Customer
TX-12021,CUST-1702,2026-07-17,47,Grocery,10,37.22,5.0,30.26,4762.55,3.2,West,4,18,0,31,5,49,420.33,353.59,-38.45,1,At-Risk Customer
TX-12022,CUST-1003,2026-07-06,47,Clothing,1,241.82,20.0,96.91,2439.87,4.8,North,3,420,0,21,4,32,230.98,193.46,46.45,0,Regular Customer
TX-12023,CUST-1046,2026-01-27,45,Fitness,1,113.62,5.0,62.24,6291.42,5.0,West,3,62,0,13,5,27,168.84,107.94,-62.17,0,Regular Customer
TX-12024,CUST-1496,2026-03-06,28,Fitness,1,456.28,15.0,224.37,7582.35,4.3,North,4,306,0,52,6,90,441.9,387.84,31.73,0,High Value Customer
TX-12025,CUST-1487,2026-07-17,26,Fitness,2,170.65,10.0,76.9,6572.33,3.1,North,4,32,0,16,3,21,363.45,307.17,36.79,1,At-Risk Customer
TX-12026,CUST-1300,2026-06-20,36,Furniture,4,784.42,5.0,507.13,2917.92,3.7,South,5,331,0,9,1,9,3023.35,2980.8,886.01,1,At-Risk Customer
TX-12027,CUST-1585,2026-04-29,43,Electronics,2,1481.81,0.0,948.93,6663.81,3.6,South,2,37,0,1,2,1,3038.06,2963.62,956.8,1,At-Risk Customer
TX-12028,CUST-1089,2026-01-15,23,Fitness,1,105.98,0.0,65.73,1981.37,5.0,West,2,232,0,18,3,21,149.39,105.98,1.53,0,Regular Customer
TX-12029,CUST-1456,2025-10-12,21,Grocery,6,12.08,0.0,9.02,3367.43,3.7,South,4,109,0,20,6,35,118.42,72.48,-50.15,1,At-Risk Customer
TX-12030,CUST-1174,2026-07-17,25,Fitness,1,153.15,0.0,76.11,4248.28,4.2,North,5,279,0,24,6,50,189.74,153.15,-9.18,0,Loyal Customer
TX-12031,CUST-1732,2025-08-28,27,Furniture,2,859.03,0.0,449.88,4793.52,4.7,East,4,300,0,10,2,8,1753.1,1718.06,728.4,0,Regular Customer
TX-12032,CUST-1784,2026-01-04,59,Furniture,2,780.26,15.0,471.46,7992.25,3.6,East,3,136,0,19,3,17,1402.94,1326.44,250.14,1,At-Risk Customer
TX-12033,CUST-1686,2025-10-16,46,Fitness,1,144.61,0.0,77.99,7574.57,3.8,South,3,335,0,36,5,52,182.7,144.61,-60.5,0,Loyal Customer
TX-12034,CUST-1648,2026-04-22,29,Electronics,1,961.34,20.0,644.54,1351.16,4.7,East,5,447,0,23,3,24,808.08,769.07,81.76,0,Regular Customer
TX-12035,CUST-1589,2026-06-17,55,Electronics,2,1318.86,5.0,855.89,2186.91,4.9,East,3,219,0,24,5,38,2555.0,2505.83,747.75,0,High Value Customer
TX-12036,CUST-1734,2026-02-25,39,Fitness,1,535.85,20.0,286.29,3447.29,5.0,West,2,281,0,30,4,36,499.96,428.68,81.68,0,High Value Customer
TX-12037,CUST-1228,2025-12-24,47,Electronics,1,322.21,20.0,214.54,4064.84,3.8,East,3,441,1,1,7,6,315.69,257.77,-48.5,1,At-Risk Customer
TX-12038,CUST-1091,2026-02-04,49,Fitness,3,104.52,5.0,57.96,2711.95,4.6,South,1,232,0,25,4,32,344.62,297.88,78.82,0,Regular Customer
TX-12039,CUST-1118,2026-06-03,33,Clothing,1,28.4,10.0,10.36,2140.99,2.6,South,6,160,0,5,1,9,103.28,25.56,-43.91,1,At-Risk Customer
TX-12040,CUST-1389,2026-06-05,44,Fitness,1,121.05,25.0,56.25,2751.52,4.4,North,1,248,0,9,6,23,128.28,90.79,-11.24,0,Regular Customer
TX-12041,CUST-1604,2026-05-15,54,Furniture,1,1136.33,15.0,752.09,3588.1,3.4,West,3,194,0,4,5,7,1042.99,965.88,146.47,1,At-Risk Customer
TX-12042,CUST-1327,2026-02-16,26,Fitness,2,549.21,0.0,256.95,4414.83,4.9,South,2,372,0,1,2,2,1119.75,1098.42,509.3,0,Regular Customer
TX-12043,CUST-1616,2026-06-12,40,Furniture,2,240.76,15.0,168.09,2507.61,3.1,North,3,97,0,16,6,31,432.06,409.29,22.0,1,At-Risk Customer
TX-12044,CUST-1551,2026-04-06,53,Clothing,1,241.39,5.0,97.4,915.8,4.1,South,5,436,0,3,11,14,300.92,229.32,95.68,0,Regular Customer
TX-12045,CUST-1303,2025-12-04,32,Grocery,15,38.54,25.0,27.81,2408.31,5.0,West,2,46,0,27,6,49,487.65,433.58,-28.7,0,High Value Customer
TX-12046,CUST-1290,2025-10-27,31,Fitness,1,71.11,10.0,37.79,6375.42,3.4,North,1,292,0,17,4,27,105.2,64.0,-73.92,1,At-Risk Customer
TX-12047,CUST-1316,2026-04-28,34,Fitness,1,525.69,15.0,338.53,2437.68,3.7,North,4,379,0,1,3,5,505.73,446.84,53.74,1,At-Risk Customer
TX-12048,CUST-1723,2026-06-03,42,Grocery,6,24.32,25.0,17.68,7087.19,4.7,South,3,392,0,31,6,57,142.12,109.44,-116.45,0,Loyal Customer
TX-12049,CUST-1721,2026-02-22,42,Electronics,3,1323.43,20.0,926.79,2292.23,3.4,East,5,93,0,22,3,19,3223.98,3176.23,338.98,1,At-Risk Customer
TX-12050,CUST-1733,2025-11-29,33,Fitness,1,68.57,10.0,40.03,1327.42,4.1,South,5,398,0,13,2,10,110.38,61.71,-20.73,0,Regular Customer
TX-12051,CUST-1053,2025-11-13,34,Grocery,2,54.37,0.0,43.82,7476.15,4.4,West,4,442,0,8,6,21,184.07,108.74,-109.04,0,Regular Customer
TX-12052,CUST-1675,2025-11-03,25,Electronics,2,1515.24,15.0,1096.73,722.68,5.0,West,4,29,0,12,6,29,2654.67,2575.91,353.61,0,Regular Customer
TX-12053,CUST-1694,2026-04-13,18,Clothing,2,58.89,15.0,22.3,4733.47,3.4,West,2,321,0,29,3,32,121.37,100.11,-24.49,1,At-Risk Customer
TX-12054,CUST-1540,2026-01-05,18,Clothing,1,124.03,0.0,45.5,2222.8,4.1,South,4,100,0,40,5,59,154.76,124.03,27.19,0,Loyal Customer
TX-12055,CUST-1561,2026-03-03,35,Electronics,2,2178.39,20.0,1649.69,4956.27,3.7,South,1,186,0,14,3,18,3549.17,3485.42,107.2,1,At-Risk Customer
TX-12056,CUST-1594,2025-09-10,45,Fitness,1,573.09,5.0,322.14,2271.53,3.8,East,3,126,0,4,4,8,577.24,544.44,174.72,1,At-Risk Customer
TX-12057,CUST-1167,2026-06-05,33,Furniture,1,1141.15,15.0,681.72,4770.08,4.0,West,3,440,0,12,3,17,990.31,969.98,203.21,0,Regular Customer
TX-12058,CUST-1298,2025-10-27,22,Furniture,1,982.89,15.0,658.85,5113.52,3.9,South,4,408,0,28,7,63,856.38,835.46,81.9,0,Loyal Customer
TX-12059,CUST-1200,2026-07-13,22,Electronics,2,1918.61,5.0,1410.19,2419.01,3.9,East,6,164,0,15,6,31,3693.9,3645.36,761.69,1,At-Risk Customer
TX-12060,CUST-1589,2025-10-05,25,Fitness,1,142.42,5.0,66.86,2338.07,4.0,South,4,157,0,9,4,11,198.12,135.3,15.37,0,Regular Customer
TX-12061,CUST-1437,2026-07-27,46,Furniture,3,1192.27,5.0,668.05,4552.15,2.7,North,5,368,1,17,2,16,3424.29,3397.97,-57.5,1,At-Risk Customer
TX-12062,CUST-1485,2025-11-13,44,Electronics,2,1996.1,0.0,1349.14,3591.6,3.2,North,5,287,0,4,3,11,4032.33,3992.2,1217.55,1,At-Risk Customer
TX-12063,CUST-1665,2026-02-03,35,Home & Kitchen,1,421.82,5.0,186.68,2269.73,5.0,West,3,74,0,27,6,52,428.7,400.73,166.5,0,High Value Customer
TX-12064,CUST-1642,2026-03-08,43,Furniture,1,335.53,10.0,171.89,6240.73,2.0,North,5,181,1,20,6,41,366.78,301.98,-57.5,1,At-Risk Customer
TX-12065,CUST-1406,2026-04-21,18,Clothing,2,215.11,25.0,87.65,7754.91,5.0,South,3,311,0,17,3,20,398.28,322.67,17.54,0,Regular Customer
TX-12066,CUST-1384,2026-08-03,55,Fitness,3,378.57,10.0,245.25,5629.72,4.6,North,1,305,0,31,4,37,1073.79,1022.14,197.44,0,High Value Customer
TX-12067,CUST-1665,2026-02-25,44,Clothing,2,70.87,5.0,35.21,4123.03,5.0,West,3,16,0,14,6,26,170.49,134.65,-11.11,0,Regular Customer
TX-12068,CUST-1122,2025-10-12,43,Electronics,4,1605.53,5.0,1087.27,1411.94,5.0,North,2,58,0,24,7,51,6163.61,6101.01,1721.75,0,High Value Customer
TX-12069,CUST-1684,2026-05-01,43,Furniture,2,912.74,10.0,510.49,3756.45,2.6,North,2,266,0,33,8,78,1665.04,1642.93,556.61,1,At-Risk Customer
TX-12070,CUST-1586,2026-04-16,30,Clothing,3,131.33,25.0,69.57,2199.85,4.1,North,1,394,0,24,1,11,346.13,295.49,49.28,0,Regular Customer
TX-12071,CUST-1185,2026-02-26,30,Grocery,10,61.3,10.0,51.82,4563.59,3.2,West,4,404,0,20,5,31,601.87,551.7,-52.95,1,At-Risk Customer
TX-12072,CUST-1128,2025-10-03,35,Clothing,8,146.85,5.0,53.85,2872.38,4.0,North,2,187,0,20,4,25,1161.07,1116.06,633.17,0,Regular Customer
TX-12073,CUST-1550,2025-11-16,53,Grocery,6,61.14,0.0,47.21,4348.22,4.7,North,3,288,0,18,3,23,407.1,366.84,4.86,0,Regular Customer
TX-12074,CUST-1549,2026-05-12,30,Grocery,2,57.11,10.0,45.2,4443.2,3.9,North,3,414,0,20,8,52,128.06,102.8,-67.75,0,Loyal Customer
TX-12075,CUST-1598,2026-05-16,72,Fitness,1,490.54,5.0,246.87,7879.46,3.2,North,3,147,0,30,8,71,527.72,466.01,87.45,1,At-Risk Customer
TX-12076,CUST-1212,2026-07-17,23,Electronics,1,1978.63,0.0,1203.01,5833.22,4.9,South,3,180,0,41,3,39,2013.33,1978.63,674.62,0,High Value Customer
TX-12077,CUST-1711,2025-11-14,19,Electronics,3,1570.89,15.0,1141.21,2512.97,3.4,West,2,76,0,24,3,29,4077.83,4005.77,535.44,1,At-Risk Customer
TX-12078,CUST-1125,2025-09-03,18,Furniture,1,1127.46,20.0,780.32,5588.97,4.7,South,3,61,0,18,1,12,963.41,901.97,24.31,0,Regular Customer
TX-12079,CUST-1089,2026-05-28,22,Clothing,2,173.13,0.0,79.19,4633.26,4.8,North,3,352,0,9,3,10,368.81,346.26,104.88,0,Regular Customer
TX-12080,CUST-1127,2026-04-30,43,Clothing,3,174.79,25.0,63.74,1058.77,3.4,East,5,277,0,12,3,19,459.33,393.28,163.68,1,At-Risk Customer
TX-12081,CUST-1175,2026-03-18,37,Fitness,3,560.3,0.0,329.51,6616.74,4.5,North,1,278,0,22,6,39,1731.81,1680.9,588.62,0,High Value Customer
TX-12082,CUST-1047,2026-05-06,29,Clothing,2,112.13,0.0,43.02,6987.86,5.0,West,3,181,0,14,5,26,259.24,224.26,19.9,0,Regular Customer
TX-12083,CUST-1502,2026-08-04,35,Clothing,6,76.47,0.0,38.97,2246.87,3.2,East,6,206,0,1,4,3,492.11,458.82,164.3,1,At-Risk Customer
TX-12084,CUST-1522,2025-11-29,60,Fitness,1,529.94,5.0,260.89,2184.1,4.3,North,4,376,0,15,5,24,564.0,503.44,191.79,0,Regular Customer
TX-12085,CUST-1045,2025-12-13,44,Electronics,2,1454.92,5.0,928.99,2542.93,4.2,South,3,65,0,19,2,19,2829.15,2764.35,854.72,0,Regular Customer
TX-12086,CUST-1220,2025-10-21,18,Home & Kitchen,2,437.68,0.0,218.3,2760.91,5.0,South,3,115,0,25,3,28,932.56,875.36,383.85,0,Regular Customer
TX-12087,CUST-1284,2025-10-18,25,Fitness,1,581.14,0.0,274.45,2900.33,2.9,West,2,349,1,17,6,31,610.85,581.14,-44.0,1,At-Risk Customer
TX-12088,CUST-1261,2025-12-25,45,Grocery,4,47.46,10.0,38.22,6279.71,3.4,South,3,236,0,26,6,46,213.78,170.86,-89.72,1,At-Risk Customer
TX-12089,CUST-1085,2025-12-22,42,Fitness,2,325.14,10.0,180.0,7139.49,2.6,West,3,139,0,20,5,30,663.77,585.25,104.66,1,At-Risk Customer
TX-12090,CUST-1146,2026-05-15,30,Furniture,3,860.17,0.0,437.65,4486.66,3.7,North,4,332,0,5,2,3,2638.35,2580.51,1182.26,1,At-Risk Customer
TX-12091,CUST-1275,2026-07-04,18,Fitness,1,486.57,5.0,252.42,3797.36,4.4,South,4,209,0,4,4,7,518.49,462.24,134.86,0,Regular Customer
TX-12092,CUST-1577,2026-07-16,25,Fitness,3,245.11,0.0,115.48,1764.55,4.8,South,5,430,0,19,5,32,805.08,735.33,339.92,0,Loyal Customer
TX-12093,CUST-1157,2026-01-22,33,Grocery,2,28.94,15.0,21.9,1521.28,4.3,West,3,106,1,23,5,35,104.04,49.2,-48.5,1,At-Risk Customer
TX-12094,CUST-1618,2025-12-18,44,Electronics,1,1932.62,0.0,1220.58,1488.82,4.5,East,4,90,0,8,2,9,1959.28,1932.62,671.71,0,Regular Customer
TX-12095,CUST-1112,2026-07-30,43,Home & Kitchen,1,159.18,15.0,74.13,6102.55,4.7,West,1,119,0,26,5,39,190.95,135.3,-34.87,0,Loyal Customer
TX-12096,CUST-1655,2025-09-28,49,Clothing,6,83.69,5.0,42.84,627.99,5.0,East,2,165,0,30,4,38,510.9,477.03,201.57,0,High Value Customer
TX-12097,CUST-1149,2025-12-07,48,Clothing,2,184.92,5.0,97.31,3191.25,3.0,North,4,76,1,28,4,36,374.55,351.35,-53.0,1,At-Risk Customer
TX-12098,CUST-1227,2026-02-23,37,Electronics,3,1363.01,0.0,953.95,5105.36,5.0,North,4,201,0,19,6,35,4155.4,4089.03,1132.6,0,Loyal Customer
TX-12099,CUST-1745,2026-01-17,18,Home & Kitchen,1,297.14,0.0,162.43,1208.64,5.0,West,2,144,0,2,1,7,359.44,297.14,107.58,0,Regular Customer
TX-12100,CUST-1357,2026-08-07,35,Home & Kitchen,3,256.25,0.0,115.06,1596.23,4.1,East,5,111,0,23,3,28,789.63,768.75,377.13,0,Regular Customer
TX-12101,CUST-1622,2025-10-03,27,Electronics,1,1743.39,10.0,1147.48,848.04,3.2,South,3,371,0,5,1,7,1610.7,1569.05,395.35,1,At-Risk Customer
TX-12102,CUST-1769,2026-03-01,31,Furniture,1,765.48,20.0,407.78,2985.29,5.0,East,4,215,0,15,6,34,656.95,612.38,141.82,0,Regular Customer
TX-12103,CUST-1694,2026-05-13,25,Home & Kitchen,2,256.19,0.0,108.96,3893.5,4.5,West,4,355,0,24,4,32,572.15,512.38,218.06,0,Regular Customer
TX-12104,CUST-1130,2025-12-24,18,Electronics,1,2139.37,0.0,1592.04,6346.52,4.2,South,1,213,0,7,9,25,2182.98,2139.37,447.63,0,Regular Customer
TX-12105,CUST-1146,2026-02-23,22,Home & Kitchen,1,156.43,15.0,72.89,7680.85,3.8,East,2,93,1,15,2,17,182.01,132.97,-44.0,1,At-Risk Customer
TX-12106,CUST-1742,2026-07-07,35,Clothing,4,176.22,25.0,86.52,3011.74,4.7,South,3,294,0,18,7,43,574.89,528.66,123.9,0,High Value Customer
TX-12107,CUST-1428,2026-08-10,36,Grocery,6,37.07,15.0,26.89,7811.0,3.8,South,1,211,0,20,4,27,231.51,189.06,-93.95,0,Regular Customer
TX-12108,CUST-1362,2026-04-10,45,Home & Kitchen,1,411.72,15.0,216.73,4227.48,4.9,East,4,245,0,10,3,9,421.96,349.96,51.82,0,Regular Customer
TX-12109,CUST-1438,2026-05-07,44,Fitness,1,436.82,15.0,247.2,5678.46,4.5,South,5,247,0,9,6,22,451.12,371.3,16.42,0,Regular Customer
TX-12110,CUST-1089,2026-01-17,42,Grocery,10,74.52,25.0,60.21,6952.73,3.2,East,1,82,0,30,7,68,595.52,558.9,-151.99,1,At-Risk Customer
TX-12111,CUST-1649,2025-09-23,46,Electronics,1,351.89,25.0,269.89,3910.69,3.7,South,3,230,0,11,1,4,342.68,263.92,-78.13,1,At-Risk Customer
TX-12112,CUST-1169,2026-06-04,43,Electronics,1,825.71,5.0,558.79,538.17,3.7,North,2,74,0,1,1,6,839.45,784.42,208.56,1,At-Risk Customer
TX-12113,CUST-1567,2026-04-23,38,Electronics,2,1014.34,15.0,648.2,591.75,4.0,West,4,130,0,13,3,18,1764.91,1724.38,401.1,0,Regular Customer
TX-12114,CUST-1748,2025-10-22,32,Grocery,10,49.42,5.0,43.11,1536.56,4.2,West,1,184,0,10,6,18,498.35,469.49,10.84,0,Regular Customer
TX-12115,CUST-1693,2026-05-13,31,Fitness,1,252.78,5.0,123.8,6090.1,3.1,North,4,323,0,20,3,24,286.86,240.14,6.99,1,At-Risk Customer
TX-12116,CUST-1631,2025-11-19,22,Fitness,1,528.71,20.0,311.16,7290.93,4.0,North,3,316,0,15,10,49,463.23,422.97,-11.06,0,High Value Customer
TX-12117,CUST-1719,2026-05-14,32,Fitness,1,469.62,10.0,296.98,2977.57,5.0,East,3,121,0,14,9,39,487.4,422.66,67.51,0,High Value Customer
TX-12118,CUST-1756,2026-07-18,33,Home & Kitchen,1,86.67,30.0,48.28,6713.44,5.0,North,3,53,0,20,2,16,102.84,60.67,-101.81,0,Regular Customer
TX-12119,CUST-1172,2026-07-25,52,Home & Kitchen,1,241.23,10.0,119.39,2362.93,3.9,South,4,371,0,10,4,16,281.88,217.11,44.27,0,Regular Customer
TX-12120,CUST-1375,2025-10-21,18,Home & Kitchen,2,84.44,10.0,44.38,2278.5,3.6,East,1,323,0,7,6,21,192.62,151.99,24.55,1,At-Risk Customer
TX-12121,CUST-1432,2026-04-24,30,Grocery,6,11.48,5.0,9.28,5021.11,4.6,South,2,225,0,34,7,72,127.4,65.44,-74.56,0,Loyal Customer
TX-12122,CUST-1115,2026-02-03,46,Fitness,1,77.63,0.0,41.34,3594.49,4.7,South,1,405,0,25,4,35,113.24,77.63,-22.13,0,Regular Customer
TX-12123,CUST-1784,2025-10-13,48,Clothing,2,214.02,20.0,109.68,3254.54,4.1,East,1,44,0,13,4,16,363.22,342.43,69.75,0,Regular Customer
TX-12124,CUST-1271,2025-12-01,37,Electronics,1,1781.23,15.0,1198.21,3998.74,3.6,West,3,352,0,18,6,39,1581.56,1514.05,242.35,1,At-Risk Customer
TX-12125,CUST-1312,2026-07-09,31,Home & Kitchen,1,401.61,20.0,202.29,1200.08,3.4,North,6,318,0,15,3,14,393.64,321.29,74.0,1,At-Risk Customer
TX-12126,CUST-1632,2026-04-20,47,Electronics,3,2121.01,0.0,1418.88,4108.05,4.3,East,1,228,1,13,4,21,6389.64,6363.03,-39.5,1,At-Risk Customer
TX-12127,CUST-1471,2026-01-29,18,Clothing,3,91.32,10.0,33.69,2152.04,4.5,East,4,102,0,11,3,14,298.12,246.56,95.21,0,Regular Customer
TX-12128,CUST-1358,2025-11-17,38,Grocery,4,17.85,0.0,15.05,7772.28,4.0,East,4,73,1,34,4,40,130.86,71.4,-53.0,1,At-Risk Customer
TX-12129,CUST-1441,2026-04-22,30,Furniture,2,1142.15,0.0,696.98,7707.31,4.3,North,6,350,0,42,8,104,2316.91,2284.3,747.73,0,High Value Customer
TX-12130,CUST-1157,2026-03-12,38,Electronics,3,1488.25,0.0,1139.7,6490.08,4.3,West,5,218,1,21,1,14,4523.81,4464.75,-57.5,1,At-Risk Customer
TX-12131,CUST-1787,2026-07-16,35,Clothing,2,159.03,10.0,82.58,563.6,5.0,South,2,427,0,27,1,16,340.56,286.25,103.64,0,Regular Customer
TX-12132,CUST-1383,2026-01-14,53,Clothing,6,110.06,15.0,60.25,7119.59,3.9,West,5,163,0,1,4,3,586.55,561.31,70.51,1,At-Risk Customer
TX-12133,CUST-1549,2025-12-29,30,Electronics,1,845.32,0.0,513.02,2156.67,3.3,West,3,85,0,37,6,70,902.68,845.32,286.45,1,At-Risk Customer
TX-12134,CUST-1449,2025-11-04,48,Furniture,1,683.37,0.0,387.2,6367.93,3.0,East,3,352,0,35,3,39,736.37,683.37,187.15,1,At-Risk Customer
TX-12135,CUST-1005,2026-02-13,41,Fitness,2,479.92,10.0,285.37,583.41,4.2,South,1,403,0,13,1,8,885.26,863.86,279.86,0,Regular Customer
TX-12136,CUST-1291,2025-09-03,44,Furniture,1,440.12,5.0,240.84,3368.07,4.6,West,4,86,0,30,2,24,451.11,418.11,108.75,0,Regular Customer
TX-12137,CUST-1339,2025-08-30,35,Furniture,1,462.54,20.0,291.85,6907.58,4.8,South,1,243,0,18,4,26,391.37,370.03,-29.93,0,Regular Customer
TX-12138,CUST-1681,2025-12-28,52,Electronics,2,714.0,10.0,519.33,3231.9,4.2,West,4,160,0,34,2,23,1309.59,1285.2,180.06,0,Regular Customer
TX-12139,CUST-1507,2026-07-29,25,Fitness,3,317.23,5.0,158.87,6886.63,2.7,South,6,353,0,14,5,21,945.18,904.11,297.2,1,At-Risk Customer
TX-12140,CUST-1782,2026-03-06,20,Home & Kitchen,2,233.99,20.0,117.73,2786.38,4.0,West,1,441,0,14,3,17,412.24,374.38,92.63,0,Regular Customer
TX-12141,CUST-1110,2025-08-24,33,Furniture,1,1148.64,25.0,635.8,4838.85,4.0,South,3,335,0,9,2,7,910.79,861.48,139.6,0,Regular Customer
TX-12142,CUST-1013,2026-07-30,37,Furniture,2,563.99,10.0,332.92,6234.9,5.0,North,3,187,0,23,4,34,1059.34,1015.18,242.32,0,Regular Customer
TX-12143,CUST-1350,2026-03-21,30,Home & Kitchen,2,275.61,10.0,136.9,3486.33,4.0,North,1,301,0,21,5,37,536.26,496.1,165.5,0,High Value Customer
TX-12144,CUST-1296,2026-01-05,49,Grocery,4,55.9,0.0,46.47,5913.95,3.5,North,2,318,0,11,1,10,259.26,223.6,-59.99,1,At-Risk Customer
TX-12145,CUST-1253,2026-06-26,39,Furniture,2,931.06,10.0,540.69,1755.89,4.6,South,3,166,0,16,1,9,1742.04,1675.91,554.69,0,Regular Customer
TX-12146,CUST-1785,2025-10-11,33,Clothing,1,246.77,15.0,124.04,4242.19,4.4,South,5,260,0,1,7,8,267.92,209.75,-0.42,0,Regular Customer
TX-12147,CUST-1439,2025-11-23,18,Grocery,4,35.46,0.0,28.78,1298.97,2.2,North,3,227,0,8,4,13,168.1,141.84,-6.26,1,At-Risk Customer
TX-12148,CUST-1514,2026-06-22,47,Furniture,1,899.03,10.0,534.82,3285.18,5.0,South,2,270,0,3,3,9,861.16,809.13,216.03,0,Regular Customer
TX-12149,CUST-1605,2026-07-02,39,Fitness,1,281.89,5.0,179.01,5455.86,4.9,South,3,33,0,34,4,45,302.91,267.8,-6.55,0,Regular Customer
TX-12150,CUST-1135,2026-03-07,42,Electronics,1,1619.27,0.0,1196.64,4816.49,3.7,East,3,336,0,12,6,25,1664.28,1619.27,336.88,1,At-Risk Customer
TX-12151,CUST-1149,2026-03-20,32,Electronics,1,2103.62,10.0,1439.2,1161.49,2.8,South,4,429,1,5,1,3,1944.33,1893.26,-53.0,1,At-Risk Customer
TX-12152,CUST-1052,2026-02-24,33,Grocery,6,44.21,0.0,32.76,4136.07,3.6,East,2,310,0,40,4,47,333.62,265.26,-2.34,0,Regular Customer
TX-12153,CUST-1236,2025-12-05,19,Clothing,3,29.66,0.0,13.32,4528.92,3.7,West,6,80,0,12,4,16,149.39,88.98,-45.91,1,At-Risk Customer
TX-12154,CUST-1522,2026-03-20,29,Fitness,1,91.44,5.0,47.29,2480.77,4.7,North,4,295,0,16,3,22,107.39,86.87,-15.63,0,Regular Customer
TX-12155,CUST-1275,2026-02-16,36,Clothing,1,125.47,0.0,54.09,6483.14,4.1,East,3,290,0,34,3,36,172.49,125.47,-39.37,0,Regular Customer
TX-12156,CUST-1252,2026-01-24,31,Electronics,1,1666.77,15.0,1197.38,1343.95,4.8,South,6,446,1,24,4,31,1466.13,1416.75,-62.0,0,Regular Customer
TX-12157,CUST-1053,2026-07-18,28,Fitness,1,516.43,15.0,328.16,4836.7,2.9,East,5,389,0,25,3,27,467.15,438.97,15.75,1,At-Risk Customer
TX-12158,CUST-1483,2026-01-04,26,Home & Kitchen,3,269.44,10.0,139.48,7891.91,4.3,North,5,299,0,1,6,4,805.05,727.49,168.17,0,Regular Customer
TX-12159,CUST-1258,2026-04-22,33,Clothing,3,100.93,10.0,43.17,7765.15,3.2,East,3,100,0,3,5,5,343.66,272.51,13.02,1,At-Risk Customer
TX-12160,CUST-1099,2026-07-22,57,Electronics,1,1515.36,15.0,1008.5,2672.87,4.7,South,3,433,0,32,4,41,1321.71,1288.06,225.96,0,High Value Customer
TX-12161,CUST-1759,2026-02-15,51,Fitness,2,542.54,5.0,280.53,2021.61,3.3,East,5,103,0,2,2,2,1095.57,1030.83,416.94,1,At-Risk Customer
TX-12162,CUST-1282,2025-11-29,43,Home & Kitchen,2,437.0,5.0,252.08,7368.26,4.7,West,1,251,0,29,6,50,858.28,830.3,211.12,0,High Value Customer
TX-12163,CUST-1108,2025-10-19,28,Fitness,1,377.4,10.0,207.55,1476.94,2.6,North,1,340,1,21,3,20,364.37,339.66,-39.5,1,At-Risk Customer
TX-12164,CUST-1670,2025-11-19,40,Furniture,3,519.24,30.0,276.83,874.79,4.9,West,1,396,0,24,7,53,1157.47,1090.4,242.29,0,High Value Customer
TX-12165,CUST-1076,2026-05-20,42,Home & Kitchen,2,179.41,20.0,92.3,7038.16,4.3,East,4,385,0,19,1,11,321.6,287.06,-21.12,0,Regular Customer
TX-12166,CUST-1485,2025-11-25,38,Home & Kitchen,1,310.3,25.0,130.91,3026.96,4.7,South,4,25,1,29,10,84,295.32,232.73,-53.0,0,Loyal Customer
TX-12167,CUST-1196,2026-03-16,23,Home & Kitchen,2,258.21,0.0,117.9,2239.74,4.4,East,2,168,0,35,3,38,553.32,516.42,238.02,0,High Value Customer
TX-12168,CUST-1777,2026-05-27,21,Clothing,3,104.02,5.0,54.82,1492.96,3.8,East,5,222,0,14,3,20,330.5,296.46,87.1,1,At-Risk Customer
TX-12169,CUST-1734,2025-10-13,54,Grocery,4,9.95,15.0,8.28,6701.94,5.0,North,3,68,0,1,1,9,64.66,33.83,-113.32,0,Regular Customer
TX-12170,CUST-1536,2026-04-28,21,Electronics,2,1366.83,0.0,971.14,5501.45,3.5,South,4,322,0,16,1,11,2800.32,2733.66,690.86,1,At-Risk Customer
TX-12171,CUST-1713,2025-10-19,38,Clothing,1,209.67,10.0,96.93,3796.56,4.4,North,3,126,0,17,7,41,223.31,188.7,21.32,0,Regular Customer
TX-12172,CUST-1062,2026-08-04,36,Furniture,1,641.66,10.0,429.68,828.03,3.1,West,4,325,0,14,4,19,611.63,577.49,117.39,1,At-Risk Customer
TX-12173,CUST-1545,2026-05-03,31,Electronics,1,625.16,20.0,486.73,1721.75,3.9,South,3,260,0,3,4,5,565.3,500.13,-25.93,0,Regular Customer
TX-12174,CUST-1521,2026-02-26,36,Home & Kitchen,2,320.48,5.0,188.65,7410.38,4.3,West,5,152,0,12,5,26,671.38,608.91,97.96,0,Regular Customer
TX-12175,CUST-1278,2025-11-27,26,Furniture,1,873.24,5.0,440.42,1374.73,4.3,North,1,283,0,16,9,43,876.6,829.58,364.04,0,High Value Customer
TX-12176,CUST-1223,2026-06-13,23,Fitness,3,463.01,10.0,255.85,1011.2,5.0,North,5,227,0,12,2,9,1321.55,1250.13,444.91,0,Regular Customer
TX-12177,CUST-1525,2026-04-04,28,Home & Kitchen,1,156.37,10.0,81.82,7320.22,4.2,East,1,420,0,5,6,14,181.04,140.73,-55.39,0,Regular Customer
TX-12178,CUST-1225,2026-01-12,44,Fitness,1,286.79,5.0,146.15,5412.14,4.0,East,4,413,0,8,2,13,336.93,272.45,27.12,0,Regular Customer
TX-12179,CUST-1175,2025-12-06,20,Electronics,1,441.82,15.0,316.18,7705.53,3.7,South,3,152,0,8,3,13,454.3,375.55,-69.72,1,At-Risk Customer
TX-12180,CUST-1654,2025-10-28,29,Clothing,3,49.99,0.0,26.84,1564.9,4.5,South,1,221,0,17,5,25,198.34,149.97,41.48,0,Regular Customer
TX-12181,CUST-1052,2026-07-08,39,Furniture,1,659.78,5.0,332.93,5572.93,4.0,South,5,319,0,22,7,53,665.1,626.79,187.77,0,High Value Customer
TX-12182,CUST-1001,2026-07-12,25,Clothing,2,63.95,10.0,23.17,7370.9,4.1,East,1,171,0,23,2,20,135.99,115.11,-46.29,0,Regular Customer
TX-12183,CUST-1722,2026-05-22,18,Clothing,2,31.82,5.0,16.07,6543.49,4.0,South,3,291,0,19,4,22,114.18,60.46,-83.33,0,Regular Customer
TX-12184,CUST-1626,2026-01-11,36,Clothing,4,172.68,5.0,86.33,5589.45,4.2,North,1,258,0,40,6,72,689.2,656.18,222.52,0,High Value Customer
TX-12185,CUST-1010,2026-02-12,49,Furniture,1,581.8,15.0,357.43,6470.95,4.3,East,1,289,0,18,6,32,528.2,494.53,35.54,0,Regular Customer
TX-12186,CUST-1016,2026-05-16,44,Fitness,1,50.47,25.0,30.57,7979.91,3.5,North,2,269,0,41,6,78,112.33,37.85,-121.42,1,At-Risk Customer
TX-12187,CUST-1704,2026-02-25,31,Fitness,2,554.38,10.0,253.85,3374.41,3.7,East,5,302,0,18,6,38,1027.61,997.88,417.07,1,At-Risk Customer
TX-12188,CUST-1649,2026-06-19,34,Home & Kitchen,2,218.88,0.0,122.69,3783.87,4.7,South,5,374,0,30,4,36,460.29,437.76,113.12,0,High Value Customer
TX-12189,CUST-1225,2026-01-27,43,Clothing,8,59.95,10.0,27.56,3868.56,5.0,South,2,21,0,26,4,35,474.49,431.64,144.13,0,Regular Customer
TX-12190,CUST-1770,2026-03-04,37,Furniture,1,839.9,5.0,513.44,5706.75,5.0,West,6,231,0,26,5,46,856.84,797.9,171.86,0,High Value Customer
TX-12191,CUST-1743,2026-03-24,48,Clothing,2,141.15,0.0,73.95,7449.43,4.4,South,3,80,0,41,5,64,302.79,282.3,9.16,0,Loyal Customer
TX-12192,CUST-1095,2026-04-24,30,Furniture,2,455.99,0.0,261.77,4149.1,3.6,West,7,192,0,19,3,25,978.09,911.98,294.7,1,At-Risk Customer
TX-12193,CUST-1180,2025-11-18,24,Home & Kitchen,2,359.39,20.0,204.67,6372.11,4.8,West,4,134,0,22,4,34,628.31,575.02,52.1,0,Regular Customer
TX-12194,CUST-1184,2026-07-11,36,Clothing,3,82.78,20.0,43.16,2570.33,5.0,North,5,306,0,30,2,21,255.49,198.67,8.14,0,Regular Customer
TX-12195,CUST-1181,2026-03-03,60,Fitness,1,133.65,5.0,78.45,2998.32,4.6,South,6,393,1,14,5,21,180.74,126.97,-62.0,1,At-Risk Customer
TX-12196,CUST-1073,2026-03-20,25,Furniture,1,297.41,10.0,169.68,1819.32,3.6,West,1,184,0,10,2,8,307.68,267.67,66.2,1,At-Risk Customer
TX-12197,CUST-1412,2025-10-04,26,Fitness,1,564.92,10.0,308.77,7480.71,3.3,South,2,45,0,13,4,20,531.51,508.43,78.45,1,At-Risk Customer
TX-12198,CUST-1012,2026-06-18,36,Electronics,1,2194.49,5.0,1663.84,3409.29,3.8,West,2,319,0,34,5,49,2145.17,2084.77,360.79,0,Loyal Customer
TX-12199,CUST-1112,2025-08-20,60,Fitness,2,525.79,10.0,301.12,4483.85,4.2,North,2,235,0,8,5,19,1005.44,946.42,267.92,0,Regular Customer
TX-12200,CUST-1788,2025-09-25,25,Clothing,1,53.3,5.0,18.91,5852.0,3.6,South,3,71,0,5,5,15,115.46,50.63,-69.56,1,At-Risk Customer
TX-12201,CUST-1614,2025-08-20,18,Electronics,3,794.12,10.0,581.71,1407.12,4.1,North,1,426,0,23,1,13,2213.93,2144.12,373.39,0,Regular Customer
TX-12202,CUST-1346,2026-08-11,23,Electronics,3,1948.94,5.0,1379.16,4254.88,5.0,South,2,292,0,1,3,8,5625.54,5554.48,1344.18,0,Regular Customer
TX-12203,CUST-1777,2026-05-29,20,Grocery,6,65.05,0.0,56.6,3435.34,3.3,South,3,251,0,22,4,27,468.83,390.3,-14.33,1,At-Risk Customer
TX-12204,CUST-1490,2025-11-01,33,Furniture,2,386.32,5.0,249.57,7601.88,4.5,North,2,69,0,35,8,87,782.95,734.01,111.84,0,High Value Customer
TX-12205,CUST-1273,2026-07-01,49,Home & Kitchen,1,125.0,5.0,57.45,5087.69,2.2,North,3,115,1,22,3,23,141.08,118.75,-48.5,1,At-Risk Customer
TX-12206,CUST-1045,2025-10-05,54,Home & Kitchen,1,153.93,0.0,92.12,4131.09,5.0,East,4,140,0,17,1,9,223.4,153.93,-18.16,0,Regular Customer
TX-12207,CUST-1425,2025-10-25,36,Electronics,1,825.94,15.0,524.19,933.92,3.5,South,4,41,1,22,5,36,762.85,702.05,-53.0,1,At-Risk Customer
TX-12208,CUST-1437,2026-02-27,42,Furniture,2,1149.11,10.0,668.85,1340.07,3.7,East,1,247,0,14,2,10,2133.09,2068.4,706.1,1,At-Risk Customer
TX-12209,CUST-1231,2026-07-30,32,Grocery,6,73.07,5.0,58.33,2748.28,3.8,North,4,83,0,2,2,8,453.17,416.5,7.29,1,At-Risk Customer
TX-12210,CUST-1112,2025-12-06,30,Electronics,3,1489.95,0.0,1142.9,6839.02,5.0,East,1,390,0,12,8,35,4521.58,4469.85,934.06,0,Regular Customer
TX-12211,CUST-1630,2026-01-31,33,Electronics,2,2052.47,15.0,1474.65,1180.2,3.1,East,1,358,0,34,7,71,3510.53,3489.2,517.7,1,At-Risk Customer
TX-12212,CUST-1086,2025-09-05,39,Home & Kitchen,1,279.3,15.0,151.67,4099.03,3.6,South,2,330,0,22,3,25,293.88,237.41,15.25,1,At-Risk Customer
TX-12213,CUST-1543,2026-02-01,36,Home & Kitchen,2,237.39,10.0,138.83,2502.27,5.0,South,1,325,0,32,1,13,448.52,427.3,107.61,0,Regular Customer
TX-12214,CUST-1153,2026-07-21,48,Fitness,1,180.11,25.0,82.95,981.19,3.8,East,3,27,0,11,2,13,198.24,135.08,23.91,1,At-Risk Customer
TX-12215,CUST-1293,2026-02-08,46,Electronics,2,2147.28,15.0,1475.81,2890.06,4.1,East,4,374,0,33,5,51,3696.89,3650.38,637.41,0,High Value Customer
TX-12216,CUST-1677,2026-02-18,21,Clothing,1,141.09,0.0,57.67,2680.06,5.0,North,2,127,0,27,6,55,197.88,141.09,34.22,0,Loyal Customer
TX-12217,CUST-1152,2026-07-15,37,Furniture,1,223.85,20.0,153.58,5856.7,4.7,East,5,193,0,41,4,54,258.03,179.08,-84.85,0,Regular Customer
TX-12218,CUST-1457,2026-04-15,50,Electronics,3,1935.59,0.0,1193.73,4552.07,2.9,North,2,274,0,15,4,23,5859.37,5806.77,2148.3,1,At-Risk Customer
TX-12219,CUST-1744,2026-01-03,18,Furniture,2,933.33,0.0,572.08,5967.41,3.8,North,2,377,0,19,3,21,1938.77,1866.66,623.99,0,Regular Customer
TX-12220,CUST-1130,2025-11-15,36,Grocery,6,65.53,5.0,49.02,1785.06,5.0,East,3,219,0,10,4,19,429.77,373.52,39.13,0,Regular Customer
TX-12221,CUST-1434,2026-04-17,41,Fitness,1,541.84,15.0,252.79,3488.96,4.7,West,7,235,0,14,6,30,509.89,460.56,123.94,0,Regular Customer
TX-12222,CUST-1651,2026-01-31,41,Furniture,1,522.19,5.0,308.04,6075.4,4.4,South,4,95,0,20,4,24,536.32,496.08,78.91,0,Regular Customer
TX-12223,CUST-1562,2026-04-25,44,Home & Kitchen,3,306.52,5.0,124.88,7380.56,3.1,West,6,356,0,31,8,75,932.64,873.58,361.23,1,At-Risk Customer
TX-12224,CUST-1235,2026-02-26,57,Electronics,4,1196.18,5.0,831.76,6167.8,4.2,West,1,408,0,5,3,10,4571.54,4545.48,1121.43,0,Regular Customer
TX-12225,CUST-1795,2026-08-04,43,Fitness,1,344.92,5.0,181.85,2584.23,3.9,South,3,337,0,13,2,14,383.12,327.67,93.56,0,Regular Customer
TX-12226,CUST-1240,2026-02-15,37,Electronics,2,2045.03,5.0,1313.55,3364.08,4.2,South,1,180,0,40,9,106,3949.16,3885.56,1203.5,0,High Value Customer
TX-12227,CUST-1017,2026-02-15,19,Home & Kitchen,3,264.04,10.0,119.02,2689.48,3.9,West,4,175,0,8,7,20,740.72,712.91,297.51,0,Regular Customer
TX-12228,CUST-1112,2025-09-13,50,Clothing,3,30.1,5.0,15.77,2834.04,2.8,East,1,385,0,17,3,17,157.34,85.79,-8.54,1,At-Risk Customer
TX-12229,CUST-1797,2025-10-24,36,Clothing,3,65.37,0.0,23.49,692.88,2.7,West,3,407,0,20,2,18,270.99,196.11,101.75,1,At-Risk Customer
TX-12230,CUST-1564,2026-03-17,37,Furniture,1,669.34,0.0,445.14,5620.97,3.9,South,1,201,0,22,3,20,700.03,669.34,135.39,0,Regular Customer
TX-12231,CUST-1057,2025-10-23,29,Electronics,3,764.8,10.0,526.67,2333.48,3.8,South,3,348,0,14,3,20,2131.63,2064.96,436.45,1,At-Risk Customer
TX-12232,CUST-1026,2026-08-05,40,Grocery,2,38.56,5.0,30.96,777.09,3.1,East,3,331,1,16,5,30,117.18,73.26,-48.5,1,At-Risk Customer
TX-12233,CUST-1108,2026-07-19,41,Home & Kitchen,1,284.28,5.0,167.6,6985.42,4.7,North,1,191,0,23,1,12,291.17,270.07,-6.82,0,Regular Customer
TX-12234,CUST-1608,2025-11-02,50,Electronics,3,1377.9,10.0,944.39,6363.97,5.0,South,3,172,0,45,4,54,3790.94,3720.33,778.2,0,High Value Customer
TX-12235,CUST-1080,2025-12-17,40,Electronics,1,1433.46,0.0,1065.97,3093.01,4.2,North,3,80,0,32,4,45,1455.56,1433.46,307.59,0,High Value Customer
TX-12236,CUST-1426,2025-10-29,31,Furniture,3,535.42,0.0,315.94,1389.64,4.7,West,3,179,0,20,3,23,1648.67,1606.26,624.1,0,Regular Customer
TX-12237,CUST-1766,2026-05-11,40,Fitness,1,442.59,10.0,259.99,3175.59,4.0,East,4,352,0,16,8,41,475.0,398.33,72.71,0,High Value Customer
TX-12238,CUST-1739,2026-02-02,27,Grocery,15,22.42,20.0,15.94,4407.92,3.6,North,4,336,0,40,1,20,316.62,269.04,-54.18,1,At-Risk Customer
TX-12239,CUST-1159,2025-09-13,37,Fitness,2,422.31,10.0,265.86,7202.42,4.1,North,1,356,0,2,4,11,810.31,760.16,115.9,0,Regular Customer
TX-12240,CUST-1177,2026-04-28,55,Furniture,2,630.13,15.0,339.02,2337.36,4.3,North,4,315,0,33,6,57,1105.55,1071.22,340.12,0,High Value Customer
TX-12241,CUST-1433,2026-07-28,29,Grocery,4,74.57,15.0,55.45,2765.56,3.0,East,2,367,0,41,3,43,301.03,253.54,-18.75,1,At-Risk Customer
TX-12242,CUST-1513,2026-01-17,31,Fitness,1,372.82,25.0,212.19,7668.9,5.0,South,2,319,0,21,2,13,341.85,279.62,-56.61,0,Regular Customer
TX-12243,CUST-1160,2025-12-31,42,Electronics,4,2038.08,5.0,1313.79,7703.98,3.2,West,2,322,0,25,5,40,7822.82,7744.7,2364.98,1,At-Risk Customer
TX-12244,CUST-1128,2025-11-30,43,Grocery,4,64.66,0.0,50.96,4320.89,4.4,North,1,34,0,16,4,20,291.08,258.64,-14.51,0,Regular Customer
TX-12245,CUST-1188,2026-05-27,38,Home & Kitchen,1,159.49,5.0,65.37,1606.31,4.4,North,3,172,0,32,4,45,209.32,151.52,48.55,0,Regular Customer
TX-12246,CUST-1479,2026-04-15,37,Clothing,3,204.26,5.0,71.52,1772.95,3.0,West,3,370,0,23,6,46,637.9,582.14,327.49,1,At-Risk Customer
TX-12247,CUST-1168,2025-09-10,49,Clothing,2,97.59,25.0,34.93,6466.81,4.2,West,1,70,0,14,4,22,181.82,146.38,-24.98,0,Regular Customer
TX-12248,CUST-1111,2025-10-06,41,Electronics,1,1124.38,5.0,711.58,911.35,4.9,East,5,246,0,19,5,32,1133.81,1068.16,320.41,0,Loyal Customer
TX-12249,CUST-1343,2025-08-28,47,Furniture,2,916.31,0.0,555.22,3758.11,4.5,East,1,136,0,43,4,51,1863.21,1832.62,661.31,0,High Value Customer
TX-12250,CUST-1109,2025-09-16,41,Furniture,1,898.12,5.0,628.1,1945.23,5.0,North,2,138,0,13,3,13,889.42,853.21,186.94,0,Regular Customer
TX-12251,CUST-1316,2025-11-18,42,Home & Kitchen,1,434.8,20.0,238.6,7065.92,4.1,South,3,343,0,28,8,65,427.46,347.84,-10.25,0,High Value Customer
TX-12252,CUST-1033,2025-12-15,44,Clothing,1,127.03,10.0,61.31,2432.38,3.8,North,4,261,0,16,4,22,136.8,114.33,-1.47,1,At-Risk Customer
TX-12253,CUST-1578,2025-09-05,53,Home & Kitchen,2,239.28,15.0,132.36,2660.89,5.0,West,2,302,0,9,6,16,483.14,406.78,93.14,0,Regular Customer
TX-12254,CUST-1322,2025-09-30,25,Clothing,4,249.74,5.0,136.27,6782.1,3.2,North,2,155,0,9,1,7,1002.93,949.01,293.2,1,At-Risk Customer
TX-12255,CUST-1769,2026-01-05,50,Grocery,10,21.39,10.0,15.22,6259.28,5.0,South,2,356,0,18,1,8,225.38,192.51,-62.58,0,Regular Customer
TX-12256,CUST-1400,2026-02-12,48,Furniture,2,1012.42,0.0,696.09,3330.52,4.5,North,3,292,0,15,1,13,2074.63,2024.84,569.2,0,Regular Customer
TX-12257,CUST-1759,2026-04-28,44,Electronics,1,1253.89,15.0,905.89,2087.24,5.0,South,2,68,1,23,7,52,1086.28,1065.81,-44.0,0,High Value Customer
TX-12258,CUST-1391,2026-04-15,30,Home & Kitchen,2,308.21,5.0,138.61,1573.99,3.9,North,5,287,0,19,6,35,606.89,585.6,262.27,0,Loyal Customer
TX-12259,CUST-1155,2026-07-29,42,Grocery,6,63.43,5.0,51.48,2086.55,4.0,North,3,96,0,1,4,8,413.38,361.55,7.87,0,Regular Customer
TX-12260,CUST-1095,2025-12-10,52,Furniture,2,843.94,20.0,470.59,4222.89,4.3,South,4,422,0,49,5,72,1379.99,1350.3,327.78,0,High Value Customer
TX-12261,CUST-1164,2026-04-27,56,Home & Kitchen,2,220.0,15.0,128.69,2521.77,5.0,East,2,99,0,1,1,7,414.38,374.0,69.79,0,Regular Customer
TX-12262,CUST-1134,2026-02-03,40,Clothing,6,178.52,10.0,80.47,1282.21,5.0,East,6,52,0,10,4,14,1042.05,964.01,434.95,0,Regular Customer
TX-12263,CUST-1441,2025-09-03,41,Fitness,1,514.11,5.0,322.75,858.96,3.6,West,2,221,0,16,5,31,539.53,488.4,143.77,1,At-Risk Customer
TX-12264,CUST-1625,2026-06-20,36,Electronics,1,697.85,15.0,428.3,4562.71,3.2,South,1,123,0,3,3,3,638.5,593.17,91.93,1,At-Risk Customer
TX-12265,CUST-1509,2025-10-02,35,Electronics,1,940.57,15.0,657.49,6408.13,3.5,South,1,266,0,15,6,33,867.0,799.48,41.37,1,At-Risk Customer
TX-12266,CUST-1316,2026-05-21,44,Electronics,1,1031.12,5.0,687.95,5930.53,4.3,West,2,84,0,1,3,4,1055.18,979.56,193.66,0,Regular Customer
TX-12267,CUST-1321,2025-11-08,33,Clothing,1,126.07,10.0,50.24,6500.4,4.6,South,3,16,0,22,6,40,177.87,113.46,-47.78,0,Loyal Customer
TX-12268,CUST-1590,2026-02-16,34,Clothing,1,182.51,0.0,98.8,4042.6,3.5,North,2,229,1,6,3,14,248.09,182.51,-44.0,1,At-Risk Customer
TX-12269,CUST-1727,2026-04-06,41,Clothing,1,241.01,5.0,86.8,7096.2,4.2,West,1,408,0,28,1,11,304.54,228.96,31.22,0,Regular Customer
TX-12270,CUST-1781,2026-03-28,44,Fitness,1,261.14,5.0,133.61,7353.5,3.8,South,1,200,0,16,4,26,269.26,248.08,-0.33,0,Regular Customer
TX-12271,CUST-1582,2026-04-20,29,Electronics,4,1978.65,15.0,1236.25,5592.85,3.4,East,4,416,0,17,1,9,6758.62,6727.41,1680.52,1,At-Risk Customer
TX-12272,CUST-1410,2026-03-11,36,Home & Kitchen,3,394.6,5.0,173.28,1832.71,4.5,South,4,150,0,29,7,61,1179.97,1124.61,559.28,0,High Value Customer
TX-12273,CUST-1524,2026-06-29,27,Clothing,8,58.6,5.0,30.47,6575.65,4.1,East,4,353,0,21,5,32,491.04,445.36,84.97,0,Loyal Customer
TX-12274,CUST-1423,2026-04-30,41,Grocery,10,70.04,5.0,59.59,3695.88,3.9,East,2,91,0,16,1,11,697.74,665.38,5.04,1,At-Risk Customer
TX-12275,CUST-1698,2025-09-04,28,Home & Kitchen,3,144.24,20.0,77.99,4400.22,4.0,North,4,444,0,17,7,39,382.49,346.18,28.2,0,High Value Customer
TX-12276,CUST-1250,2026-08-07,39,Home & Kitchen,1,447.01,15.0,254.23,4522.33,3.0,North,2,44,0,24,4,34,405.44,379.96,48.89,1,At-Risk Customer
TX-12277,CUST-1107,2026-01-09,48,Grocery,4,51.05,20.0,43.79,776.94,5.0,South,3,324,0,8,5,16,240.1,163.36,-36.95,0,Regular Customer
TX-12278,CUST-1074,2025-12-06,32,Grocery,4,40.77,0.0,33.29,2834.27,5.0,West,2,364,0,29,4,40,237.13,163.08,-21.59,0,Regular Customer
TX-12279,CUST-1357,2026-04-09,45,Grocery,6,76.16,25.0,66.74,4561.31,1.8,West,1,299,1,6,2,5,398.73,342.72,-39.5,1,At-Risk Customer
TX-12280,CUST-1184,2025-10-08,44,Grocery,15,33.57,5.0,23.64,4303.63,5.0,West,1,33,0,26,7,55,557.89,478.37,54.72,0,High Value Customer
TX-12281,CUST-1336,2025-09-16,44,Clothing,1,187.96,30.0,76.69,6290.95,4.0,East,3,381,0,19,3,24,177.77,131.57,-52.98,0,Regular Customer
TX-12282,CUST-1497,2025-11-30,18,Fitness,1,363.21,20.0,235.06,2814.72,4.9,West,6,98,0,17,3,17,346.5,290.57,-13.71,0,Regular Customer
TX-12283,CUST-1465,2025-09-02,26,Home & Kitchen,1,145.0,15.0,76.09,3670.06,3.6,South,5,121,0,13,6,29,160.37,123.25,-30.39,1,At-Risk Customer
TX-12284,CUST-1149,2026-07-07,44,Furniture,1,1029.9,10.0,692.45,2227.66,3.4,East,4,69,0,23,7,49,983.75,926.91,183.05,1,At-Risk Customer
TX-12285,CUST-1615,2026-02-24,37,Electronics,3,2005.27,20.0,1408.04,2327.0,4.1,East,2,212,0,51,6,89,4864.63,4812.65,544.62,0,High Value Customer
TX-12286,CUST-1484,2025-12-01,27,Electronics,1,1443.12,5.0,1021.14,6163.52,4.4,South,6,39,0,12,4,19,1434.19,1370.96,230.37,0,Regular Customer
TX-12287,CUST-1776,2026-07-30,39,Grocery,2,48.63,5.0,36.22,5392.43,4.2,East,3,27,0,26,6,46,156.27,92.4,-74.43,0,Loyal Customer
TX-12288,CUST-1180,2025-09-25,27,Furniture,1,1184.13,10.0,771.99,5193.37,2.9,North,1,369,0,19,1,10,1091.2,1065.72,211.33,1,At-Risk Customer
TX-12289,CUST-1083,2026-01-13,41,Fitness,3,249.96,15.0,125.1,5412.69,4.2,West,1,126,0,35,1,15,676.3,637.4,176.41,0,Regular Customer
TX-12290,CUST-1537,2025-12-01,43,Fitness,2,423.32,5.0,222.12,7930.67,3.9,East,4,179,0,26,3,31,851.12,804.31,223.11,0,Regular Customer
TX-12291,CUST-1055,2025-09-30,52,Grocery,10,74.6,15.0,58.82,2980.11,3.7,East,6,33,0,30,7,65,662.21,634.1,-25.8,1,At-Risk Customer
TX-12292,CUST-1304,2025-11-06,50,Furniture,1,303.72,5.0,154.55,1925.99,2.8,East,1,449,0,43,2,33,346.16,288.53,100.59,1,At-Risk Customer
TX-12293,CUST-1493,2026-04-14,32,Home & Kitchen,2,159.85,5.0,71.82,4643.17,4.6,South,1,271,0,15,5,29,325.42,303.71,85.93,0,Regular Customer
TX-12294,CUST-1447,2026-02-11,33,Fitness,1,157.15,0.0,78.66,4665.41,3.8,West,2,157,0,17,4,21,189.1,157.15,-0.49,0,Regular Customer
TX-12295,CUST-1574,2026-06-15,45,Furniture,2,718.27,10.0,462.33,854.34,2.1,North,4,221,0,1,4,7,1337.47,1292.89,337.41,1,At-Risk Customer
TX-12296,CUST-1592,2026-06-25,28,Furniture,4,594.84,10.0,387.58,7554.59,4.2,East,1,325,0,27,1,11,2163.17,2141.42,473.29,0,Regular Customer
TX-12297,CUST-1751,2026-01-23,31,Electronics,1,1212.54,15.0,841.17,3108.62,2.6,South,1,361,0,26,5,41,1057.33,1030.66,138.36,1,At-Risk Customer
TX-12298,CUST-1151,2026-04-26,46,Clothing,3,81.69,0.0,32.58,3202.1,3.7,North,4,302,0,14,8,34,288.49,245.07,81.3,1,At-Risk Customer
TX-12299,CUST-1690,2026-03-10,38,Clothing,1,119.72,0.0,54.99,2648.06,4.6,North,4,256,0,17,6,32,179.29,119.72,7.01,0,Regular Customer
TX-12300,CUST-1128,2026-07-04,37,Grocery,2,67.02,30.0,51.85,1742.24,4.7,North,2,223,1,13,2,9,116.98,93.83,-44.0,0,Regular Customer
TX-12301,CUST-1763,2025-11-18,31,Grocery,10,6.49,0.0,5.29,3062.1,4.4,South,2,223,0,1,7,5,96.04,64.9,-42.93,0,Regular Customer
TX-12302,CUST-1221,2026-02-08,37,Furniture,2,322.72,0.0,176.42,2020.59,3.8,South,1,289,0,22,5,35,722.88,645.44,257.79,0,Loyal Customer
TX-12303,CUST-1590,2025-08-21,25,Clothing,6,37.12,10.0,15.06,4844.79,4.4,East,1,399,1,32,1,17,251.11,200.45,-39.5,1,At-Risk Customer
TX-12304,CUST-1314,2026-04-28,32,Electronics,1,315.65,5.0,203.45,2272.02,2.2,West,4,342,0,11,10,39,333.73,299.87,44.34,1,At-Risk Customer
TX-12305,CUST-1466,2026-03-13,24,Grocery,10,66.11,5.0,55.29,6220.15,3.8,East,2,331,0,21,5,35,649.75,628.04,-27.16,0,Loyal Customer
TX-12306,CUST-1555,2026-03-20,36,Home & Kitchen,2,270.91,5.0,116.29,7404.87,3.1,East,1,30,1,15,4,23,536.49,514.73,-39.5,1,At-Risk Customer
TX-12307,CUST-1180,2026-04-05,46,Grocery,10,64.65,5.0,45.59,1931.69,4.1,East,2,21,0,33,2,23,660.99,614.17,120.3,0,Regular Customer
TX-12308,CUST-1609,2025-11-05,18,Home & Kitchen,1,349.78,10.0,144.31,3954.33,3.8,West,2,413,0,9,3,16,391.53,314.8,102.18,1,At-Risk Customer
TX-12309,CUST-1675,2026-08-01,32,Fitness,1,404.4,25.0,258.39,5529.65,4.2,West,2,140,0,16,4,23,336.12,303.3,-47.03,0,Regular Customer
TX-12310,CUST-1718,2026-06-27,33,Electronics,1,786.88,0.0,602.85,4999.83,4.0,North,1,299,0,23,5,35,851.46,786.88,104.53,0,Loyal Customer
TX-12311,CUST-1106,2025-09-28,43,Fitness,2,305.33,5.0,163.71,6650.1,3.3,North,3,213,0,28,4,39,650.23,580.13,139.46,1,At-Risk Customer
TX-12312,CUST-1421,2025-10-06,35,Grocery,6,28.74,10.0,22.5,5255.9,4.3,North,3,242,0,7,4,17,202.44,155.2,-72.14,0,Regular Customer
TX-12313,CUST-1515,2026-06-07,45,Electronics,2,1170.98,5.0,790.68,4524.2,3.9,East,3,390,0,19,4,22,2296.33,2224.86,562.14,0,Regular Customer
TX-12314,CUST-1216,2025-12-06,20,Grocery,4,17.71,10.0,14.33,2878.57,3.5,West,1,370,0,10,6,25,98.06,63.76,-41.24,1,At-Risk Customer
TX-12315,CUST-1480,2025-10-16,43,Clothing,2,223.13,10.0,81.44,5572.08,3.3,West,1,286,0,30,5,44,461.67,401.63,150.67,1,At-Risk Customer
TX-12316,CUST-1660,2026-08-09,44,Fitness,1,61.1,10.0,33.24,6901.85,4.2,West,3,321,1,29,6,56,79.62,54.99,-48.5,1,At-Risk Customer
TX-12317,CUST-1383,2025-12-06,31,Home & Kitchen,2,235.77,15.0,106.79,7296.37,5.0,East,3,420,0,25,1,15,457.17,400.81,64.28,0,Regular Customer
TX-12318,CUST-1674,2025-12-27,24,Clothing,2,79.63,10.0,38.62,6660.04,3.6,West,2,302,0,44,7,96,174.65,143.33,-42.81,0,Loyal Customer
TX-12319,CUST-1004,2026-03-14,46,Electronics,2,1782.5,10.0,1379.78,597.74,4.0,North,3,88,1,3,8,11,3278.21,3208.5,-48.5,1,At-Risk Customer
TX-12320,CUST-1383,2026-05-06,56,Fitness,1,584.25,10.0,361.85,6381.74,2.7,East,3,317,0,15,5,22,597.22,525.83,54.75,1,At-Risk Customer
TX-12321,CUST-1585,2026-03-22,19,Furniture,4,946.95,30.0,541.3,2876.14,3.1,West,7,120,0,25,5,43,2676.07,2651.46,411.62,1,At-Risk Customer
TX-12322,CUST-1659,2026-03-03,28,Electronics,2,386.6,0.0,275.21,3953.58,4.3,West,5,23,0,1,6,2,824.95,773.2,140.98,0,Regular Customer
TX-12323,CUST-1651,2026-03-01,26,Fitness,3,252.23,5.0,128.05,1859.05,3.7,South,2,293,0,1,3,5,763.32,718.86,297.82,1,At-Risk Customer
TX-12324,CUST-1325,2026-05-05,33,Furniture,1,616.01,0.0,380.96,6426.78,5.0,West,4,365,0,6,5,15,636.61,616.01,120.65,0,Regular Customer
TX-12325,CUST-1727,2025-10-17,50,Home & Kitchen,1,190.6,15.0,84.6,995.77,5.0,North,1,449,0,27,9,75,189.52,162.01,57.97,0,Loyal Customer
TX-12326,CUST-1401,2026-07-01,34,Clothing,2,54.37,5.0,23.28,7432.45,4.8,South,2,404,0,13,4,16,151.92,103.3,-63.74,0,Regular Customer
TX-12327,CUST-1208,2025-09-30,18,Electronics,3,574.57,15.0,397.64,2380.72,3.7,North,4,195,0,9,3,11,1506.52,1465.15,218.52,1,At-Risk Customer
TX-12328,CUST-1643,2026-06-13,18,Furniture,1,234.74,15.0,153.72,4063.17,2.6,North,2,158,0,21,3,21,239.77,199.53,-24.14,1,At-Risk Customer
TX-12329,CUST-1556,2025-09-23,24,Home & Kitchen,1,30.94,30.0,13.99,6212.4,3.9,West,2,87,1,39,3,42,55.46,21.66,-44.0,1,At-Risk Customer
TX-12330,CUST-1751,2025-10-19,30,Grocery,10,49.07,0.0,38.41,3776.09,4.0,East,4,224,0,5,5,13,537.55,490.7,31.96,0,Regular Customer
TX-12331,CUST-1668,2025-12-05,52,Clothing,4,202.33,15.0,104.93,5507.4,3.4,South,6,180,0,8,8,22,730.01,687.92,158.59,1,At-Risk Customer
TX-12332,CUST-1251,2026-02-23,38,Clothing,6,219.95,0.0,111.23,715.45,5.0,North,1,75,0,42,9,110,1374.58,1319.7,637.09,0,High Value Customer
TX-12333,CUST-1147,2026-07-01,43,Electronics,1,1604.78,15.0,1047.79,3947.18,4.1,North,4,83,0,43,9,112,1444.06,1364.06,239.07,0,High Value Customer
TX-12334,CUST-1610,2025-10-15,45,Electronics,1,2136.34,10.0,1505.47,4982.32,4.1,South,4,227,0,19,3,24,1959.34,1922.71,324.5,0,Regular Customer
TX-12335,CUST-1184,2025-09-30,36,Electronics,1,1028.27,10.0,668.97,7218.43,4.1,West,4,67,0,26,3,29,964.77,925.44,130.2,0,Regular Customer
TX-12336,CUST-1212,2026-03-02,25,Electronics,4,1534.1,5.0,950.62,2715.5,3.5,West,1,62,0,6,2,7,5885.47,5829.58,1981.87,1,At-Risk Customer
TX-12337,CUST-1423,2025-09-20,53,Grocery,2,67.61,15.0,52.16,4653.05,4.2,North,2,267,0,1,1,1,171.69,114.94,-68.18,0,Regular Customer
TX-12338,CUST-1429,2026-02-22,47,Clothing,2,48.64,15.0,18.41,5706.39,3.7,West,5,201,0,8,3,9,145.66,82.69,-62.23,1,At-Risk Customer
TX-12339,CUST-1184,2026-01-13,47,Electronics,1,1120.56,0.0,853.41,6874.66,3.9,South,2,83,0,31,2,22,1146.83,1120.56,155.03,0,Regular Customer
TX-12340,CUST-1646,2026-06-20,30,Electronics,3,1321.12,10.0,822.51,2048.91,4.6,North,2,29,0,22,4,33,3629.54,3567.02,1059.76,0,Regular Customer
TX-12341,CUST-1355,2026-04-18,40,Home & Kitchen,3,305.07,20.0,152.03,6363.15,4.3,North,2,248,0,13,8,38,807.62,732.17,171.63,0,High Value Customer
TX-12342,CUST-1759,2025-12-22,37,Electronics,1,785.85,5.0,579.81,6876.89,3.6,South,1,167,0,32,7,68,787.35,746.56,59.09,0,Loyal Customer
TX-12343,CUST-1548,2025-08-25,24,Home & Kitchen,1,304.39,5.0,182.14,722.74,4.5,South,1,251,0,3,6,6,351.7,289.17,91.69,0,Regular Customer
TX-12344,CUST-1373,2025-10-11,26,Furniture,1,1047.27,10.0,532.22,2135.09,4.3,North,3,39,0,8,1,11,967.26,942.54,364.8,0,Regular Customer
TX-12345,CUST-1225,2025-09-25,37,Fitness,1,154.66,20.0,86.9,6066.08,5.0,South,2,379,0,15,7,38,159.37,123.73,-63.16,0,Regular Customer
TX-12346,CUST-1493,2025-11-24,38,Electronics,1,1818.69,20.0,1254.45,913.17,2.5,East,4,424,0,27,3,32,1528.4,1454.95,168.8,1,At-Risk Customer
TX-12347,CUST-1667,2026-01-11,21,Grocery,4,53.25,0.0,43.61,4642.02,3.1,West,4,102,0,24,4,36,287.96,213.0,-49.07,1,At-Risk Customer
TX-12348,CUST-1409,2025-11-20,41,Clothing,4,183.31,10.0,97.92,5440.27,5.0,South,3,155,0,5,4,11,705.14,659.92,173.13,0,Regular Customer
TX-12349,CUST-1734,2026-01-04,38,Grocery,6,29.56,10.0,21.65,4127.17,4.4,North,3,439,0,1,4,6,223.34,159.62,-45.68,0,Regular Customer
TX-12350,CUST-1784,2026-06-10,33,Clothing,2,27.52,15.0,15.06,6593.68,4.6,South,4,376,0,1,5,10,109.2,46.78,-100.24,0,Regular Customer
TX-12351,CUST-1739,2026-04-20,38,Grocery,2,35.76,5.0,31.45,2590.05,4.9,West,1,179,0,12,6,25,97.14,67.94,-38.31,0,Regular Customer
TX-12352,CUST-1765,2025-12-31,40,Clothing,2,183.17,5.0,82.67,5273.63,3.7,North,3,232,0,32,1,15,370.53,348.02,90.08,1,At-Risk Customer
TX-12353,CUST-1439,2025-11-24,41,Home & Kitchen,1,93.61,20.0,55.78,5467.09,3.6,East,4,51,0,22,7,46,117.11,74.89,-80.9,1,At-Risk Customer
TX-12354,CUST-1647,2025-09-15,35,Grocery,6,43.95,5.0,36.6,1056.69,5.0,South,2,315,0,9,3,16,314.31,250.52,6.06,0,Regular Customer
TX-12355,CUST-1523,2025-12-21,33,Home & Kitchen,1,87.15,0.0,45.07,7146.74,4.8,West,1,74,0,17,4,24,125.5,87.15,-69.62,0,Regular Customer
TX-12356,CUST-1660,2026-05-12,42,Clothing,1,221.16,5.0,111.05,544.45,4.6,West,3,221,1,13,2,16,234.0,210.1,-48.5,1,At-Risk Customer
TX-12357,CUST-1184,2026-01-26,18,Grocery,2,21.8,5.0,16.48,1088.06,3.3,South,3,207,0,27,2,17,62.95,41.42,-21.36,1,At-Risk Customer
TX-12358,CUST-1074,2025-12-02,31,Fitness,1,375.09,5.0,239.5,1841.02,4.4,East,3,257,0,16,4,19,398.14,356.34,75.72,0,Regular Customer
TX-12359,CUST-1798,2026-01-21,18,Electronics,1,1484.44,0.0,1118.36,2031.35,5.0,North,4,130,0,1,3,3,1505.29,1484.44,317.61,0,Regular Customer
TX-12360,CUST-1011,2026-01-29,22,Furniture,1,643.91,15.0,392.44,7480.3,5.0,West,3,138,0,27,1,13,595.18,547.32,29.18,0,Regular Customer
TX-12361,CUST-1329,2025-12-11,46,Home & Kitchen,1,31.29,0.0,13.86,7593.33,4.4,North,4,18,0,24,2,16,79.62,31.29,-114.47,0,Regular Customer
TX-12362,CUST-1616,2025-11-30,18,Home & Kitchen,1,302.32,10.0,174.61,2989.62,4.1,South,3,293,0,37,8,85,294.39,272.09,39.13,0,Loyal Customer
TX-12363,CUST-1284,2026-06-21,37,Fitness,2,504.24,10.0,271.26,3310.81,4.3,North,3,193,0,23,2,15,938.54,907.63,301.95,0,Regular Customer
TX-12364,CUST-1661,2026-03-17,37,Fitness,1,231.16,25.0,140.22,5625.96,4.2,West,5,284,0,24,1,14,246.9,173.37,-73.74,0,Regular Customer
TX-12365,CUST-1327,2025-11-23,33,Furniture,2,661.7,5.0,387.06,3971.91,4.5,North,4,431,0,10,5,17,1303.9,1257.23,405.53,0,Regular Customer
TX-12366,CUST-1510,2025-09-06,38,Clothing,2,44.13,5.0,21.01,4891.28,3.9,West,1,248,0,36,2,25,152.01,83.85,-36.04,0,Regular Customer
TX-12367,CUST-1463,2025-11-09,47,Home & Kitchen,3,321.88,5.0,138.02,5423.68,5.0,East,5,411,0,35,3,35,962.21,917.36,399.44,0,Regular Customer
TX-12368,CUST-1242,2026-06-05,30,Electronics,2,1190.41,20.0,818.95,1801.54,4.8,East,1,354,1,22,2,20,1940.46,1904.66,-39.5,0,Regular Customer
TX-12369,CUST-1589,2025-08-16,44,Grocery,2,24.1,0.0,17.7,2503.89,4.5,East,4,156,0,25,1,12,107.52,48.2,-42.76,0,Regular Customer
TX-12370,CUST-1412,2025-09-01,33,Home & Kitchen,1,281.61,15.0,136.6,6652.63,5.0,North,3,25,0,14,8,40,266.6,239.37,-10.52,0,Regular Customer
TX-12371,CUST-1016,2025-09-18,55,Grocery,6,70.61,10.0,53.26,4270.99,4.5,North,3,37,0,28,6,56,437.19,381.29,-15.83,0,High Value Customer
TX-12372,CUST-1425,2026-01-15,25,Clothing,6,54.39,0.0,21.02,5928.03,3.7,East,1,66,0,1,2,4,385.76,326.34,106.8,1,At-Risk Customer
TX-12373,CUST-1409,2025-09-23,28,Home & Kitchen,2,403.41,10.0,171.84,5432.77,4.6,East,4,16,0,15,4,21,760.27,726.14,282.97,0,Regular Customer
TX-12374,CUST-1048,2026-03-03,31,Clothing,4,100.54,5.0,44.76,2829.34,4.2,West,3,437,0,56,2,37,430.74,382.05,147.07,0,High Value Customer
TX-12375,CUST-1656,2025-10-15,53,Clothing,1,147.96,0.0,63.02,3645.66,4.8,North,5,256,1,12,5,21,221.89,147.96,-57.5,0,Regular Customer
TX-12376,CUST-1048,2025-08-19,27,Furniture,1,271.89,20.0,185.51,6021.63,4.4,North,5,204,0,14,6,28,256.84,217.51,-80.82,0,Regular Customer
TX-12377,CUST-1704,2026-03-25,43,Furniture,2,181.43,0.0,111.85,1301.51,5.0,South,4,427,0,5,3,9,410.46,362.86,101.64,0,Regular Customer
TX-12378,CUST-1741,2026-02-18,18,Home & Kitchen,1,100.0,5.0,56.07,1155.51,4.5,North,2,86,0,36,10,107,162.12,95.0,12.6,0,Loyal Customer
TX-12379,CUST-1053,2025-12-24,44,Electronics,1,1056.0,0.0,737.15,5331.45,4.5,North,1,367,1,23,3,21,1121.6,1056.0,-39.5,0,Regular Customer
TX-12380,CUST-1311,2025-09-21,45,Clothing,1,52.76,15.0,29.0,4559.98,3.2,East,5,319,0,13,6,28,105.74,44.85,-75.05,1,At-Risk Customer
TX-12381,CUST-1388,2025-12-30,34,Fitness,1,68.23,30.0,44.25,3392.56,2.9,South,4,448,0,17,3,16,71.45,47.76,-65.38,1,At-Risk Customer
TX-12382,CUST-1597,2026-04-06,45,Electronics,2,1105.19,10.0,710.58,5947.57,5.0,South,3,303,0,27,5,44,2067.81,1989.34,465.47,0,High Value Customer
TX-12383,CUST-1151,2026-06-09,37,Grocery,6,67.66,0.0,52.23,1825.74,3.7,West,2,124,0,43,8,99,482.89,405.96,56.19,0,Loyal Customer
TX-12384,CUST-1534,2026-05-11,29,Furniture,1,367.33,0.0,196.89,4629.77,5.0,West,1,120,0,33,4,45,433.55,367.33,96.49,0,High Value Customer
TX-12385,CUST-1287,2026-01-25,42,Fitness,1,70.67,15.0,35.92,4428.45,4.1,West,2,81,0,11,7,25,120.61,60.07,-51.28,0,Regular Customer
TX-12386,CUST-1270,2026-01-12,18,Fitness,1,381.16,25.0,218.19,5398.41,4.8,North,4,233,0,37,8,93,327.47,285.87,-31.3,0,Loyal Customer
TX-12387,CUST-1248,2026-07-17,55,Fitness,1,588.78,10.0,382.01,5949.63,3.5,South,4,444,0,14,5,29,603.82,529.9,40.65,1,At-Risk Customer
TX-12388,CUST-1076,2026-04-24,45,Electronics,1,1809.64,10.0,1127.49,6421.09,3.6,South,5,78,1,22,3,26,1681.21,1628.68,-57.5,1,At-Risk Customer
TX-12389,CUST-1221,2026-04-10,55,Grocery,4,12.87,10.0,10.56,4723.56,5.0,South,2,141,0,33,8,76,122.26,46.33,-75.76,0,Loyal Customer
TX-12390,CUST-1348,2025-11-28,30,Home & Kitchen,2,160.53,0.0,77.22,2395.14,5.0,East,3,202,0,7,6,18,349.17,321.06,117.19,0,Regular Customer
TX-12391,CUST-1319,2026-08-11,46,Grocery,2,60.79,10.0,53.33,6447.85,4.0,South,1,343,0,13,3,19,146.13,109.42,-98.46,0,Regular Customer
TX-12392,CUST-1108,2025-10-19,29,Furniture,3,691.6,15.0,403.65,2823.98,2.8,East,1,379,0,25,6,45,1823.62,1763.58,505.77,1,At-Risk Customer
TX-12393,CUST-1463,2026-06-27,23,Home & Kitchen,3,320.17,0.0,137.09,7842.1,2.7,South,4,370,0,11,5,20,985.91,960.51,413.61,1,At-Risk Customer
TX-12394,CUST-1192,2025-09-18,41,Clothing,2,217.43,10.0,96.97,4501.65,4.3,West,5,280,0,22,6,45,418.25,391.37,107.41,0,High Value Customer
TX-12395,CUST-1314,2026-06-05,40,Fitness,1,125.44,10.0,56.98,2623.61,4.6,North,1,238,0,30,5,47,191.53,112.9,12.06,0,Loyal Customer
TX-12396,CUST-1109,2025-10-09,40,Furniture,1,294.84,5.0,156.86,1857.69,4.0,North,2,263,0,16,3,16,302.46,280.1,86.37,0,Regular Customer
TX-12397,CUST-1191,2025-12-28,50,Electronics,1,1359.29,5.0,830.33,6285.49,2.9,West,3,403,0,17,3,22,1340.4,1291.33,353.21,1,At-Risk Customer
TX-12398,CUST-1463,2026-02-10,39,Clothing,2,180.82,15.0,91.03,879.67,4.8,North,4,62,0,35,3,37,351.05,307.39,94.14,0,High Value Customer
TX-12399,CUST-1086,2026-02-11,31,Grocery,15,65.85,0.0,56.86,7097.33,5.0,South,2,412,0,3,1,1,1032.06,987.75,19.39,0,Regular Customer
TX-12400,CUST-1514,2026-03-22,44,Home & Kitchen,1,446.41,5.0,246.9,4276.28,4.8,East,2,161,0,13,2,14,474.46,424.09,104.05,0,Regular Customer
TX-12401,CUST-1279,2026-02-19,25,Electronics,2,1677.53,10.0,1273.39,6983.07,2.7,North,3,164,0,17,6,37,3046.07,3019.55,354.53,1,At-Risk Customer
TX-12402,CUST-1749,2026-03-18,56,Furniture,3,935.34,10.0,505.8,1193.39,4.5,East,5,260,0,1,3,6,2576.15,2525.42,967.62,0,Regular Customer
TX-12403,CUST-1180,2026-06-14,32,Clothing,6,90.91,0.0,48.8,6669.65,2.8,West,6,125,0,16,5,30,608.42,545.46,125.62,1,At-Risk Customer
TX-12404,CUST-1111,2026-07-28,37,Electronics,2,1215.85,0.0,875.67,6137.87,4.6,South,3,124,0,26,6,45,2469.33,2431.7,574.79,0,High Value Customer
TX-12405,CUST-1224,2025-10-11,24,Electronics,1,1496.65,10.0,971.46,5932.15,3.5,North,3,97,0,1,3,3,1393.49,1346.99,273.04,1,At-Risk Customer
TX-12406,CUST-1244,2025-09-16,31,Home & Kitchen,5,367.98,10.0,217.54,4087.56,3.4,North,6,123,0,21,6,41,1693.58,1655.91,479.9,1,At-Risk Customer
TX-12407,CUST-1635,2026-08-07,64,Fitness,1,524.7,25.0,318.11,7012.65,5.0,West,3,58,0,20,6,35,454.17,393.53,-43.27,0,Loyal Customer
TX-12408,CUST-1103,2025-12-04,43,Fitness,1,377.11,15.0,217.56,1515.57,4.2,East,5,275,0,38,6,66,393.9,320.54,57.75,0,High Value Customer
TX-12409,CUST-1175,2025-11-26,45,Clothing,1,118.84,10.0,44.83,3027.92,3.4,East,1,93,0,25,4,36,174.89,106.96,12.21,1,At-Risk Customer
TX-12410,CUST-1294,2025-08-15,26,Electronics,3,2103.41,0.0,1637.99,4120.45,4.5,South,5,199,0,15,3,21,6375.25,6310.23,1311.95,0,Regular Customer
TX-12411,CUST-1717,2026-06-28,35,Grocery,4,51.64,5.0,40.8,6997.4,4.1,East,6,433,0,18,4,27,252.77,196.23,-98.93,0,Regular Customer
TX-12412,CUST-1704,2025-12-14,34,Furniture,1,808.19,0.0,510.76,655.05,5.0,East,3,59,0,27,4,32,877.85,808.19,274.1,0,Regular Customer
TX-12413,CUST-1170,2025-11-17,28,Clothing,3,167.81,15.0,59.06,6612.11,4.4,West,1,326,0,25,7,54,503.29,427.92,147.05,0,High Value Customer
TX-12414,CUST-1013,2026-07-21,20,Grocery,4,5.81,30.0,5.1,5901.05,5.0,West,1,446,0,39,5,61,77.7,16.27,-97.15,0,Loyal Customer
TX-12415,CUST-1181,2025-12-27,39,Electronics,1,581.49,0.0,350.39,1265.72,3.5,South,3,423,0,2,8,10,613.57,581.49,198.61,1,At-Risk Customer
TX-12416,CUST-1009,2026-06-14,34,Clothing,2,101.16,10.0,42.16,4035.74,4.0,West,2,83,0,16,6,32,226.8,182.09,28.23,0,Regular Customer
TX-12417,CUST-1500,2025-12-18,38,Grocery,10,16.53,10.0,13.02,7139.48,4.7,North,3,317,1,10,4,18,199.63,148.77,-48.5,0,Regular Customer
TX-12418,CUST-1017,2026-05-31,45,Fitness,3,325.91,15.0,150.52,4886.04,3.6,East,4,425,0,19,4,28,868.66,831.07,288.22,1,At-Risk Customer
TX-12419,CUST-1537,2026-04-28,29,Furniture,1,966.47,5.0,584.4,4349.0,4.4,South,2,312,0,1,2,6,987.05,918.15,259.51,0,Regular Customer
TX-12420,CUST-1102,2026-01-16,55,Fitness,3,419.54,0.0,236.3,3662.97,3.9,East,3,24,0,17,7,38,1298.8,1258.62,481.28,0,Regular Customer
TX-12421,CUST-1752,2026-02-09,33,Home & Kitchen,2,107.55,5.0,59.93,7143.81,3.7,East,3,84,0,4,6,7,230.71,204.34,-36.17,1,At-Risk Customer
TX-12422,CUST-1259,2026-02-16,36,Grocery,10,18.11,5.0,15.58,6732.4,3.2,North,1,270,0,21,2,18,192.37,172.04,-89.24,1,At-Risk Customer
TX-12423,CUST-1308,2026-08-12,23,Clothing,1,166.8,5.0,65.02,6692.15,3.1,West,1,190,1,1,7,8,214.89,158.46,-39.5,1,At-Risk Customer
TX-12424,CUST-1702,2026-05-06,50,Fitness,3,259.08,15.0,167.33,7657.93,3.3,North,4,108,0,10,5,22,721.13,660.65,25.8,1,At-Risk Customer
TX-12425,CUST-1420,2025-12-04,31,Fitness,3,120.05,15.0,76.14,6870.65,2.6,South,3,429,0,11,2,7,334.07,306.13,-38.85,1,At-Risk Customer
TX-12426,CUST-1031,2025-12-17,27,Home & Kitchen,1,124.68,5.0,69.27,6085.9,5.0,West,5,329,0,45,2,31,189.0,118.45,-64.61,0,Regular Customer
TX-12427,CUST-1762,2025-09-28,26,Furniture,3,1000.02,10.0,529.28,5989.0,4.3,West,3,184,0,25,2,16,2730.11,2700.05,1008.88,0,Regular Customer
TX-12428,CUST-1280,2026-06-30,46,Fitness,3,542.76,20.0,257.41,840.07,4.4,West,3,173,0,24,4,28,1329.07,1302.62,504.29,0,Regular Customer
TX-12429,CUST-1539,2025-11-11,38,Clothing,1,206.17,10.0,94.06,2969.05,4.5,East,4,307,0,29,4,40,215.61,185.55,28.96,0,Regular Customer
TX-12430,CUST-1400,2026-06-11,22,Grocery,10,17.52,10.0,14.26,1260.89,4.0,East,4,430,0,1,3,1,183.2,157.68,-21.83,0,Regular Customer
TX-12431,CUST-1042,2026-06-06,25,Home & Kitchen,1,254.55,10.0,150.71,2682.86,2.7,East,2,88,0,30,3,26,302.1,229.1,29.14,1,At-Risk Customer
TX-12432,CUST-1125,2026-03-23,35,Grocery,2,56.59,10.0,42.07,7276.44,3.9,East,3,94,0,32,7,65,147.41,101.86,-104.92,0,Loyal Customer
TX-12433,CUST-1008,2026-04-26,40,Fitness,1,534.9,0.0,338.91,3221.61,3.1,South,3,259,0,30,1,9,564.57,534.9,134.17,1,At-Risk Customer
TX-12434,CUST-1153,2026-05-08,47,Clothing,6,222.4,25.0,106.11,5887.25,2.8,South,4,35,0,6,3,12,1046.99,1000.8,257.83,1,At-Risk Customer
TX-12435,CUST-1295,2025-09-16,48,Clothing,1,41.64,10.0,21.32,5463.55,3.9,North,3,367,0,27,5,46,80.59,37.48,-79.3,0,Loyal Customer
TX-12436,CUST-1222,2026-01-05,31,Home & Kitchen,3,191.55,0.0,106.29,6674.77,2.7,North,3,57,1,25,1,14,626.19,574.65,-48.5,1,At-Risk Customer
TX-12437,CUST-1313,2025-08-16,36,Grocery,15,33.31,5.0,24.96,1596.06,4.2,East,4,270,0,4,7,17,521.21,474.67,58.33,0,Regular Customer
TX-12438,CUST-1000,2025-09-08,49,Clothing,3,181.31,0.0,95.1,4303.08,3.7,South,4,399,0,25,5,37,601.59,543.93,176.08,1,At-Risk Customer
TX-12439,CUST-1290,2026-04-28,40,Fitness,1,57.01,25.0,33.81,4116.81,4.4,South,4,50,0,35,6,67,102.56,42.76,-70.8,0,Loyal Customer
TX-12440,CUST-1730,2025-12-30,47,Furniture,1,644.65,5.0,358.07,2189.61,4.7,South,5,208,0,13,7,29,656.94,612.42,199.0,0,Regular Customer
TX-12441,CUST-1082,2026-01-09,27,Furniture,1,954.24,0.0,654.5,6672.01,3.4,North,1,203,0,10,5,18,1025.51,954.24,195.16,1,At-Risk Customer
TX-12442,CUST-1363,2025-12-19,42,Fitness,3,238.09,0.0,116.46,7938.76,3.7,West,3,425,0,32,5,48,773.57,714.27,232.31,0,Loyal Customer
TX-12443,CUST-1100,2025-12-25,22,Clothing,2,132.36,15.0,53.19,6948.21,3.1,East,5,69,0,41,4,51,288.21,225.01,-8.09,1,At-Risk Customer
TX-12444,CUST-1446,2026-07-27,39,Clothing,1,209.87,0.0,81.21,3894.28,5.0,South,5,260,0,20,6,40,264.37,209.87,47.75,0,Loyal Customer
TX-12445,CUST-1204,2025-12-20,38,Furniture,1,1130.64,0.0,601.99,7347.83,4.0,West,3,149,0,6,2,8,1197.17,1130.64,404.93,0,Regular Customer
TX-12446,CUST-1308,2026-01-17,37,Electronics,3,1688.53,10.0,1280.31,5763.67,5.0,East,2,438,0,6,2,12,4634.43,4559.03,622.65,0,Regular Customer
TX-12447,CUST-1643,2026-04-07,37,Home & Kitchen,3,218.78,5.0,92.0,2347.43,4.9,South,2,382,0,37,1,17,648.08,623.52,303.31,0,Regular Customer
TX-12448,CUST-1447,2025-10-02,40,Furniture,3,737.52,20.0,502.26,3994.69,3.2,West,4,342,0,3,3,7,1834.54,1770.05,185.35,1,At-Risk Customer
TX-12449,CUST-1515,2026-07-30,33,Fitness,2,110.8,5.0,50.01,1621.03,3.9,East,3,144,0,1,7,3,276.8,210.52,72.68,0,Regular Customer
TX-12450,CUST-1437,2026-04-09,48,Grocery,6,41.0,0.0,34.65,3857.92,3.6,West,1,172,0,34,3,34,316.24,246.0,-24.27,0,Regular Customer
TX-12451,CUST-1572,2025-08-27,28,Grocery,10,26.72,25.0,21.46,2516.97,4.9,North,5,390,0,28,6,52,272.26,200.4,-74.45,0,Loyal Customer
TX-12452,CUST-1629,2026-01-15,22,Furniture,3,1115.79,20.0,744.28,3453.59,5.0,East,3,360,0,33,4,45,2718.73,2677.9,379.75,0,High Value Customer
TX-12453,CUST-1556,2026-05-30,28,Clothing,1,54.82,5.0,29.87,1007.16,3.8,North,4,259,0,38,4,52,74.28,52.08,-10.9,0,Regular Customer
TX-12454,CUST-1402,2025-10-17,27,Grocery,2,49.94,15.0,42.84,3764.64,5.0,North,3,413,0,8,3,11,153.92,84.9,-70.75,0,Regular Customer
TX-12455,CUST-1781,2026-05-06,48,Grocery,4,63.88,10.0,46.52,7810.96,4.1,North,1,100,0,12,1,5,291.81,229.97,-77.78,0,Regular Customer
TX-12456,CUST-1276,2026-07-12,58,Electronics,1,527.75,10.0,389.22,2812.24,3.6,East,4,296,0,27,1,10,534.35,474.98,25.57,1,At-Risk Customer
TX-12457,CUST-1297,2026-05-30,24,Grocery,6,18.9,15.0,16.04,3767.9,4.9,East,1,222,0,13,2,10,144.06,96.39,-60.87,0,Regular Customer
TX-12458,CUST-1124,2026-06-09,69,Fitness,1,488.98,15.0,306.71,4093.31,3.4,North,2,339,0,17,5,32,462.76,415.63,38.52,1,At-Risk Customer
TX-12459,CUST-1528,2025-10-26,28,Home & Kitchen,2,294.8,15.0,151.78,5151.77,3.8,West,3,399,0,17,5,29,540.54,501.16,106.82,0,Regular Customer
TX-12460,CUST-1691,2026-07-07,40,Furniture,3,1100.86,20.0,616.29,2746.23,3.4,East,1,294,0,19,3,18,2716.14,2642.06,747.5,1,At-Risk Customer
TX-12461,CUST-1736,2025-08-17,39,Grocery,4,43.71,25.0,36.82,5637.62,4.1,South,3,88,0,21,5,34,157.7,131.13,-114.21,0,Loyal Customer
TX-12462,CUST-1000,2025-10-31,33,Home & Kitchen,1,43.66,0.0,22.32,1706.31,4.8,North,2,258,0,18,1,13,121.99,43.66,-13.25,0,Regular Customer
TX-12463,CUST-1253,2025-11-26,34,Electronics,2,1384.6,10.0,911.04,6816.72,3.1,West,3,427,1,22,3,19,2519.38,2492.28,-48.5,1,At-Risk Customer
TX-12464,CUST-1517,2026-03-29,42,Grocery,6,48.82,5.0,38.98,6210.85,3.8,North,2,116,0,19,6,36,316.32,278.27,-57.77,0,Loyal Customer
TX-12465,CUST-1307,2026-03-09,62,Grocery,6,5.16,0.0,4.23,6408.15,4.5,South,2,228,0,30,2,21,79.54,30.96,-99.54,0,Regular Customer
TX-12466,CUST-1559,2025-12-25,34,Home & Kitchen,5,372.37,30.0,184.68,6505.3,4.0,West,2,110,0,10,7,29,1373.33,1303.29,273.32,0,Regular Customer
TX-12467,CUST-1631,2025-10-16,34,Grocery,2,79.6,10.0,69.3,2867.38,3.4,South,4,235,0,30,2,20,217.61,143.28,-56.33,1,At-Risk Customer
TX-12468,CUST-1189,2025-10-25,41,Fitness,2,205.96,0.0,96.92,3657.26,3.2,South,6,279,1,38,2,30,470.35,411.92,-62.0,1,At-Risk Customer
TX-12469,CUST-1759,2026-08-07,27,Home & Kitchen,1,345.12,10.0,193.32,6970.47,5.0,South,2,123,0,17,4,28,390.12,310.61,3.73,0,Regular Customer
TX-12470,CUST-1296,2026-01-09,33,Fitness,3,471.19,20.0,300.32,6398.38,4.4,North,2,192,0,17,4,22,1175.53,1130.86,124.92,0,Regular Customer
TX-12471,CUST-1504,2026-02-18,32,Fitness,3,416.9,0.0,256.8,1669.61,3.7,East,2,310,0,26,8,62,1288.14,1250.7,446.26,0,Loyal Customer
TX-12472,CUST-1714,2025-10-07,30,Grocery,4,17.82,15.0,15.44,5949.06,4.2,West,5,95,0,12,3,18,102.3,60.59,-112.91,0,Regular Customer
TX-12473,CUST-1151,2025-08-28,36,Clothing,1,57.58,10.0,22.58,1213.69,3.9,West,3,68,0,1,6,7,129.11,51.82,-2.46,0,Regular Customer
TX-12474,CUST-1398,2025-08-19,31,Home & Kitchen,1,430.69,5.0,236.89,7909.14,3.1,East,6,417,1,10,2,10,429.24,409.16,-62.0,1,At-Risk Customer
TX-12475,CUST-1666,2026-07-16,18,Home & Kitchen,1,414.5,5.0,225.51,7486.85,5.0,West,4,228,0,38,7,79,446.8,393.77,37.96,0,High Value Customer
TX-12476,CUST-1363,2025-10-24,20,Grocery,4,78.91,5.0,61.32,1371.15,3.6,West,1,405,0,7,5,16,324.31,299.86,29.51,1,At-Risk Customer
TX-12477,CUST-1162,2026-02-13,18,Home & Kitchen,1,446.98,0.0,235.2,805.4,4.5,South,3,44,0,12,8,31,504.39,446.98,186.2,0,Regular Customer
TX-12478,CUST-1723,2026-05-09,35,Grocery,4,79.46,15.0,59.51,7776.15,4.5,North,2,279,0,18,3,17,315.86,270.16,-93.52,0,Regular Customer
TX-12479,CUST-1155,2026-02-10,35,Fitness,1,566.45,20.0,273.64,5198.23,3.1,East,5,246,0,13,5,27,482.45,453.16,79.05,1,At-Risk Customer
TX-12480,CUST-1143,2026-01-03,39,Fitness,1,258.39,5.0,154.79,2950.47,2.9,East,2,313,0,38,8,87,284.4,245.47,37.42,1,At-Risk Customer
TX-12481,CUST-1069,2026-07-10,43,Grocery,6,75.49,10.0,58.75,5632.96,5.0,West,2,252,0,9,6,18,470.86,407.65,-38.35,0,Regular Customer
TX-12482,CUST-1620,2026-07-17,36,Furniture,2,752.15,5.0,490.59,997.79,3.8,East,3,438,0,43,5,66,1504.28,1429.08,419.44,0,Loyal Customer
TX-12483,CUST-1331,2026-06-11,18,Home & Kitchen,2,50.23,10.0,26.11,7156.98,4.0,East,4,290,0,24,7,49,121.36,90.41,-87.16,0,Loyal Customer
TX-12484,CUST-1413,2025-09-17,29,Electronics,1,281.38,0.0,205.1,3275.06,3.6,North,3,435,0,30,1,11,321.11,281.38,13.65,1,At-Risk Customer
TX-12485,CUST-1162,2025-12-10,38,Electronics,1,981.16,5.0,664.87,2561.26,4.3,North,2,48,0,15,2,11,969.87,932.1,219.81,0,Regular Customer
TX-12486,CUST-1695,2026-04-14,21,Clothing,1,237.08,5.0,102.9,1883.24,3.5,South,2,277,0,8,5,14,269.06,225.23,85.08,1,At-Risk Customer
TX-12487,CUST-1750,2025-12-13,29,Electronics,3,1526.24,0.0,1119.76,500.7,4.2,South,4,62,0,25,2,23,4648.51,4578.72,1193.93,0,Regular Customer
TX-12488,CUST-1393,2026-03-17,18,Electronics,3,1689.83,5.0,1021.86,3810.08,3.3,North,5,97,0,36,5,57,4888.79,4816.02,1670.78,1,At-Risk Customer
TX-12489,CUST-1117,2025-09-02,25,Fitness,1,359.56,5.0,198.5,4056.54,4.4,North,5,270,0,26,4,36,376.28,341.58,59.73,0,High Value Customer
TX-12490,CUST-1383,2026-06-20,41,Fitness,3,353.35,30.0,220.44,5624.61,4.9,North,4,256,0,15,4,21,818.42,742.04,-21.65,0,Regular Customer
TX-12491,CUST-1328,2025-10-08,40,Fitness,2,195.79,5.0,113.73,2414.97,5.0,West,5,240,0,5,2,9,449.96,372.0,85.82,0,Regular Customer
TX-12492,CUST-1652,2026-06-03,25,Home & Kitchen,1,53.12,15.0,24.85,6032.29,4.0,South,3,88,0,31,6,56,102.38,45.15,-83.68,0,Loyal Customer
TX-12493,CUST-1502,2026-03-26,48,Fitness,1,168.94,0.0,96.18,3599.3,3.4,East,2,62,0,15,5,25,217.69,168.94,9.77,1,At-Risk Customer
TX-12494,CUST-1759,2025-11-04,37,Grocery,6,15.3,0.0,11.78,7134.87,4.9,South,2,356,0,18,5,27,143.16,91.8,-94.9,0,Regular Customer
TX-12495,CUST-1024,2026-07-02,18,Fitness,1,220.18,10.0,136.6,3456.85,5.0,North,1,401,0,27,3,30,224.3,198.16,5.21,0,Regular Customer
TX-12496,CUST-1143,2025-08-16,18,Clothing,2,196.38,10.0,89.47,1448.14,5.0,West,3,130,0,44,3,44,414.83,353.48,139.32,0,High Value Customer
TX-12497,CUST-1073,2026-02-04,33,Furniture,3,245.06,10.0,161.85,4846.78,4.5,West,2,369,0,21,3,24,684.35,661.66,94.41,0,Regular Customer
TX-12498,CUST-1212,2026-06-02,24,Grocery,4,7.77,5.0,5.81,1550.61,3.8,East,4,344,0,19,7,42,50.51,29.53,-34.97,0,Loyal Customer
TX-12499,CUST-1572,2025-10-23,51,Electronics,2,1325.94,5.0,846.26,7810.15,5.0,West,4,197,0,27,1,14,2568.84,2519.29,691.61,0,Regular Customer
TX-12500,CUST-1385,2025-09-19,36,Home & Kitchen,1,180.3,5.0,92.37,6265.0,3.8,North,5,392,0,20,6,38,199.09,171.28,-37.56,1,At-Risk Customer
